2025-06-02 10:39:27.274055: E external/local_xla/xla/stream_executor/cuda/cuda_fft.cc:477] Unable to register cuFFT factory: Attempting to register factory for plugin cuFFT when one has already been registered
WARNING: All log messages before absl::InitializeLog() is called are written to STDERR
E0000 00:00:1748860767.298488     972 cuda_dnn.cc:8310] Unable to register cuDNN factory: Attempting to register factory for plugin cuDNN when one has already been registered
E0000 00:00:1748860767.305494     972 cuda_blas.cc:1418] Unable to register cuBLAS factory: Attempting to register factory for plugin cuBLAS when one has already been registered
using concept features
/usr/local/lib/python3.11/dist-packages/pytorch_lightning/callbacks/model_checkpoint.py:654: Checkpoint directory /kaggle/working/ckpts_final_comma_angle_none_True_1.0 exists and is not empty.
Sanity Checking DataLoader 0:   0%|                       | 0/2 [00:00<?, ?it/s]img shape torch.Size([1, 240, 3, 224, 224])
img shape torch.Size([1, 240, 3, 224, 224])
shape of clip output torch.Size([240, 100]) torch.Size([100, 240])
logits_per_image shape of clip output torch.Size([240, 100]) torch.Size([100, 240])
logits_per_image tensor([21.6875, 24.1875, 29.8281, 27.9375, 25.8125, 26.7812, 26.5000, 24.1406,
        27.4219, 25.3906, 27.2656, 24.3125, 24.9062, 26.5781, 28.3125, 22.2812,
        20.9531, 31.4844, 30.1875, 26.2812, 30.4844, 23.4062, 26.1406, 20.7500,
        25.0000, 29.2812, 29.8906, 32.8438, 32.0000, 29.1719, 29.0938, 23.2188,
        22.9062, 27.0625, 19.3594, 23.2500, 33.3125, 31.1406, 17.2812, 19.3125,
        23.3281, 22.0156, 20.3281, 19.7969, 20.2812, 25.2656, 20.2812, 20.4375,
        25.0000, 23.6094, 20.0312, 28.8125, 19.7500, 20.4219, 25.8438, 25.4062,
        20.9688, 23.9375, 28.7500, 21.7656, 18.9375, 22.5469, 21.2969, 25.8125,
        21.4375, 29.2500, 19.7500, 22.2812, 21.0469, 24.4375, 28.4688, 30.1719,
        19.6719, 21.1250, 29.5781, 22.3125, 22.0938, 20.9531, 24.0469, 27.6719,
        33.9688, 23.7031, 20.8750, 28.7344, 27.8125, 26.1250, 26.6719, 24.0625,
        23.8750, 25.7500, 28.9844, 26.5938, 18.3906, 28.6719, 20.3438, 21.2969,
        29.6250, 25.1250, 28.5000, 20.5469], device='cuda:0',
       dtype=torch.float16)
tensor([25.1094, 25.2656, 27.7812, 27.6875, 25.6719, 26.4219, 27.5312, 26.1094,
        27.2656, 27.4531, 27.7656, 23.2656, 27.3125, 27.4375, 25.5781, 25.0000,
        23.3750, 29.1719, 30.4531, 31.8281, 25.2031, 25.0000, 24.5000, 24.7344,
        26.1094, 28.3125, 28.5000, 29.9219, 29.4844, 27.6719, 29.2031, 25.5938,
        25.6562, 26.9531, 23.6094, 25.3125, 28.4531, 30.2812, 25.9219, 23.5625,
        25.5469, 25.3125, 23.8125, 23.4688, 23.6094, 27.4531, 22.1406, 23.8750,
        28.3125, 24.8125, 27.5156, 27.9219, 23.2188, 23.8906, 27.8438, 26.5469,
        24.2969, 30.3281, 28.0469, 24.2812, 23.8594, 24.6875, 27.5938, 26.9531,
        24.1250, 27.7344, 24.3750, 25.5469, 24.2031, 25.8750, 27.9844, 30.8281,
        22.8906, 22.7344, 28.2656, 24.5938, 25.3438, 23.3906, 25.1406, 27.5469,
        26.3281, 25.6250, 24.7344, 27.6094, 27.5000, 27.7656, 28.5312, 27.3125,
        27.4375, 28.0312, 27.1875, 27.2031, 23.5938, 28.0156, 24.3750, 23.0000,
        26.8906, 25.1250, 28.9531, 23.5625], device='cuda:1',
       dtype=torch.float16)
probs shape torch.Size([240, 100])
probs probs shape torch.Size([240, 100])
probs tensor([1.9725e-06, 2.4029e-05, 6.7676e-03, 1.0218e-03, 1.2203e-04, 3.2151e-04,
        2.4269e-04, 2.2929e-05, 6.1012e-04, 8.0030e-05, 5.2186e-04, 2.7229e-05,
        4.9305e-05, 2.6241e-04, 1.4866e-03, 3.5717e-06, 9.4639e-07, 3.5460e-02,
        9.6942e-03, 1.9501e-04, 1.3045e-02, 1.1001e-05, 1.6942e-04, 7.7242e-07,
        5.4151e-05, 3.9168e-03, 7.2041e-03, 1.3807e-01, 5.9384e-02, 3.5110e-03,
        3.2471e-03, 9.1205e-06, 6.6727e-06, 4.2593e-04, 1.9227e-07, 9.4100e-06,
        2.2064e-01, 2.5145e-02, 2.4066e-08, 1.8347e-07, 1.0175e-05, 2.7385e-06,
        5.0657e-07, 2.9780e-07, 4.8337e-07, 7.0626e-05, 4.8337e-07, 5.6512e-07,
        5.4151e-05, 1.3479e-05, 3.7645e-07, 2.4511e-03, 2.8416e-07, 5.5636e-07,
        1.2591e-04, 8.1290e-05, 9.6130e-07, 1.8714e-05, 2.3026e-03, 2.1327e-06,
        1.2609e-07, 4.6583e-06, 1.3346e-06, 1.2203e-04, 1.5361e-06, 3.7963e-03,
        2.8416e-07, 3.5717e-06, 1.0394e-06, 3.0854e-05, 1.7381e-03, 9.5439e-03,
        2.6280e-07, 1.1239e-06, 5.2706e-03, 3.6850e-06, 2.9610e-06, 9.4639e-07,
        2.0877e-05, 7.8341e-04, 4.2529e-01, 1.4804e-05, 8.7527e-07, 2.2669e-03,
        9.0170e-04, 1.6680e-04, 2.8820e-04, 2.1206e-05, 1.7580e-05, 1.1464e-04,
        2.9107e-03, 2.6654e-04, 7.2978e-08, 2.1295e-03, 5.1455e-07, 1.3346e-06,
        5.5236e-03, 6.1361e-05, 1.7932e-03, 6.3043e-07], device='cuda:0')
probs reshaped torch.Size([1, 240, 100])
probs tensor([3.7812e-04, 4.4206e-04, 5.4702e-03, 4.9807e-03, 6.6361e-04, 1.4049e-03,
        4.2602e-03, 1.0278e-03, 3.2664e-03, 3.9401e-03, 5.3854e-03, 5.9827e-05,
        3.4232e-03, 3.8790e-03, 6.0423e-04, 3.3894e-04, 6.6741e-05, 2.1976e-02,
        7.9138e-02, 3.1300e-01, 4.1528e-04, 3.3894e-04, 2.0558e-04, 2.5987e-04,
        1.0278e-03, 9.3052e-03, 1.1224e-02, 4.6523e-02, 3.0037e-02, 4.9035e-03,
        2.2673e-02, 6.1374e-04, 6.5332e-04, 2.3898e-03, 8.4369e-05, 4.6328e-04,
        1.0710e-02, 6.6641e-02, 8.5210e-04, 8.0505e-05, 5.8564e-04, 4.6328e-04,
        1.0337e-04, 7.3301e-05, 8.4369e-05, 3.9401e-03, 1.9423e-05, 1.1004e-04,
        9.3052e-03, 2.8099e-04, 4.1942e-03, 6.2962e-03, 5.7087e-05, 1.1177e-04,
        5.8230e-03, 1.5919e-03, 1.6779e-04, 6.9839e-02, 7.1345e-03, 1.6519e-04,
        1.0833e-04, 2.4797e-04, 4.5350e-03, 2.3898e-03, 1.4129e-04, 5.2197e-03,
        1.8142e-04, 5.8564e-04, 1.5277e-04, 8.1308e-04, 6.7023e-03, 1.1515e-01,
        4.1118e-05, 3.5170e-05, 8.8790e-03, 2.2578e-04, 4.7798e-04, 6.7792e-05,
        3.9012e-04, 4.3273e-03, 1.2791e-03, 6.3322e-04, 2.5987e-04, 4.6064e-03,
        4.1291e-03, 5.3854e-03, 1.1580e-02, 3.4232e-03, 3.8790e-03, 7.0239e-03,
        3.0209e-03, 3.0685e-03, 8.3061e-05, 6.9150e-03, 1.8142e-04, 4.5871e-05,
        2.2450e-03, 3.8407e-04, 1.7658e-02, 8.0505e-05], device='cuda:1')
probs reshaped torch.Size([1, 240, 100])
probs tensor([[25.1094, 25.2656, 27.7812,  ..., 25.1250, 28.9531, 23.5625],
        [23.8594, 25.2812, 28.7031,  ..., 25.0625, 29.2344, 23.2188],
        [24.3750, 24.7188, 28.2656,  ..., 24.6719, 29.1250, 22.7656],
        ...,
        [25.6719, 26.2188, 28.6719,  ..., 26.1875, 30.6094, 22.6250],
        [25.1875, 26.5156, 28.3281,  ..., 26.8125, 30.9375, 23.0781],
        [25.9062, 27.2188, 28.7969,  ..., 26.4688, 31.8281, 23.6094]],
       device='cuda:1', dtype=torch.float16)
tensor([[21.6875, 24.1875, 29.8281,  ..., 25.1250, 28.5000, 20.5469],
        [22.6875, 24.4375, 30.0312,  ..., 26.8125, 29.7656, 21.0312],
        [22.2656, 24.2969, 30.5625,  ..., 26.5469, 30.2656, 20.0000],
        ...,
        [25.0938, 25.9219, 27.2188,  ..., 26.3125, 26.3438, 23.2344],
        [23.0625, 24.6250, 28.8125,  ..., 25.8125, 28.0938, 20.9219],
        [23.1875, 24.8438, 28.5781,  ..., 25.9062, 28.1875, 21.5938]],
       device='cuda:0', dtype=torch.float16)
img shape torch.Size([1, 240, 3, 224, 224])
img shape torch.Size([1, 240, 3, 224, 224])
shape of clip output torch.Size([240, 100]) torch.Size([100, 240])
logits_per_image shape of clip output torch.Size([240, 100]) torch.Size([100, 240])
logits_per_image tensor([26.4531, 27.6094, 27.6562, 25.2031, 26.2500, 26.1719, 29.2344, 26.4844,
        26.5000, 29.0156, 27.8594, 24.7031, 27.4219, 28.1562, 25.6719, 26.1094,
        24.0000, 28.3594, 29.4844, 27.5312, 23.7812, 26.8594, 24.9375, 24.7188,
        28.0625, 26.5625, 29.0469, 29.2344, 28.0156, 26.7344, 28.0000, 28.1875,
        26.8906, 24.9062, 25.5469, 27.5312, 26.5312, 30.0156, 21.7500, 23.6250,
        26.4844, 25.4531, 24.9844, 24.1562, 24.8750, 27.4531, 23.4375, 25.5938,
        29.7188, 26.6250, 24.7656, 28.2500, 25.8281, 24.9844, 30.1406, 24.6406,
        25.6406, 26.8906, 26.5469, 26.1875, 25.0312, 25.4844, 24.4375, 28.0000,
        26.2656, 25.9688, 23.9062, 26.8750, 25.7656, 26.8906, 25.9531, 29.8281,
        24.3906, 23.8750, 26.8594, 25.2656, 26.5000, 25.9219, 26.9844, 26.2656,
        25.9844, 28.0000, 25.2969, 26.0000, 28.7969, 28.8125, 29.0938, 28.2031,
        27.8125, 29.2188, 26.0156, 25.7188, 23.8750, 26.2812, 24.3906, 23.3750,
        26.0781, 26.6562, 27.4688, 24.5000], device='cuda:0',
       dtype=torch.float16)
probs shape torch.Size([240, 100])
probs tensor([24.5625, 27.9062, 29.2969, 25.3750, 23.9531, 25.1094, 24.9219, 24.3906,
        26.9531, 25.3750, 28.4219, 22.4219, 28.9688, 27.3594, 23.9531, 21.3750,
        24.3281, 26.8594, 29.3906, 27.5469, 25.8125, 22.9375, 23.5938, 20.8438,
        26.7812, 26.7812, 28.1406, 28.1406, 27.1406, 29.8594, 26.7812, 23.0625,
        21.9062, 27.9375, 20.4688, 22.0938, 27.8438, 26.9531, 20.3750, 24.1719,
        24.6562, 23.0312, 21.7812, 22.3594, 22.6250, 26.8125, 20.2188, 22.3750,
        25.1562, 22.2812, 22.2812, 25.8281, 19.2656, 19.8438, 25.9531, 28.7812,
        26.1094, 23.7656, 26.8750, 25.9375, 21.4062, 21.1719, 22.4531, 27.4688,
        19.8438, 28.5625, 23.5625, 20.5781, 23.4375, 25.3125, 27.7188, 30.2969,
        20.4844, 21.8281, 26.4688, 23.5469, 21.7969, 20.4844, 26.2812, 26.1875,
        26.6562, 23.4219, 21.6094, 27.4688, 28.5781, 23.4844, 28.6406, 24.5781,
        23.2656, 28.3750, 25.0312, 28.1094, 21.8906, 26.9219, 22.6094, 22.1562,
        27.0781, 26.3125, 30.5781, 19.8438], device='cuda:1',
       dtype=torch.float16)
probs shape torch.Size([240, 100])
probs tensor([2.6040e-03, 8.2755e-03, 8.6726e-03, 7.4606e-04, 2.1253e-03, 1.9656e-03,
        4.2026e-02, 2.6867e-03, 2.7290e-03, 3.3769e-02, 1.0626e-02, 4.5251e-04,
        6.8606e-03, 1.4299e-02, 1.1922e-03, 1.8465e-03, 2.2401e-04, 1.7519e-02,
        5.3963e-02, 7.6536e-03, 1.8000e-04, 3.9091e-03, 5.7202e-04, 4.5963e-04,
        1.3019e-02, 2.9050e-03, 3.4841e-02, 4.2026e-02, 1.2423e-02, 3.4497e-03,
        1.2230e-02, 1.4753e-02, 4.0332e-03, 5.5442e-04, 1.0521e-03, 7.6536e-03,
        2.8156e-03, 9.1794e-02, 2.3610e-05, 1.5396e-04, 2.6867e-03, 9.5796e-04,
        5.9948e-04, 2.6189e-04, 5.3737e-04, 7.0784e-03, 1.2764e-04, 1.1026e-03,
        6.8216e-02, 3.0923e-03, 4.8169e-04, 1.5704e-02, 1.3938e-03, 5.9948e-04,
        1.0402e-01, 4.2509e-04, 1.1555e-03, 4.0332e-03, 2.8599e-03, 1.9966e-03,
        6.2824e-04, 9.8837e-04, 3.4695e-04, 1.2230e-02, 2.1588e-03, 1.6043e-03,
        2.0396e-04, 3.9706e-03, 1.3094e-03, 4.0332e-03, 1.5794e-03, 7.6100e-02,
        3.3106e-04, 1.9769e-04, 3.9091e-03, 7.9418e-04, 2.7290e-03, 1.5308e-03,
        4.4296e-03, 2.1588e-03, 1.6295e-03, 1.2230e-02, 8.1939e-04, 1.6552e-03,
        2.7134e-02, 2.7562e-02, 3.6513e-02, 1.4985e-02, 1.0139e-02, 4.1375e-02,
        1.6813e-03, 1.2494e-03, 1.9769e-04, 2.1928e-03, 3.3106e-04, 1.1990e-04,
        1.7897e-03, 3.1905e-03, 7.1899e-03, 3.6933e-04], device='cuda:0')
probs reshaped torch.Size([1, 240, 100])
probs tensor([4.8853e-04, 1.3838e-02, 5.5591e-02, 1.1009e-03, 2.6561e-04, 8.4410e-04,
        6.9978e-04, 4.1138e-04, 5.3349e-03, 1.1009e-03, 2.3174e-02, 5.7442e-05,
        4.0040e-02, 8.0086e-03, 2.6561e-04, 2.0164e-05, 3.8646e-04, 4.8575e-03,
        6.1054e-02, 9.6602e-03, 1.7051e-03, 9.6197e-05, 1.8542e-04, 1.1854e-05,
        4.4924e-03, 4.4924e-03, 1.7492e-02, 1.7492e-02, 6.4351e-03, 9.7565e-02,
        4.4924e-03, 1.0901e-04, 3.4300e-05, 1.4277e-02, 8.1470e-06, 4.1374e-05,
        1.2999e-02, 5.3349e-03, 7.4179e-06, 3.3055e-04, 5.3654e-04, 1.0565e-04,
        3.0270e-05, 5.3961e-05, 7.0379e-05, 4.6350e-03, 6.3449e-06, 5.4811e-05,
        8.8461e-04, 4.9906e-05, 4.9906e-05, 1.7320e-03, 2.4462e-06, 4.3608e-06,
        1.9626e-03, 3.3195e-02, 2.2945e-03, 2.2020e-04, 4.9339e-03, 1.9322e-03,
        2.0804e-05, 1.6457e-05, 5.9265e-05, 8.9342e-03, 4.3608e-06, 2.6673e-02,
        1.7972e-04, 9.0886e-06, 1.5860e-04, 1.0342e-03, 1.1472e-02, 1.5111e-01,
        8.2753e-06, 3.1722e-05, 3.2867e-03, 1.7693e-04, 3.0746e-05, 8.2753e-06,
        2.7248e-03, 2.4809e-03, 3.9645e-03, 1.5614e-04, 2.5490e-05, 8.9342e-03,
        2.7093e-02, 1.6621e-04, 2.8840e-02, 4.9622e-04, 1.3356e-04, 2.2112e-02,
        7.8066e-04, 1.6954e-02, 3.3768e-05, 5.1707e-03, 6.9288e-05, 4.4042e-05,
        6.0452e-03, 2.8113e-03, 2.0019e-01, 4.3608e-06], device='cuda:1')
probs reshaped torch.Size([1, 240, 100])
probs tensor([[26.4531, 27.6094, 27.6562,  ..., 26.6562, 27.4688, 24.5000],
        [26.8125, 27.1875, 28.1562,  ..., 25.3438, 28.8438, 24.9531],
        [26.7188, 27.2500, 26.4062,  ..., 26.2188, 27.6719, 26.1250],
        ...,
        [26.1875, 27.8906, 29.4531,  ..., 28.0156, 30.0469, 24.8594],
        [25.4844, 26.5469, 29.0781,  ..., 26.7344, 29.5938, 23.5000],
        [26.0312, 27.4531, 29.5156,  ..., 26.9844, 30.2344, 24.1719]],
       device='cuda:0', dtype=torch.float16)
tensor([[24.5625, 27.9062, 29.2969,  ..., 26.3125, 30.5781, 19.8438],
        [25.1719, 26.5781, 29.1094,  ..., 26.3281, 32.2500, 21.4844],
        [25.1719, 27.0625, 28.8750,  ..., 26.7969, 30.3906, 21.3750],
        ...,
        [26.1875, 26.8125, 27.2969,  ..., 25.7188, 28.2656, 23.1719],
        [26.2188, 27.6562, 28.3906,  ..., 25.9844, 29.2656, 23.4062],
        [25.8438, 26.5781, 27.7812,  ..., 26.0312, 30.2812, 23.1875]],
       device='cuda:1', dtype=torch.float16)
/usr/local/lib/python3.11/dist-packages/pytorch_lightning/loops/fit_loop.py:310: The number of training batches (35) is smaller than the logging interval Trainer(log_every_n_steps=50). Set a lower value for log_every_n_steps if you want to see logs for the training epoch.
Epoch 0:   0%|                                           | 0/35 [00:00<?, ?it/s]img shape torch.Size([1, 240, 3, 224, 224])
img shape torch.Size([1, 240, 3, 224, 224])
shape of clip output torch.Size([240, 100]) torch.Size([100, 240])
logits_per_image tensor([21.7656, 23.4688, 28.5156, 26.3281, 24.0312, 27.4062, 26.4844, 23.7969,
        27.1562, 23.7188, 26.4375, 24.7031, 23.5312, 26.7344, 27.5781, 22.7969,
        21.3281, 29.0781, 28.5312, 26.2812, 30.1250, 23.2500, 25.9219, 20.4531,
        24.8281, 27.6094, 28.0469, 28.8125, 28.3750, 28.2188, 26.9844, 22.1250,
        23.3125, 25.8906, 18.6719, 22.0781, 29.2656, 29.7188, 18.1250, 19.0625,
        22.3906, 22.5469, 20.4375, 20.3750, 21.8594, 25.6875, 19.0000, 21.7188,
        23.5000, 23.0938, 20.6094, 27.7656, 19.7031, 20.1562, 24.9844, 24.1406,
        21.1250, 23.5938, 28.5781, 20.7812, 19.8438, 21.7812, 21.1406, 25.1406,
        21.6250, 27.6875, 18.6875, 22.2656, 20.9219, 23.8750, 26.7969, 28.5000,
        20.6875, 20.2500, 28.7812, 21.7031, 22.1719, 21.3125, 24.2188, 26.4688,
        33.1875, 22.4219, 20.2031, 27.8281, 27.3438, 25.2969, 26.1250, 24.1094,
        23.8906, 25.5000, 26.7188, 25.0312, 19.5625, 28.1094, 20.8438, 20.6094,
        28.6875, 24.2969, 27.6719, 20.3906], device='cuda:0',
       dtype=torch.float16, grad_fn=<SelectBackward0>)
probs shape torch.Size([240, 100])
probs shape of clip output torch.Size([240, 100]) torch.Size([100, 240])
logits_per_image tensor([8.6425e-06, 4.7457e-05, 7.3812e-03, 8.2815e-04, 8.3289e-05, 2.4341e-03,
        9.6821e-04, 6.5887e-05, 1.8957e-03, 6.0936e-05, 9.2387e-04, 1.6307e-04,
        5.0518e-05, 1.2432e-03, 2.8905e-03, 2.4239e-05, 5.5800e-06, 1.2954e-02,
        7.4975e-03, 7.9023e-04, 3.6904e-02, 3.8133e-05, 5.5167e-04, 2.3261e-06,
        1.8479e-04, 2.9823e-03, 4.6191e-03, 9.9325e-03, 6.4129e-03, 5.4853e-03,
        1.5963e-03, 1.2380e-05, 4.0592e-05, 5.3470e-04, 3.9178e-07, 1.1813e-05,
        1.5626e-02, 2.4583e-02, 2.2675e-07, 5.7901e-07, 1.6146e-05, 1.8877e-05,
        2.2900e-06, 2.1513e-06, 9.4920e-06, 4.3641e-04, 5.4393e-07, 8.2468e-06,
        4.8963e-05, 3.2617e-05, 2.7195e-06, 3.4867e-03, 1.0988e-06, 1.7286e-06,
        2.1604e-04, 9.2916e-05, 4.5543e-06, 5.3776e-05, 7.8573e-03, 3.2295e-06,
        1.2647e-06, 8.7786e-06, 4.6260e-06, 2.5257e-04, 7.5088e-06, 3.2246e-03,
        3.9795e-07, 1.4249e-05, 3.7171e-06, 7.1241e-05, 1.3234e-03, 7.2668e-03,
        2.9405e-06, 1.8985e-06, 9.6270e-03, 8.1189e-06, 1.2974e-05, 5.4935e-06,
        1.0047e-04, 9.5320e-04, 7.8904e-01, 1.6659e-05, 1.8116e-06, 3.7115e-03,
        2.2866e-03, 2.9529e-04, 6.7592e-04, 9.0057e-05, 7.2363e-05, 3.6179e-04,
        1.2239e-03, 2.2640e-04, 9.5463e-07, 4.9170e-03, 3.4378e-06, 2.7195e-06,
        8.7654e-03, 1.0863e-04, 3.1746e-03, 2.1852e-06], device='cuda:0',
       grad_fn=<SelectBackward0>)
probs reshaped torch.Size([1, 240, 100])
probs tensor([[21.7656, 23.4688, 28.5156,  ..., 24.2969, 27.6719, 20.3906],
        [22.2656, 24.1406, 29.8906,  ..., 25.5312, 29.0625, 21.0000],
        [22.9844, 24.5312, 29.5312,  ..., 25.4062, 28.5938, 21.3906],
        ...,
        [20.9062, 22.0781, 28.7188,  ..., 24.0312, 27.3125, 19.3281],
        [23.9688, 25.2812, 30.9375,  ..., 27.0312, 30.8125, 22.0312],
        [23.3125, 25.0781, 30.6875,  ..., 26.9844, 30.3438, 21.8594]],
       device='cuda:0', dtype=torch.float16, grad_fn=<SelectBackward0>)
tensor([22.6719, 21.5625, 26.3438, 24.2344, 23.2500, 24.9531, 24.9688, 23.8906,
        26.1875, 23.5000, 26.0625, 23.8125, 25.1562, 25.1875, 29.1562, 21.8125,
        19.6406, 28.0312, 25.8594, 24.2969, 23.2969, 22.7656, 24.0469, 19.1875,
        22.9844, 24.4062, 27.0312, 25.8438, 25.0312, 26.4062, 24.6094, 22.2344,
        22.1250, 26.0156, 17.1719, 22.4375, 25.0156, 25.8906, 16.7188, 18.6562,
        21.9219, 20.2500, 20.0000, 19.5781, 20.2969, 23.5469, 18.7812, 20.8438,
        23.2344, 21.0000, 19.2188, 25.5938, 18.2344, 18.6094, 25.4375, 24.0625,
        19.8281, 21.0781, 28.2656, 20.9062, 19.3125, 21.3281, 18.8281, 26.2812,
        20.8594, 25.3125, 18.6562, 20.6875, 20.8125, 21.8750, 25.6250, 26.0156,
        21.0000, 20.1094, 25.7031, 21.4219, 20.5469, 21.1406, 21.9531, 23.7969,
        24.2969, 22.5000, 18.8281, 25.2969, 26.0156, 29.8281, 26.4219, 22.8906,
        21.9375, 24.3125, 22.7656, 24.7656, 18.5625, 25.7812, 20.5000, 18.5312,
        25.5938, 23.7500, 24.8906, 18.7969], device='cuda:1',
       dtype=torch.float16, grad_fn=<SelectBackward0>)
probs shape torch.Size([240, 100])
probs tensor([3.1429e-04, 1.0364e-04, 1.2360e-02, 1.4994e-03, 5.6028e-04, 3.0765e-03,
        3.1250e-03, 1.0632e-03, 1.0572e-02, 7.1941e-04, 9.3295e-03, 9.8332e-04,
        3.7694e-03, 3.8891e-03, 2.0580e-01, 1.3308e-04, 1.5166e-05, 6.6815e-02,
        7.6145e-03, 1.5961e-03, 5.8717e-04, 3.4518e-04, 1.2430e-03, 9.6401e-06,
        4.2958e-04, 1.7806e-03, 2.4580e-02, 7.4964e-03, 3.3265e-03, 1.3157e-02,
        2.1816e-03, 2.0292e-04, 1.8190e-04, 8.9022e-03, 1.2844e-06, 2.4862e-04,
        3.2750e-03, 7.8562e-03, 8.1643e-07, 5.6671e-06, 1.4846e-04, 2.7895e-05,
        2.1724e-05, 1.4247e-05, 2.9233e-05, 7.5394e-04, 6.4217e-06, 5.0511e-05,
        5.5159e-04, 5.9053e-05, 9.9461e-06, 5.8382e-03, 3.7166e-06, 5.4076e-06,
        4.9937e-03, 1.2626e-03, 1.8294e-05, 6.3851e-05, 8.4462e-02, 5.3768e-05,
        1.0924e-05, 8.1987e-05, 6.7299e-06, 1.1611e-02, 5.1306e-05, 4.4069e-03,
        5.6671e-06, 4.3204e-05, 4.8957e-05, 1.4166e-04, 6.0236e-03, 8.9022e-03,
        5.9053e-05, 2.4235e-05, 6.5130e-03, 9.0045e-05, 3.7536e-05, 6.7969e-05,
        1.5317e-04, 9.6807e-04, 1.5961e-03, 2.6466e-04, 6.7299e-06, 4.3386e-03,
        8.9022e-03, 4.0295e-01, 1.3364e-02, 3.9114e-04, 1.5080e-04, 1.6212e-03,
        3.4518e-04, 2.5505e-03, 5.1600e-06, 7.0423e-03, 3.5817e-05, 5.0012e-06,
        5.8382e-03, 9.2374e-04, 2.8901e-03, 6.5228e-06], device='cuda:1',
       grad_fn=<SelectBackward0>)
probs reshaped torch.Size([1, 240, 100])
probs tensor([[22.6719, 21.5625, 26.3438,  ..., 23.7500, 24.8906, 18.7969],
        [21.1406, 19.8125, 26.4688,  ..., 22.8281, 25.4219, 17.1094],
        [22.4531, 21.1875, 26.7344,  ..., 23.1562, 25.8281, 18.0000],
        ...,
        [25.0625, 28.4531, 29.0938,  ..., 26.5625, 29.3281, 22.7344],
        [24.2656, 27.2812, 28.9219,  ..., 26.2656, 29.7188, 21.7031],
        [24.7188, 27.5938, 29.2656,  ..., 26.2812, 31.0312, 23.0781]],
       device='cuda:1', dtype=torch.float16, grad_fn=<SelectBackward0>)
img shape torch.Size([1, 240, 3, 224, 224])
img shape torch.Size([1, 240, 3, 224, 224])
shape of clip output torch.Size([240, 100]) torch.Size([100, 240])
logits_per_image tensor([23.9219, 25.8281, 28.3594, 28.8750, 27.2500, 26.9688, 26.6094, 24.8750,
        26.5938, 25.4219, 28.4219, 25.1094, 27.5000, 26.5469, 27.5781, 24.3438,
        23.4062, 32.7188, 30.5781, 28.7500, 28.2656, 23.7656, 28.3281, 22.1406,
        26.4219, 29.0469, 28.3906, 30.8906, 30.7656, 31.0625, 29.3125, 24.1875,
        24.6562, 28.4844, 20.4219, 23.3906, 31.1406, 29.5781, 20.6094, 21.4219,
        23.8594, 25.6719, 22.5938, 23.2344, 24.0000, 26.5625, 20.8906, 23.6719,
        26.1875, 24.5000, 23.3125, 28.0781, 20.2969, 21.4688, 26.5312, 27.0625,
        23.8125, 25.5625, 31.6094, 22.4375, 23.8125, 23.6250, 24.2344, 29.2500,
        20.7500, 28.9844, 22.2188, 22.8438, 22.8906, 25.8594, 29.0000, 31.3125,
        23.8906, 22.4219, 29.5938, 22.5938, 22.8125, 23.9375, 25.2031, 27.2656,
        28.3281, 25.0000, 22.0469, 28.8281, 27.3438, 24.7188, 29.1094, 27.2344,
        24.3438, 28.0469, 28.8438, 27.1406, 23.5312, 28.0625, 24.3750, 20.6250,
        28.2188, 26.0625, 30.3125, 21.1094], device='cuda:1',
       dtype=torch.float16, grad_fn=<SelectBackward0>)
probs shape torch.Size([240, 100])
probs tensor([5.0219e-05, 3.3786e-04, 4.2466e-03, 7.1118e-03, 1.4004e-03, 1.0571e-03,
        7.3796e-04, 1.3026e-04, 7.2651e-04, 2.2506e-04, 4.5205e-03, 1.6466e-04,
        1.7981e-03, 6.9325e-04, 1.9443e-03, 7.6574e-05, 2.9987e-05, 3.3212e-01,
        3.9051e-02, 6.2761e-03, 3.8666e-03, 4.2954e-05, 4.1160e-03, 8.4582e-06,
        6.1179e-04, 8.4455e-03, 4.3814e-03, 5.3377e-02, 4.7105e-02, 6.3387e-02,
        1.1015e-02, 6.5497e-05, 1.0466e-04, 4.8121e-03, 1.5165e-06, 2.9522e-05,
        6.8537e-02, 1.4366e-02, 1.8292e-06, 4.1222e-06, 4.7176e-05, 2.8899e-04,
        1.3307e-05, 2.5251e-05, 5.4299e-05, 7.0416e-04, 2.4233e-06, 3.9110e-05,
        4.8396e-04, 8.9524e-05, 2.7303e-05, 3.2055e-03, 1.3383e-06, 4.3200e-06,
        6.8250e-04, 1.1610e-03, 4.5016e-05, 2.5905e-04, 1.0952e-01, 1.1382e-05,
        4.5016e-05, 3.7319e-05, 6.8641e-05, 1.0348e-02, 2.1054e-06, 7.9338e-03,
        9.1455e-06, 1.7086e-05, 1.7906e-05, 3.4859e-04, 8.0587e-03, 8.1390e-02,
        4.8673e-05, 1.1205e-05, 1.4592e-02, 1.3307e-05, 1.6560e-05, 5.1009e-05,
        1.8084e-04, 1.4224e-03, 4.1160e-03, 1.4760e-04, 7.7013e-06, 6.7861e-03,
        1.5380e-03, 1.1141e-04, 8.9901e-03, 1.3787e-03, 7.6574e-05, 3.1069e-03,
        6.8930e-03, 1.2553e-03, 3.3980e-05, 3.1558e-03, 7.9005e-05, 1.8580e-06,
        3.6895e-03, 4.2710e-04, 2.9942e-02, 3.0159e-06], device='cuda:1',
       grad_fn=<SelectBackward0>)
probs reshaped torch.Size([1, 240, 100])
probs tensor([[23.9219, 25.8281, 28.3594,  ..., 26.0625, 30.3125, 21.1094],
        [25.0938, 27.5781, 29.6250,  ..., 26.9375, 31.2188, 22.9844],
        [24.3281, 26.7344, 29.3750,  ..., 26.6094, 30.8438, 21.9062],
        ...,
        [24.7031, 26.8594, 30.4688,  ..., 26.3594, 29.7188, 23.8750],
        [25.6875, 27.6719, 29.3750,  ..., 27.0469, 29.8281, 23.6875],
        [25.3594, 27.0625, 30.3125,  ..., 27.8438, 30.8281, 23.4531]],
       device='cuda:1', dtype=torch.float16, grad_fn=<SelectBackward0>)
shape of clip output torch.Size([240, 100]) torch.Size([100, 240])
logits_per_image tensor([24.3438, 26.0312, 29.1719, 28.0781, 27.1719, 26.7812, 26.8594, 24.9531,
        27.6875, 26.6406, 28.8750, 25.5625, 28.9219, 28.7188, 25.3750, 24.9375,
        23.4844, 31.0625, 31.9062, 29.4531, 26.8750, 23.3125, 27.8125, 22.8594,
        26.6562, 28.8594, 29.9844, 32.0312, 31.5156, 29.9844, 30.0156, 24.6562,
        24.6562, 29.2812, 21.7500, 24.3125, 31.1875, 29.6406, 21.3750, 23.2344,
        25.0312, 24.7969, 22.8281, 23.5781, 23.4375, 25.6875, 22.7344, 23.6250,
        27.0000, 24.2344, 23.3281, 29.0156, 21.0938, 22.1875, 26.5312, 29.1875,
        24.6875, 25.7031, 28.5312, 24.0000, 23.2500, 23.0312, 23.0625, 29.2969,
        22.3438, 29.0938, 22.7656, 23.6094, 23.5625, 26.0000, 30.1094, 31.3125,
        22.8594, 23.2812, 28.5312, 24.2031, 23.0938, 24.0781, 25.7656, 28.3750,
        29.3438, 24.8438, 23.2031, 30.0469, 29.7500, 27.0469, 29.3438, 26.9219,
        25.2969, 28.0000, 28.7344, 29.0625, 23.4688, 29.0938, 24.3438, 22.8906,
        28.7188, 28.1094, 30.3125, 21.6562], device='cuda:0',
       dtype=torch.float16, grad_fn=<SelectBackward0>)
probs shape torch.Size([240, 100])
probs tensor([7.6660e-05, 4.1442e-04, 9.5807e-03, 3.2091e-03, 1.2966e-03, 8.7732e-04,
        9.4861e-04, 1.4100e-04, 2.1714e-03, 7.6223e-04, 7.1197e-03, 2.5934e-04,
        7.4614e-03, 6.0898e-03, 2.1500e-04, 1.3881e-04, 3.2460e-05, 6.3458e-02,
        1.4754e-01, 1.2692e-02, 9.6355e-04, 2.7334e-05, 2.4605e-03, 1.7374e-05,
        7.7424e-04, 7.0094e-03, 2.1590e-02, 1.6719e-01, 9.9833e-02, 2.1590e-02,
        2.2276e-02, 1.0478e-04, 1.0478e-04, 1.0688e-02, 5.7295e-06, 7.4301e-05,
        7.1907e-02, 1.5310e-02, 3.9378e-06, 2.5280e-05, 1.5246e-04, 1.2060e-04,
        1.6840e-05, 3.5650e-05, 3.0973e-05, 2.9387e-04, 1.5333e-05, 3.7361e-05,
        1.0918e-03, 6.8717e-05, 2.7764e-05, 8.1948e-03, 2.9724e-06, 8.8740e-06,
        6.8326e-04, 9.7315e-03, 1.0811e-04, 2.9849e-04, 5.0486e-03, 5.4360e-05,
        2.5678e-05, 2.0633e-05, 2.1288e-05, 1.0856e-02, 1.0375e-05, 8.8607e-03,
        1.5820e-05, 3.6782e-05, 3.5097e-05, 4.0167e-04, 2.4465e-02, 8.1481e-02,
        1.7374e-05, 2.6493e-05, 5.0486e-03, 6.6603e-05, 2.1963e-05, 5.8777e-05,
        3.1775e-04, 4.3183e-03, 1.1377e-02, 1.2639e-04, 2.4502e-05, 2.2983e-02,
        1.7079e-02, 1.1442e-03, 1.1377e-02, 1.0098e-03, 1.9884e-04, 2.9679e-03,
        6.1857e-03, 8.5880e-03, 3.1957e-05, 8.8607e-03, 7.6660e-05, 1.7926e-05,
        6.0898e-03, 3.3110e-03, 2.9975e-02, 5.2168e-06], device='cuda:0',
       grad_fn=<SelectBackward0>)
probs reshaped torch.Size([1, 240, 100])
probs tensor([[24.3438, 26.0312, 29.1719,  ..., 28.1094, 30.3125, 21.6562],
        [24.9844, 27.1250, 27.8594,  ..., 29.2500, 27.7344, 22.8438],
        [22.5781, 24.2812, 28.3125,  ..., 28.0625, 28.0312, 20.3438],
        ...,
        [24.2188, 26.4531, 28.4375,  ..., 26.0469, 30.5781, 21.0000],
        [23.0781, 25.5312, 28.2812,  ..., 25.8594, 29.5938, 19.8438],
        [23.7344, 26.3750, 29.1094,  ..., 26.1406, 30.5469, 21.3281]],
       device='cuda:0', dtype=torch.float16, grad_fn=<SelectBackward0>)
img shape torch.Size([1, 240, 3, 224, 224])
img shape torch.Size([1, 240, 3, 224, 224])
shape of clip output torch.Size([240, 100]) torch.Size([100, 240])
logits_per_image tensor([24.7188, 26.0156, 27.1406, 26.6094, 26.6562, 26.7500, 26.8281, 25.3594,
        26.0312, 26.2031, 27.9219, 24.2031, 27.5938, 27.7656, 27.5625, 24.0156,
        23.1562, 28.7031, 28.6406, 27.0469, 26.8281, 24.2500, 25.8281, 21.6875,
        26.5000, 26.2500, 28.2969, 28.4219, 26.8438, 28.5938, 27.5781, 24.9375,
        23.8125, 26.6719, 21.6875, 24.5469, 27.6719, 28.2031, 20.0781, 22.5469,
        24.8438, 24.7500, 23.6719, 23.6094, 23.7656, 26.4844, 21.9375, 23.6719,
        26.7969, 24.6875, 23.1250, 26.9844, 21.6719, 21.0938, 26.6406, 25.7344,
        24.3438, 24.4688, 27.7500, 24.5938, 23.4375, 24.2656, 23.0469, 28.6094,
        21.7500, 26.8594, 23.6562, 23.2969, 24.0625, 25.2344, 26.6719, 29.5312,
        23.2812, 23.2969, 27.7812, 24.0781, 23.0781, 23.5938, 25.4062, 25.7656,
        26.8125, 25.0781, 22.6250, 26.7188, 28.0469, 27.5000, 29.2812, 27.0156,
        24.4062, 28.2812, 27.1719, 26.2812, 23.3438, 26.7656, 24.6094, 21.6250,
        25.8750, 25.9219, 28.8125, 21.6250], device='cuda:1',
       dtype=torch.float16, grad_fn=<SelectBackward0>)
probs shape torch.Size([240, 100])
probs tensor([9.4246e-04, 3.4474e-03, 1.0619e-02, 6.2424e-03, 6.5419e-03, 7.1849e-03,
        7.7687e-03, 1.7885e-03, 3.5016e-03, 4.1583e-03, 2.3193e-02, 5.6277e-04,
        1.6705e-02, 1.9838e-02, 1.6191e-02, 4.6655e-04, 1.9755e-04, 5.0659e-02,
        4.7589e-02, 9.6684e-03, 7.7687e-03, 5.8977e-04, 2.8580e-03, 4.5478e-05,
        5.5956e-03, 4.3579e-03, 3.3746e-02, 3.8239e-02, 7.8911e-03, 4.5410e-02,
        1.6446e-02, 1.1729e-03, 3.8079e-04, 6.6450e-03, 4.5478e-05, 7.9363e-04,
        1.8063e-02, 3.0726e-02, 9.0963e-06, 1.0741e-04, 1.0679e-03, 9.7237e-04,
        3.3083e-04, 3.1079e-04, 3.6335e-04, 5.5089e-03, 5.8396e-05, 3.3083e-04,
        7.5297e-03, 9.1346e-04, 1.9147e-04, 9.0826e-03, 4.4773e-05, 2.5116e-05,
        6.4405e-03, 2.6022e-03, 6.4774e-04, 7.3399e-04, 1.9531e-02, 8.3171e-04,
        2.6171e-04, 5.9906e-04, 1.7708e-04, 4.6125e-02, 4.8412e-05, 8.0154e-03,
        3.2570e-04, 2.2738e-04, 4.8894e-04, 1.5783e-03, 6.6450e-03, 1.1596e-01,
        2.2385e-04, 2.2738e-04, 2.0151e-02, 4.9664e-04, 1.8270e-04, 3.0597e-04,
        1.8743e-03, 2.6848e-03, 7.6483e-03, 1.3500e-03, 1.1613e-04, 6.9639e-03,
        2.6281e-02, 1.5210e-02, 9.0309e-02, 9.3709e-03, 6.8952e-04, 3.3223e-02,
        1.0956e-02, 4.4962e-03, 2.3829e-04, 7.2981e-03, 8.4481e-04, 4.2723e-05,
        2.9951e-03, 3.1389e-03, 5.6514e-02, 4.2723e-05], device='cuda:1',
       grad_fn=<SelectBackward0>)
probs reshaped torch.Size([1, 240, 100])
probs tensor([[24.7188, 26.0156, 27.1406,  ..., 25.9219, 28.8125, 21.6250],
        [25.1406, 26.0312, 27.7969,  ..., 25.1719, 29.6719, 21.1875],
        [24.0781, 24.3750, 28.0312,  ..., 25.5938, 30.6406, 21.0625],
        ...,
        [28.2656, 30.0156, 26.6875,  ..., 28.2656, 26.5000, 26.2188],
        [27.8750, 29.0469, 26.5625,  ..., 28.0781, 27.1719, 25.6094],
        [27.9219, 29.0156, 27.4062,  ..., 28.8750, 28.1250, 25.5938]],
       device='cuda:1', dtype=torch.float16, grad_fn=<SelectBackward0>)
shape of clip output torch.Size([240, 100]) torch.Size([100, 240])
logits_per_image tensor([23.4531, 25.3594, 28.8594, 27.8438, 26.9375, 25.6250, 25.8281, 24.0781,
        28.2188, 24.1250, 28.2188, 23.7188, 27.5156, 29.9375, 26.2656, 22.3750,
        20.6406, 29.1875, 30.7344, 27.1875, 24.4062, 22.5781, 26.0000, 20.4531,
        25.7812, 27.4688, 28.5625, 30.7344, 30.2031, 31.4062, 28.0469, 23.7031,
        23.5000, 31.0469, 19.6719, 23.4062, 29.6094, 29.1250, 18.3594, 22.0781,
        22.6719, 22.8281, 21.0938, 21.2188, 22.6250, 26.9688, 19.5156, 22.8906,
        25.1406, 22.8906, 21.1250, 27.4062, 19.2031, 18.9375, 26.0312, 30.0156,
        23.2812, 23.7031, 27.2812, 22.9531, 20.3438, 22.8750, 22.4688, 28.2969,
        19.8281, 29.6562, 20.5469, 20.6562, 22.7500, 23.7812, 30.3281, 31.2344,
        21.5938, 19.6250, 28.9219, 22.3750, 21.0156, 21.7031, 26.6094, 28.6094,
        26.1562, 23.5469, 20.8438, 29.7188, 29.9688, 27.0312, 29.1250, 25.7031,
        22.5312, 27.1875, 27.0469, 28.8281, 20.8906, 29.2500, 22.3125, 18.6562,
        29.2031, 25.8438, 32.0625, 19.5938], device='cuda:0',
       dtype=torch.float16, grad_fn=<SelectBackward0>)
probs shape torch.Size([240, 100])
probs tensor([4.0554e-05, 2.7284e-04, 9.0353e-03, 3.2724e-03, 1.3222e-03, 3.5585e-04,
        4.3600e-04, 7.5766e-05, 4.7613e-03, 7.9402e-05, 4.7613e-03, 5.2893e-05,
        2.3570e-03, 2.6556e-02, 6.7529e-04, 1.3798e-05, 2.4355e-06, 1.2544e-02,
        5.8918e-02, 1.6977e-03, 1.0519e-04, 1.6906e-05, 5.1776e-04, 2.0191e-06,
        4.1603e-04, 2.2491e-03, 6.7145e-03, 5.8918e-02, 3.4636e-02, 1.1535e-01,
        4.0094e-03, 5.2073e-05, 4.2501e-05, 8.0531e-02, 9.2440e-07, 3.8697e-05,
        1.9128e-02, 1.1784e-02, 2.4880e-07, 1.0254e-05, 1.8567e-05, 2.1707e-05,
        3.8315e-06, 4.3417e-06, 1.7717e-05, 1.3641e-03, 7.9068e-07, 2.3107e-05,
        2.1923e-04, 2.3107e-05, 3.9532e-06, 2.1128e-03, 5.7848e-07, 4.4353e-07,
        5.3420e-04, 2.8714e-02, 3.4150e-05, 5.2073e-05, 1.8645e-03, 2.4597e-05,
        1.8099e-06, 2.2749e-05, 1.5154e-05, 5.1482e-03, 1.0807e-06, 2.0046e-02,
        2.2175e-06, 2.4738e-06, 2.0076e-05, 5.6304e-05, 3.9248e-02, 9.7139e-02,
        6.3172e-06, 8.8207e-07, 9.6180e-03, 1.3798e-05, 3.5436e-06, 7.0473e-06,
        9.5231e-04, 7.0367e-03, 6.0533e-04, 4.4540e-05, 2.9840e-06, 2.1339e-02,
        2.7399e-02, 1.4521e-03, 1.1784e-02, 3.8477e-04, 1.6131e-05, 1.6977e-03,
        1.4750e-03, 8.7573e-03, 3.1272e-06, 1.3353e-02, 1.2962e-05, 3.3480e-07,
        1.2742e-02, 4.4287e-04, 2.2235e-01, 8.5493e-07], device='cuda:0',
       grad_fn=<SelectBackward0>)
probs reshaped torch.Size([1, 240, 100])
probs tensor([[23.4531, 25.3594, 28.8594,  ..., 25.8438, 32.0625, 19.5938],
        [24.5781, 25.5625, 28.7031,  ..., 25.9375, 30.5000, 20.6094],
        [24.1406, 26.2188, 29.0156,  ..., 26.2656, 31.6875, 20.7344],
        ...,
        [25.4062, 26.9219, 28.7500,  ..., 25.4844, 30.7812, 22.2500],
        [24.4531, 26.9844, 28.3750,  ..., 25.5156, 30.2188, 21.5625],
        [24.6406, 26.9062, 27.6406,  ..., 26.2188, 31.5156, 20.8750]],
       device='cuda:0', dtype=torch.float16, grad_fn=<SelectBackward0>)
img shape torch.Size([1, 240, 3, 224, 224])
img shape torch.Size([1, 240, 3, 224, 224])
shape of clip output torch.Size([240, 100]) torch.Size([100, 240])
logits_per_image tensor([23.9688, 25.1875, 29.7344, 28.7812, 27.2656, 28.2969, 26.8125, 25.8750,
        28.2656, 25.2969, 28.9375, 25.9844, 27.1250, 27.1875, 29.3125, 22.6250,
        22.4688, 31.7656, 29.5938, 29.0312, 28.4219, 24.5625, 27.3594, 22.0781,
        26.0312, 28.5469, 29.5938, 29.8750, 29.6562, 30.2031, 29.2656, 24.2500,
        24.6562, 28.9531, 21.4219, 23.2188, 29.9219, 29.8281, 20.5781, 20.5625,
        24.2344, 23.7344, 21.9688, 21.5156, 22.8594, 26.9375, 19.9688, 22.6562,
        25.1719, 24.4375, 23.0938, 27.7188, 21.4062, 21.2500, 27.2031, 26.9062,
        23.2812, 25.5156, 30.0625, 23.1875, 22.2344, 23.7031, 23.4062, 28.8281,
        20.9062, 29.4062, 22.3750, 22.5938, 22.7969, 24.6719, 28.4219, 30.3750,
        22.6875, 22.5000, 29.5625, 23.6250, 23.0625, 22.7969, 23.2500, 28.0469,
        28.7812, 24.8594, 21.9531, 28.5000, 27.1875, 28.3281, 29.6094, 26.4219,
        23.9844, 27.7812, 28.0625, 27.7656, 21.8594, 28.5938, 22.9844, 21.0000,
        28.4062, 24.8906, 28.5781, 21.5781], device='cuda:1',
       dtype=torch.float16, grad_fn=<SelectBackward0>)
probs shape torch.Size([240, 100])
probs tensor([1.0320e-04, 3.4911e-04, 3.2934e-02, 1.2697e-02, 2.7892e-03, 7.8225e-03,
        1.7729e-03, 6.9429e-04, 7.5818e-03, 3.8946e-04, 1.4844e-02, 7.7453e-04,
        2.4233e-03, 2.5796e-03, 2.1599e-02, 2.6920e-05, 2.3026e-05, 2.5108e-01,
        2.8614e-02, 1.6303e-02, 8.8641e-03, 1.8686e-04, 3.0633e-03, 1.5580e-05,
        8.1170e-04, 1.0044e-02, 2.8614e-02, 3.7907e-02, 3.0459e-02, 5.2628e-02,
        2.0610e-02, 1.3671e-04, 2.0523e-04, 1.5078e-02, 8.0830e-06, 4.8747e-05,
        3.9726e-02, 3.6171e-02, 3.4764e-06, 3.4225e-06, 1.3459e-04, 8.1635e-05,
        1.3966e-05, 8.8774e-06, 3.4031e-05, 2.0090e-03, 1.8901e-06, 2.7775e-05,
        3.4370e-04, 1.6491e-04, 4.3019e-05, 4.3880e-03, 7.9577e-06, 6.8065e-06,
        2.6202e-03, 1.9472e-03, 5.1890e-05, 4.8469e-04, 4.5724e-02, 4.7247e-05,
        1.8215e-05, 7.9123e-05, 5.8800e-05, 1.3307e-02, 4.8266e-06, 2.3721e-02,
        2.0966e-05, 2.6092e-05, 3.1969e-05, 2.0846e-04, 8.8641e-03, 6.2498e-02,
        2.8657e-05, 2.3757e-05, 2.7733e-02, 7.3177e-05, 4.1695e-05, 3.1969e-05,
        5.0294e-05, 6.0922e-03, 1.2697e-02, 2.5145e-04, 1.3750e-05, 9.5843e-03,
        2.5796e-03, 8.0708e-03, 2.9064e-02, 1.1996e-03, 1.0482e-04, 4.6710e-03,
        6.1881e-03, 4.5986e-03, 1.2519e-05, 1.0526e-02, 3.8562e-05, 5.3009e-06,
        8.7266e-03, 2.5944e-04, 1.0363e-02, 9.4500e-06], device='cuda:1',
       grad_fn=<SelectBackward0>)shape of clip output torch.Size([240, 100]) torch.Size([100, 240])

logits_per_image probs reshaped torch.Size([1, 240, 100])
probs tensor([28.2344, 28.4531, 26.3750, 25.0156, 28.0781, 25.7656, 29.7656, 27.0781,
        25.4844, 28.1719, 28.8438, 24.3594, 28.0156, 26.9688, 26.5469, 27.5312,
        25.1094, 28.0156, 28.4531, 27.1719, 23.2812, 27.0938, 26.0000, 24.7969,
        28.8125, 25.4844, 26.4844, 27.1875, 26.7031, 26.7031, 26.3750, 28.2500,
        27.2500, 24.9844, 25.8906, 27.9844, 25.1094, 29.0469, 21.9375, 25.1094,
        26.1562, 27.1719, 26.6406, 25.0781, 26.3906, 27.3750, 24.9844, 27.1094,
        30.2344, 27.0000, 25.9219, 26.3906, 26.2812, 24.7500, 29.4062, 25.4219,
        26.3438, 26.0625, 26.9219, 27.3906, 25.5312, 26.6875, 25.3594, 27.4531,
        27.8594, 25.8750, 24.7656, 26.4375, 27.9844, 27.9375, 26.2344, 27.9688,
        25.5000, 25.3125, 25.9219, 25.3438, 25.6250, 27.5469, 26.7656, 26.4844,
        24.4688, 27.9531, 25.5938, 27.3438, 27.8438, 30.7500, 29.8906, 28.8594,
        28.0000, 29.7188, 24.3125, 26.4375, 25.5312, 26.1094, 27.2344, 23.3594,
        25.1406, 26.6250, 25.4375, 24.6406], device='cuda:0',
       dtype=torch.float16, grad_fn=<SelectBackward0>)
probs shape torch.Size([240, 100])
probs tensor([[23.9688, 25.1875, 29.7344,  ..., 24.8906, 28.5781, 21.5781],
        [25.0312, 25.7969, 30.1719,  ..., 25.4219, 29.7812, 22.6094],
        [23.8281, 24.2344, 29.3594,  ..., 25.4844, 28.6875, 21.8125],
        ...,
        [23.5156, 23.9844, 30.1406,  ..., 25.2344, 29.6719, 20.1406],
        [24.3281, 25.1406, 30.4531,  ..., 25.4062, 30.0938, 20.6094],
        [23.2812, 23.8281, 29.8281,  ..., 23.8438, 28.9062, 19.9688]],
       device='cuda:1', dtype=torch.float16, grad_fn=<SelectBackward0>)
tensor([1.4157e-02, 1.7619e-02, 2.2053e-03, 5.6636e-04, 1.2109e-02, 1.1990e-03,
        6.5463e-02, 4.4548e-03, 9.0505e-04, 1.3300e-02, 2.6039e-02, 2.9383e-04,
        1.1376e-02, 3.9933e-03, 2.6188e-03, 7.0084e-03, 6.2203e-04, 1.1376e-02,
        1.7619e-02, 4.8926e-03, 9.9969e-05, 4.5250e-03, 1.5157e-03, 4.5509e-04,
        2.5238e-02, 9.0505e-04, 2.4602e-03, 4.9697e-03, 3.0617e-03, 3.0617e-03,
        2.2053e-03, 1.4380e-02, 5.2902e-03, 5.4894e-04, 1.3586e-03, 1.1026e-02,
        6.2203e-04, 3.1904e-02, 2.6079e-05, 6.2203e-04, 1.7720e-03, 4.8926e-03,
        2.8762e-03, 6.0289e-04, 2.2400e-03, 5.9946e-03, 5.4894e-04, 4.5962e-03,
        1.0461e-01, 4.1200e-03, 1.4018e-03, 2.2400e-03, 2.0079e-03, 4.3425e-04,
        4.5700e-02, 8.5021e-04, 2.1374e-03, 1.6134e-03, 3.8104e-03, 6.0890e-03,
        9.4848e-04, 3.0143e-03, 7.9870e-04, 6.4817e-03, 9.7302e-03, 1.3376e-03,
        4.4108e-04, 2.3475e-03, 1.1026e-02, 1.0521e-02, 1.9160e-03, 1.0855e-02,
        9.1930e-04, 7.6213e-04, 1.4018e-03, 7.8632e-04, 1.0417e-03, 7.1187e-03,
        3.2592e-03, 2.4602e-03, 3.2779e-04, 1.0687e-02, 1.0097e-03, 5.8102e-03,
        9.5793e-03, 1.7519e-01, 7.4179e-02, 2.6449e-02, 1.1199e-02, 6.2465e-02,
        2.8037e-04, 2.3475e-03, 9.4848e-04, 1.6909e-03, 5.2082e-03, 1.0809e-04,
        6.4177e-04, 2.8316e-03, 8.6360e-04, 3.8926e-04], device='cuda:0',
       grad_fn=<SelectBackward0>)
probs reshaped torch.Size([1, 240, 100])
probs tensor([[28.2344, 28.4531, 26.3750,  ..., 26.6250, 25.4375, 24.6406],
        [29.5938, 29.6250, 26.4375,  ..., 26.9531, 25.0625, 26.2344],
        [28.7031, 28.0000, 27.2031,  ..., 26.5781, 25.7656, 24.8594],
        ...,
        [26.9375, 28.0156, 24.7031,  ..., 26.2188, 24.4688, 25.0000],
        [27.5469, 28.2188, 25.4219,  ..., 26.7656, 26.2031, 24.4219],
        [29.2500, 29.8438, 24.5156,  ..., 29.0156, 26.3125, 27.5625]],
       device='cuda:0', dtype=torch.float16, grad_fn=<SelectBackward0>)
img shape torch.Size([1, 240, 3, 224, 224])
img shape torch.Size([1, 240, 3, 224, 224])
shape of clip output torch.Size([240, 100]) torch.Size([100, 240])
logits_per_image shape of clip output torch.Size([240, 100]) torch.Size([100, 240])
logits_per_image tensor([23.5312, 24.8750, 28.9219, 26.7812, 24.8594, 26.8125, 27.5156, 25.7188,
        28.0781, 25.2500, 28.0469, 24.3906, 26.7656, 26.1719, 27.0000, 22.9844,
        22.7031, 29.7188, 29.0625, 27.6875, 28.8594, 25.6875, 26.0000, 21.0781,
        25.2969, 27.9688, 27.5156, 28.6719, 28.5938, 28.5781, 26.7969, 24.1562,
        23.7812, 26.3906, 20.6406, 23.4844, 29.0000, 29.7969, 19.2812, 20.3281,
        23.9531, 22.7812, 21.8125, 20.6250, 22.5781, 26.8594, 20.1719, 23.1250,
        25.1094, 23.6250, 21.7656, 27.5000, 20.6250, 21.1094, 27.6562, 25.0000,
        22.7031, 24.9062, 29.0156, 23.2188, 21.4688, 22.8438, 21.2500, 26.5469,
        21.3125, 27.9688, 20.5625, 22.8594, 22.6406, 24.1250, 27.4844, 29.1562,
        21.9062, 22.4062, 28.5156, 22.7031, 23.4688, 23.1875, 24.5469, 27.0938,
        32.7812, 23.9375, 21.9375, 27.1875, 26.6250, 26.2344, 28.0156, 25.7188,
        24.1719, 26.5625, 25.9688, 26.1562, 21.0000, 27.6094, 21.4062, 21.9531,
        28.4062, 25.6250, 27.0156, 21.6562], device='cuda:1',
       dtype=torch.float16, grad_fn=<SelectBackward0>)tensor([23.5000, 24.6875, 29.7500, 29.3125, 28.1250, 28.8438, 26.7500, 25.3125,
        27.8438, 25.2188, 29.2969, 26.7031, 27.1719, 27.0156, 29.1562, 22.1562,
        22.6562, 31.3750, 29.9531, 28.6094, 29.6562, 24.4844, 28.7812, 21.2344,
        26.0469, 30.2188, 29.2031, 29.9062, 30.2188, 30.5469, 29.8125, 24.1094,
        23.8750, 28.2656, 20.5312, 22.7812, 31.2344, 30.7344, 19.5000, 21.0625,
        24.3125, 23.7031, 22.2812, 21.4688, 23.1094, 26.9844, 19.9531, 22.5156,
        25.2344, 24.8906, 22.4688, 29.1562, 20.7344, 20.6562, 26.7031, 27.0781,
        22.7031, 24.5312, 31.0625, 23.0312, 22.0469, 22.9062, 22.5781, 28.5781,
        20.2500, 29.2188, 22.2188, 22.0781, 22.4844, 24.3438, 28.2969, 31.1719,
        22.2188, 22.3594, 30.3281, 23.5156, 22.7656, 22.5000, 23.7812, 28.3281,
        30.2656, 24.9375, 21.2031, 29.1719, 27.6094, 25.7344, 30.2031, 26.2031,
        23.7500, 27.4219, 29.2969, 27.5469, 21.8281, 28.5781, 22.5938, 21.3438,
        29.0625, 25.0000, 28.9844, 20.8125], device='cuda:0',
       dtype=torch.float16, grad_fn=<SelectBackward0>)
probs shape torch.Size([240, 100])
probs 
probs shape torch.Size([240, 100])
probs tensor([4.2651e-05, 1.3985e-04, 2.2094e-02, 1.4265e-02, 4.3505e-03, 8.9266e-03,
        1.1000e-03, 2.6127e-04, 3.2839e-03, 2.3789e-04, 1.4044e-02, 1.0496e-03,
        1.6773e-03, 1.4346e-03, 1.2201e-02, 1.1126e-05, 1.8344e-05, 1.1220e-01,
        2.7070e-02, 7.0615e-03, 2.0116e-02, 1.1414e-04, 8.3858e-03, 4.4257e-06,
        5.4453e-04, 3.5305e-02, 1.2787e-02, 2.5830e-02, 3.5305e-02, 4.9017e-02,
        2.3519e-02, 7.8447e-05, 6.2056e-05, 5.0074e-03, 2.1909e-06, 2.0786e-05,
        9.7481e-02, 5.9126e-02, 7.8117e-07, 3.7268e-06, 9.6115e-05, 5.2257e-05,
        1.2608e-05, 5.5945e-06, 2.8859e-05, 1.3905e-03, 1.2290e-06, 1.5937e-05,
        2.4163e-04, 1.7134e-04, 1.5208e-05, 1.2201e-02, 2.6843e-06, 2.4826e-06,
        1.0496e-03, 1.5272e-03, 1.9224e-05, 1.1962e-04, 8.2088e-02, 2.6690e-05,
        9.9734e-06, 2.3554e-05, 1.6965e-05, 6.8443e-03, 1.6537e-06, 1.2988e-02,
        1.1844e-05, 1.0290e-05, 1.5447e-05, 9.9166e-05, 5.1663e-03, 9.1575e-02,
        1.1844e-05, 1.3632e-05, 3.9386e-02, 4.3322e-05, 2.0464e-05, 1.5690e-05,
        5.6503e-05, 5.3303e-03, 3.7000e-02, 1.7957e-04, 4.2895e-06, 1.2393e-02,
        2.5978e-03, 3.9838e-04, 3.4758e-02, 6.3662e-04, 5.4765e-05, 2.1536e-03,
        1.4044e-02, 2.4404e-03, 8.0138e-06, 6.8443e-03, 1.7232e-05, 4.9372e-06,
        1.1109e-02, 1.9115e-04, 1.0274e-02, 2.9024e-06], device='cuda:0',
       grad_fn=<SelectBackward0>)
probs reshaped torch.Size([1, 240, 100])
probs tensor([[23.5000, 24.6875, 29.7500,  ..., 25.0000, 28.9844, 20.8125],
        [23.4688, 24.4375, 30.7500,  ..., 24.9375, 29.7031, 20.2969],
        [20.4688, 20.7031, 27.7344,  ..., 22.0469, 26.2656, 16.8750],
        ...,
        [22.9219, 23.7344, 28.2188,  ..., 26.1562, 27.4844, 21.6094],
        [22.5781, 24.1719, 27.7344,  ..., 26.0625, 26.7031, 20.9688],
        [22.7344, 23.9531, 27.7812,  ..., 26.2969, 26.8594, 21.4531]],
       device='cuda:0', dtype=torch.float16, grad_fn=<SelectBackward0>)
tensor([6.6825e-05, 2.5617e-04, 1.4657e-02, 1.7234e-03, 2.5220e-04, 1.7782e-03,
        3.5920e-03, 5.9561e-04, 6.3041e-03, 3.7272e-04, 6.1101e-03, 1.5782e-04,
        1.6967e-03, 9.3702e-04, 2.1449e-03, 3.8675e-05, 2.9194e-05, 3.2519e-02,
        1.6871e-02, 4.2656e-03, 1.3769e-02, 5.7728e-04, 7.8905e-04, 5.7486e-06,
        3.9061e-04, 5.6510e-03, 3.5920e-03, 1.1415e-02, 1.0557e-02, 1.0394e-02,
        1.7506e-03, 1.2485e-04, 8.5805e-05, 1.1661e-03, 3.7116e-06, 6.3765e-05,
        1.5849e-02, 3.5161e-02, 9.5321e-07, 2.7154e-06, 1.0190e-04, 3.1566e-05,
        1.1981e-05, 3.6540e-06, 2.5763e-05, 1.8635e-03, 2.3226e-06, 4.4515e-05,
        3.2383e-04, 7.3393e-05, 1.1432e-05, 3.5363e-03, 3.6540e-06, 5.9311e-06,
        4.1343e-03, 2.9028e-04, 2.9194e-05, 2.6430e-04, 1.6098e-02, 4.8890e-05,
        8.4959e-06, 3.3602e-05, 6.8266e-06, 1.3634e-03, 7.2669e-06, 5.6510e-03,
        3.4326e-06, 3.4131e-05, 2.7425e-05, 1.2100e-04, 3.4815e-03, 1.8529e-02,
        1.3159e-05, 2.1695e-05, 9.7640e-03, 2.9194e-05, 6.2776e-05, 4.7386e-05,
        1.8451e-04, 2.3557e-03, 6.9529e-01, 1.0032e-04, 1.3576e-05, 2.5872e-03,
        1.4741e-03, 9.9745e-04, 5.9222e-03, 5.9561e-04, 1.2681e-04, 1.3848e-03,
        7.6477e-04, 9.2249e-04, 5.3166e-06, 3.9450e-03, 7.9811e-06, 1.3790e-05,
        8.7524e-03, 5.4231e-04, 2.1786e-03, 1.0248e-05], device='cuda:1',
       grad_fn=<SelectBackward0>)
probs reshaped torch.Size([1, 240, 100])
probs tensor([[23.5312, 24.8750, 28.9219,  ..., 25.6250, 27.0156, 21.6562],
        [23.3906, 24.3594, 27.9375,  ..., 25.3594, 27.0938, 20.5312],
        [23.7500, 25.0312, 28.6250,  ..., 25.9688, 27.4688, 21.0312],
        ...,
        [21.2969, 22.0625, 28.1250,  ..., 24.2812, 25.9375, 18.9375],
        [21.1094, 22.2031, 27.8750,  ..., 24.6562, 25.9531, 19.2812],
        [21.3125, 22.6719, 28.3906,  ..., 24.7188, 26.8438, 18.9688]],
       device='cuda:1', dtype=torch.float16, grad_fn=<SelectBackward0>)
img shape torch.Size([1, 240, 3, 224, 224])
img shape torch.Size([1, 240, 3, 224, 224])
shape of clip output torch.Size([240, 100]) torch.Size([100, 240])
logits_per_image tensor([24.1406, 25.5312, 28.8750, 27.5781, 26.1250, 27.0156, 27.0781, 25.5938,
        27.6094, 27.0156, 28.1094, 24.2188, 28.3906, 27.7656, 28.0312, 24.5000,
        23.2656, 29.7500, 31.0156, 29.4688, 26.9219, 24.2031, 25.6719, 24.2969,
        25.9062, 28.1094, 29.9062, 31.3594, 30.3750, 29.2344, 28.9531, 24.9062,
        25.1719, 28.4062, 22.2188, 24.3906, 29.9219, 29.8594, 22.2031, 22.2812,
        25.0312, 25.1562, 22.6250, 23.1406, 23.7812, 27.3594, 21.9375, 23.6250,
        26.7344, 24.4219, 24.0781, 28.6406, 21.6719, 23.4844, 27.5000, 27.5000,
        23.9688, 27.6406, 28.8906, 23.8750, 23.5469, 23.7969, 25.3438, 27.3125,
        22.0938, 28.4062, 23.9531, 24.5156, 23.2500, 25.8750, 29.1250, 31.3750,
        22.5938, 23.2656, 29.7031, 24.0938, 24.0312, 23.0781, 25.2344, 28.2656,
        28.7812, 25.0938, 23.9062, 28.2188, 27.6250, 27.1250, 29.2812, 27.0938,
        25.8281, 27.5781, 27.8906, 27.5312, 23.0312, 28.9844, 23.8281, 22.4219,
        28.3594, 26.8594, 29.6719, 22.8281], device='cuda:1',
       dtype=torch.float16, grad_fn=<SelectBackward0>)
probs shape torch.Size([240, 100])
probs shape of clip output torch.Size([240, 100]) torch.Size([100, 240])
logits_per_image tensor([1.1804e-04, 4.7422e-04, 1.3432e-02, 3.6722e-03, 8.5870e-04, 2.0924e-03,
        2.2273e-03, 5.0480e-04, 3.7888e-03, 2.0924e-03, 6.2466e-03, 1.2763e-04,
        8.2754e-03, 4.4295e-03, 5.7772e-03, 1.6909e-04, 4.9208e-05, 3.2223e-02,
        1.1424e-01, 2.4323e-02, 1.9051e-03, 1.2566e-04, 5.4582e-04, 1.3801e-04,
        6.8999e-04, 6.2466e-03, 3.7672e-02, 1.6110e-01, 6.0200e-02, 1.9241e-02,
        1.4524e-02, 2.5383e-04, 3.3106e-04, 8.4057e-03, 1.7273e-05, 1.5157e-04,
        3.8265e-02, 3.5947e-02, 1.7006e-05, 1.8388e-05, 2.8763e-04, 3.2593e-04,
        2.5931e-05, 4.3425e-05, 8.2407e-05, 2.9507e-03, 1.3039e-05, 7.0487e-05,
        1.5794e-03, 1.5638e-04, 1.1089e-04, 1.0626e-02, 9.9971e-06, 6.1240e-05,
        3.3962e-03, 3.3962e-03, 9.9402e-05, 3.9090e-03, 1.3644e-02, 9.0506e-05,
        6.5189e-05, 8.3705e-05, 3.9314e-04, 2.8156e-03, 1.5244e-05, 8.4057e-03,
        9.7861e-05, 1.7175e-04, 4.8445e-05, 6.6876e-04, 1.7247e-02, 1.6364e-01,
        2.5133e-05, 4.9208e-05, 3.0747e-02, 1.1264e-04, 1.0581e-04, 4.0794e-05,
        3.5241e-04, 7.3030e-03, 1.2230e-02, 3.0618e-04, 9.3379e-05, 6.9686e-03,
        3.8484e-03, 2.3342e-03, 2.0164e-02, 2.2624e-03, 6.3813e-04, 3.6722e-03,
        5.0193e-03, 3.5040e-03, 3.8926e-05, 1.4985e-02, 8.6362e-05, 2.1164e-05,
        8.0208e-03, 1.7897e-03, 2.9801e-02, 3.1771e-05], device='cuda:1',
       grad_fn=<SelectBackward0>)
probs reshaped torch.Size([1, 240, 100])
probs tensor([22.2656, 23.8125, 29.0938, 27.4844, 26.0156, 27.3438, 25.0938, 22.4375,
        25.4062, 24.1406, 27.9844, 25.0000, 25.7812, 24.7500, 30.0156, 21.0625,
        19.6250, 34.6250, 29.5781, 27.7031, 28.2812, 21.4844, 27.4688, 21.3906,
        24.3281, 27.7500, 27.3125, 30.2500, 29.9688, 29.6406, 27.3125, 21.9062,
        22.6562, 27.2031, 18.3750, 21.8750, 30.2656, 29.5781, 17.9844, 20.7031,
        22.3906, 21.9844, 19.4375, 19.2031, 20.8594, 24.7031, 18.7031, 20.5625,
        23.8750, 22.8125, 21.6250, 27.5156, 18.6250, 19.9375, 25.0625, 27.1094,
        19.8750, 25.0625, 29.4062, 21.5938, 18.3594, 21.0469, 22.5156, 28.3906,
        19.9219, 28.5469, 21.0625, 20.4375, 21.7188, 24.8594, 28.3438, 29.2031,
        20.4688, 20.4062, 28.2969, 21.0156, 21.8281, 22.4062, 21.9062, 27.6875,
        26.7969, 22.3906, 18.9688, 29.7969, 25.4219, 23.3906, 27.9844, 24.5625,
        22.4531, 26.9219, 26.7969, 27.6250, 18.6719, 28.6406, 22.7656, 18.7812,
        28.5000, 25.7344, 27.1875, 18.7500], device='cuda:0',
       dtype=torch.float16, grad_fn=<SelectBackward0>)
probs shape torch.Size([240, 100])
probs tensor([[24.1406, 25.5312, 28.8750,  ..., 26.8594, 29.6719, 22.8281],
        [23.1406, 24.6406, 28.3125,  ..., 26.1875, 27.8125, 21.9688],
        [23.0000, 24.5312, 29.0938,  ..., 25.5156, 28.7188, 21.7969],
        ...,
        [24.4219, 25.8438, 29.8438,  ..., 26.5312, 28.6094, 21.2656],
        [23.8906, 25.1719, 29.4688,  ..., 25.8906, 28.9062, 20.9062],
        [24.2344, 25.0000, 28.9219,  ..., 25.8594, 29.3125, 21.1250]],
       device='cuda:1', dtype=torch.float16, grad_fn=<SelectBackward0>)
tensor([3.8436e-06, 1.8053e-05, 3.5494e-03, 7.0993e-04, 1.6343e-04, 6.1680e-04,
        6.5010e-05, 4.5644e-06, 8.8858e-05, 2.5064e-05, 1.1705e-03, 5.9192e-05,
        1.2929e-04, 4.6099e-05, 8.9232e-03, 1.1541e-06, 2.7411e-07, 8.9608e-01,
        5.7613e-03, 8.8352e-04, 1.5750e-03, 1.7597e-06, 6.9892e-04, 1.6023e-06,
        3.0232e-05, 9.2592e-04, 5.9782e-04, 1.1280e-02, 8.5146e-03, 6.1329e-03,
        5.9782e-04, 2.6833e-06, 5.6805e-06, 5.3588e-04, 7.8535e-08, 2.6007e-06,
        1.1458e-02, 5.7613e-03, 5.3139e-08, 8.0567e-07, 4.3554e-06, 2.9013e-06,
        2.2725e-07, 1.7977e-07, 9.4192e-07, 4.3988e-05, 1.0904e-07, 6.9998e-07,
        1.9217e-05, 6.6412e-06, 2.0254e-06, 7.3246e-04, 1.0084e-07, 3.7467e-07,
        6.3010e-05, 4.8793e-04, 3.5197e-07, 6.3010e-05, 4.8515e-03, 1.9631e-06,
        7.7318e-08, 1.1362e-06, 4.9353e-06, 1.7571e-03, 3.6886e-07, 2.0542e-03,
        1.1541e-06, 6.1773e-07, 2.2245e-06, 5.1427e-05, 1.6766e-03, 3.9597e-03,
        6.3733e-07, 5.9872e-07, 1.5998e-03, 1.1012e-06, 2.4816e-06, 4.4240e-06,
        2.6833e-06, 8.6982e-04, 3.5697e-04, 4.3554e-06, 1.4221e-07, 7.1700e-03,
        9.0257e-05, 1.1839e-05, 1.1705e-03, 3.8217e-05, 4.6363e-06, 4.0451e-04,
        3.5697e-04, 8.1712e-04, 1.0568e-07, 2.2562e-03, 6.3371e-06, 1.1790e-07,
        1.9602e-03, 1.2337e-04, 5.2757e-04, 1.1427e-07], device='cuda:0',
       grad_fn=<SelectBackward0>)
probs reshaped torch.Size([1, 240, 100])
probs tensor([[22.2656, 23.8125, 29.0938,  ..., 25.7344, 27.1875, 18.7500],
        [22.1250, 23.7656, 28.1719,  ..., 25.8125, 25.9531, 18.4844],
        [23.9375, 26.7344, 30.2812,  ..., 27.8594, 28.7969, 21.4375],
        ...,
        [23.7812, 25.1250, 29.3906,  ..., 26.5156, 29.0938, 21.9375],
        [24.4375, 25.5938, 28.5938,  ..., 26.8125, 29.4531, 22.9062],
        [22.9531, 23.9531, 27.7969,  ..., 25.3750, 27.7188, 22.3906]],
       device='cuda:0', dtype=torch.float16, grad_fn=<SelectBackward0>)
img shape torch.Size([1, 240, 3, 224, 224])
img shape torch.Size([1, 240, 3, 224, 224])
shape of clip output torch.Size([240, 100]) torch.Size([100, 240])
logits_per_image shape of clip output torch.Size([240, 100]) torch.Size([100, 240])
logits_per_image tensor([23.1875, 23.6562, 28.8438, 28.2031, 25.4688, 27.7344, 26.5469, 24.6406,
        27.0781, 25.0000, 29.1250, 26.0938, 26.2969, 26.8594, 27.9062, 22.3906,
        20.5938, 30.6719, 28.9844, 28.5312, 27.2500, 23.2656, 26.7969, 20.7031,
        24.4062, 27.8750, 28.3594, 29.5469, 29.6562, 30.0469, 28.4062, 23.4531,
        23.4375, 27.1250, 20.2344, 23.0312, 28.8125, 29.4531, 19.1250, 20.5000,
        23.0781, 22.1719, 21.9219, 21.7344, 21.7031, 26.2031, 18.8594, 21.5469,
        24.7500, 23.3281, 21.7812, 28.9062, 20.5469, 20.2344, 26.3906, 26.0000,
        21.6562, 24.2500, 29.2188, 22.4688, 21.6094, 23.0781, 22.5156, 26.7031,
        20.5781, 28.3750, 21.3906, 22.5312, 22.2812, 23.5000, 27.5938, 29.9531,
        23.2031, 21.0000, 29.4688, 23.0625, 22.1094, 23.8906, 23.9531, 27.6250,
        28.2656, 23.7656, 21.3438, 27.7344, 26.5469, 28.6719, 28.4844, 25.0938,
        22.9844, 25.6875, 26.8125, 27.4531, 20.6562, 28.0625, 21.5469, 20.8281,
        27.4688, 24.7656, 28.1406, 20.5156], device='cuda:1',
       dtype=torch.float16, grad_fn=<SelectBackward0>)
probs shape torch.Size([240, 100])
probs tensor([21.7344, 22.3281, 27.8594, 26.2500, 23.8594, 26.2969, 25.5938, 23.7031,
        26.7500, 23.7188, 27.4844, 24.3125, 25.2656, 25.1250, 25.9219, 20.9375,
        19.7344, 27.8594, 27.2969, 26.9219, 26.7031, 22.7812, 26.2969, 19.3594,
        22.8438, 26.3438, 27.2969, 27.5312, 27.1562, 28.5312, 26.1094, 22.0781,
        22.4531, 25.5312, 18.4688, 21.7188, 27.2344, 27.6406, 17.9375, 19.0000,
        22.0938, 20.8750, 20.6094, 20.4844, 20.9688, 25.4688, 17.0781, 20.9688,
        23.3906, 21.9844, 20.1875, 27.0469, 18.8750, 19.2500, 26.0156, 24.3438,
        20.2812, 23.4375, 28.5156, 20.9219, 20.5469, 21.6094, 20.7812, 27.2656,
        19.5000, 26.3281, 20.3750, 21.2812, 20.4062, 21.8750, 26.6875, 28.7969,
        21.5000, 20.2031, 27.5156, 21.5312, 21.9062, 22.4219, 22.7344, 25.5781,
        27.2656, 22.2500, 19.8750, 26.0000, 26.1250, 26.5469, 27.9375, 24.0781,
        22.0938, 24.4062, 25.0000, 25.6406, 19.6250, 26.1562, 20.3594, 19.2344,
        26.5781, 23.7812, 27.0938, 19.3594], device='cuda:0',
       dtype=torch.float16, grad_fn=<SelectBackward0>)
probs shape torch.Size([240, 100])
probs tensor([9.1611e-05, 1.4639e-04, 2.6208e-02, 1.3810e-02, 8.9677e-04, 8.6423e-03,
        2.6358e-03, 3.9177e-04, 4.4836e-03, 5.6119e-04, 3.4719e-02, 1.6754e-03,
        2.0527e-03, 3.6027e-03, 1.0263e-02, 4.1292e-05, 6.8469e-06, 1.6307e-01,
        3.0165e-02, 1.9174e-02, 5.3244e-03, 9.9055e-05, 3.3844e-03, 7.6383e-06,
        3.0992e-04, 9.9473e-03, 1.6146e-02, 5.2941e-02, 5.9060e-02, 8.7284e-02,
        1.6921e-02, 1.1948e-04, 1.1763e-04, 4.6988e-03, 4.7799e-06, 7.8359e-05,
        2.5401e-02, 4.8203e-02, 1.5763e-06, 6.2342e-06, 8.2120e-05, 3.3179e-05,
        2.5840e-05, 2.1422e-05, 2.0763e-05, 1.8690e-03, 1.2086e-06, 1.7760e-05,
        4.3705e-04, 1.0544e-04, 2.2450e-05, 2.7898e-02, 6.5334e-06, 4.7799e-06,
        2.2545e-03, 1.5255e-03, 1.9812e-05, 2.6509e-04, 3.8132e-02, 4.4648e-05,
        1.8905e-05, 8.2120e-05, 4.6790e-05, 3.0815e-03, 6.7408e-06, 1.6400e-02,
        1.5191e-05, 4.7527e-05, 3.7014e-05, 1.2522e-04, 7.5086e-03, 7.9473e-02,
        9.3054e-05, 1.0278e-05, 4.8962e-02, 8.0846e-05, 3.1169e-05, 1.8506e-04,
        1.9699e-04, 7.7469e-03, 1.4701e-02, 1.6331e-04, 1.4495e-05, 8.6423e-03,
        2.6358e-03, 2.2069e-02, 1.8296e-02, 6.1634e-04, 7.4771e-05, 1.1161e-03,
        3.4377e-03, 6.5236e-03, 7.2885e-06, 1.1999e-02, 1.7760e-05, 8.6553e-06,
        6.6263e-03, 4.4393e-04, 1.2974e-02, 6.3324e-06], device='cuda:1',
       grad_fn=<SelectBackward0>)
probs reshaped torch.Size([1, 240, 100])
probs tensor([[23.1875, 23.6562, 28.8438,  ..., 24.7656, 28.1406, 20.5156],
        [23.0000, 23.7031, 28.5156,  ..., 25.3750, 27.5469, 20.9375],
        [23.0625, 23.9531, 27.8281,  ..., 24.6406, 26.0938, 20.9531],
        ...,
        [22.0938, 22.3281, 27.8281,  ..., 23.1562, 27.1406, 18.8906],
        [22.3594, 22.5156, 27.8750,  ..., 23.7969, 27.3125, 19.3906],
        [22.7969, 22.6562, 27.1250,  ..., 24.3438, 26.3906, 19.4844]],
       device='cuda:1', dtype=torch.float16, grad_fn=<SelectBackward0>)
tensor([1.0154e-04, 1.8387e-04, 4.6419e-02, 9.2844e-03, 8.5019e-04, 9.7300e-03,
        4.8167e-03, 7.2721e-04, 1.5307e-02, 7.3866e-04, 3.1903e-02, 1.3375e-03,
        3.4693e-03, 3.0142e-03, 6.6873e-03, 4.5768e-05, 1.3742e-05, 4.6419e-02,
        2.6449e-02, 1.8178e-02, 1.4606e-02, 2.8926e-04, 9.7300e-03, 9.4448e-06,
        3.0792e-04, 1.0197e-02, 2.6449e-02, 3.3434e-02, 2.2979e-02, 9.0884e-02,
        8.0664e-03, 1.4320e-04, 2.0835e-04, 4.5249e-03, 3.8761e-06, 9.9967e-05,
        2.4846e-02, 3.7299e-02, 2.2787e-06, 6.5935e-06, 1.4545e-04, 4.2995e-05,
        3.2966e-05, 2.9092e-05, 4.7221e-05, 4.2507e-03, 9.6485e-07, 4.7221e-05,
        5.3204e-04, 1.3038e-04, 2.1619e-05, 2.0598e-02, 5.8188e-06, 8.4663e-06,
        7.3446e-03, 1.3800e-03, 2.3744e-05, 5.5757e-04, 8.9475e-02, 4.5059e-05,
        3.0968e-05, 8.9610e-05, 3.9148e-05, 2.5635e-02, 1.0871e-05, 1.0039e-02,
        2.6078e-05, 6.4544e-05, 2.6906e-05, 1.1687e-04, 1.4380e-02, 1.1854e-01,
        8.0326e-05, 2.1960e-05, 3.2916e-02, 8.2876e-05, 1.2058e-04, 2.0194e-04,
        2.7602e-04, 4.7420e-03, 2.5635e-02, 1.7005e-04, 1.5817e-05, 7.2307e-03,
        8.1934e-03, 1.2494e-02, 5.0191e-02, 1.0581e-03, 1.4545e-04, 1.4690e-03,
        2.6600e-03, 5.0478e-03, 1.2318e-05, 8.4535e-03, 2.5674e-05, 8.3350e-06,
        1.2890e-02, 7.8630e-04, 2.1587e-02, 9.4448e-06], device='cuda:0',
       grad_fn=<SelectBackward0>)
probs reshaped torch.Size([1, 240, 100])
probs tensor([[21.7344, 22.3281, 27.8594,  ..., 23.7812, 27.0938, 19.3594],
        [22.2969, 22.2656, 27.6094,  ..., 24.1250, 26.9062, 19.1562],
        [23.1562, 23.2344, 27.9375,  ..., 23.9688, 27.8125, 19.9844],
        ...,
        [23.3906, 23.2656, 28.2344,  ..., 24.1719, 27.9688, 19.8594],
        [23.5781, 24.3906, 29.0469,  ..., 25.1250, 28.8750, 21.2656],
        [23.7031, 24.0781, 28.3750,  ..., 25.2188, 27.8906, 21.4062]],
       device='cuda:0', dtype=torch.float16, grad_fn=<SelectBackward0>)
img shape torch.Size([1, 240, 3, 224, 224])
img shape torch.Size([1, 240, 3, 224, 224])
shape of clip output torch.Size([240, 100]) torch.Size([100, 240])
logits_per_image tensor([25.4219, 24.2812, 26.9844, 25.1094, 25.2344, 25.3438, 28.5938, 25.7656,
        27.2500, 27.0000, 26.3125, 22.3594, 26.7500, 26.9844, 27.1250, 26.3750,
        22.9688, 27.3125, 28.8125, 27.4688, 22.8281, 25.0000, 23.6250, 23.2031,
        25.6250, 25.4844, 27.4688, 27.7188, 26.2188, 26.7500, 26.2500, 25.6719,
        26.0312, 25.7031, 22.5156, 25.9531, 25.7188, 28.6719, 21.4844, 23.8594,
        25.0000, 25.1719, 24.1562, 23.0312, 25.3281, 28.0156, 21.4375, 25.7656,
        27.4688, 24.2969, 23.8750, 26.5000, 23.5312, 23.0625, 27.6875, 24.2344,
        24.0312, 24.6562, 26.0469, 24.2188, 24.4219, 24.0625, 23.9688, 25.5000,
        25.6875, 24.5469, 23.0156, 25.6562, 24.6406, 25.5938, 26.4219, 28.9375,
        23.9688, 21.6562, 26.6406, 24.5938, 25.0156, 25.1406, 26.6562, 25.9688,
        25.1562, 25.5625, 23.5469, 26.3906, 26.6875, 31.6094, 27.8438, 26.6562,
        26.7812, 26.9844, 24.1562, 25.0625, 24.1250, 27.2188, 24.7500, 22.3750,
        26.3906, 24.5781, 27.3594, 22.7500], device='cuda:0',
       dtype=torch.float16, grad_fn=<SelectBackward0>)
probs shape torch.Size([240, 100])
probs shape of clip output torch.Size([240, 100]) torch.Size([100, 240])
logits_per_image tensor([1.2459e-03, 3.9821e-04, 5.9437e-03, 9.1150e-04, 1.0329e-03, 1.1522e-03,
        2.9717e-02, 1.7570e-03, 7.7521e-03, 6.0373e-03, 3.0358e-03, 5.8270e-05,
        4.7019e-03, 5.9437e-03, 6.8412e-03, 3.2316e-03, 1.0718e-04, 8.2521e-03,
        3.6983e-02, 9.6476e-03, 9.3116e-05, 8.1706e-04, 2.0659e-04, 1.3548e-04,
        1.5265e-03, 1.3262e-03, 9.6476e-03, 1.2388e-02, 2.7641e-03, 4.7019e-03,
        2.8518e-03, 1.5997e-03, 2.2915e-03, 1.6505e-03, 6.8125e-05, 2.1193e-03,
        1.6765e-03, 3.2132e-02, 2.4291e-05, 2.6115e-04, 8.1706e-04, 9.7029e-04,
        3.5141e-04, 1.1409e-04, 1.1344e-03, 1.6670e-02, 2.3178e-05, 1.7570e-03,
        9.6476e-03, 4.0448e-04, 2.6526e-04, 3.6618e-03, 1.8810e-04, 1.1771e-04,
        1.2007e-02, 3.7997e-04, 3.1012e-04, 5.7939e-04, 2.3276e-03, 3.7408e-04,
        4.5833e-04, 3.1997e-04, 2.9133e-04, 1.3471e-03, 1.6249e-03, 5.1936e-04,
        1.1232e-04, 1.5749e-03, 5.7040e-04, 1.4795e-03, 3.3866e-03, 4.1907e-02,
        2.9133e-04, 2.8846e-05, 4.2147e-03, 5.4428e-04, 8.2993e-04, 9.4044e-04,
        4.2811e-03, 2.1527e-03, 9.5524e-04, 1.4340e-03, 1.9106e-04, 3.2824e-03,
        4.4170e-03, 6.0628e-01, 1.4037e-02, 4.2811e-03, 4.8511e-03, 5.9437e-03,
        3.5141e-04, 8.6976e-04, 3.4060e-04, 7.5136e-03, 6.3633e-04, 5.9188e-05,
        3.2824e-03, 5.3584e-04, 8.6481e-03, 8.6118e-05], device='cuda:0',
       grad_fn=<SelectBackward0>)
probs reshaped torch.Size([1, 240, 100])
probs tensor([23.8594, 23.3125, 22.1406, 22.9219, 23.6875, 21.7656, 26.3281, 26.6094,
        24.9531, 23.8281, 24.0469, 20.8906, 26.5625, 22.2031, 18.4688, 25.2500,
        21.8750, 22.1875, 26.3594, 24.2656, 16.2500, 24.4219, 23.0625, 21.5469,
        23.8281, 21.9688, 23.1719, 23.2344, 21.6406, 22.2188, 23.1719, 23.5625,
        22.9688, 24.5469, 22.0156, 24.7500, 22.8594, 23.7031, 20.7812, 23.0938,
        22.5469, 24.5781, 21.0781, 23.0312, 24.0000, 23.5625, 20.4844, 24.4219,
        26.9062, 22.4219, 21.8594, 19.8125, 21.7031, 20.1094, 26.0938, 23.5469,
        23.9844, 22.8125, 19.2031, 21.2969, 25.1875, 20.3906, 20.9219, 23.0469,
        23.4688, 20.2656, 19.4531, 21.0938, 22.0000, 23.6250, 24.9688, 24.3750,
        19.7969, 20.6406, 19.6250, 21.0312, 22.5156, 21.8906, 20.5625, 24.2188,
        19.7812, 24.2031, 22.1875, 23.9844, 23.8281, 24.0000, 26.3438, 25.3281,
        24.4844, 24.6562, 19.7812, 22.5469, 24.7812, 23.0312, 25.6875, 18.9844,
        22.7969, 26.0312, 22.5469, 21.8438], device='cuda:1',
       dtype=torch.float16, grad_fn=<SelectBackward0>)
probs shape torch.Size([240, 100])
probs tensor([[25.4219, 24.2812, 26.9844,  ..., 24.5781, 27.3594, 22.7500],
        [24.8594, 24.2188, 27.6875,  ..., 23.7969, 28.2500, 22.0156],
        [25.0625, 24.3750, 27.9531,  ..., 24.0312, 28.7344, 22.7969],
        ...,
        [24.4844, 23.9062, 21.7969,  ..., 26.5156, 21.8750, 22.7969],
        [24.1875, 23.3906, 20.9375,  ..., 26.2031, 21.0781, 22.4688],
        [24.4219, 23.8281, 21.8750,  ..., 26.2812, 21.7812, 22.5625]],
       device='cuda:0', dtype=torch.float16, grad_fn=<SelectBackward0>)
tensor([5.6051e-03, 3.2440e-03, 1.0049e-03, 2.1950e-03, 4.7200e-03, 6.9068e-04,
        6.6183e-02, 8.7678e-02, 1.6734e-02, 5.4326e-03, 6.7610e-03, 2.8792e-04,
        8.3663e-02, 1.0697e-03, 2.5554e-05, 2.2518e-02, 7.7051e-04, 1.0532e-03,
        6.8284e-02, 8.4142e-03, 2.7789e-06, 9.8372e-03, 2.5264e-03, 5.5498e-04,
        5.4326e-03, 8.4624e-04, 2.8184e-03, 3.0002e-03, 6.0952e-04, 1.0866e-03,
        2.8184e-03, 4.1653e-03, 2.3003e-03, 1.1147e-02, 8.8685e-04, 1.3658e-02,
        2.0620e-03, 4.7943e-03, 2.5809e-04, 2.6066e-03, 1.5086e-03, 1.1501e-02,
        3.4730e-04, 2.4487e-03, 6.4514e-03, 4.1653e-03, 1.9180e-04, 9.8372e-03,
        1.1798e-01, 1.3313e-03, 7.5857e-04, 9.7959e-05, 6.4884e-04, 1.3182e-04,
        5.2355e-02, 4.1008e-03, 6.3514e-03, 1.9676e-03, 5.3260e-05, 4.3222e-04,
        2.1153e-02, 1.7463e-04, 2.9706e-04, 2.4872e-03, 3.7926e-03, 1.5411e-04,
        6.8387e-05, 3.5277e-04, 8.7310e-04, 4.4340e-03, 1.6997e-02, 9.3867e-03,
        9.6441e-05, 2.2423e-04, 8.1211e-05, 3.3139e-04, 1.4622e-03, 7.8264e-04,
        2.0738e-04, 8.0289e-03, 9.4946e-05, 7.9044e-03, 1.0532e-03, 6.3514e-03,
        5.4326e-03, 6.4514e-03, 6.7225e-02, 2.4347e-02, 1.0472e-02, 1.2435e-02,
        9.4946e-05, 1.5086e-03, 1.4091e-02, 2.4487e-03, 3.4876e-02, 4.2795e-05,
        1.9371e-03, 4.9183e-02, 1.5086e-03, 7.4680e-04], device='cuda:1',
       grad_fn=<SelectBackward0>)
probs reshaped torch.Size([1, 240, 100])
probs tensor([[23.8594, 23.3125, 22.1406,  ..., 26.0312, 22.5469, 21.8438],
        [24.6094, 24.1875, 22.2969,  ..., 26.5312, 22.5938, 22.8438],
        [24.4844, 24.0781, 22.6094,  ..., 26.5625, 22.9375, 22.6406],
        ...,
        [28.4375, 28.0000, 25.5469,  ..., 27.2188, 26.4219, 25.2656],
        [29.0312, 29.2500, 26.2500,  ..., 26.8906, 26.7656, 26.7656],
        [29.6406, 29.9531, 27.0781,  ..., 28.0781, 27.3438, 26.8750]],
       device='cuda:1', dtype=torch.float16, grad_fn=<SelectBackward0>)
img shape torch.Size([1, 240, 3, 224, 224])
img shape torch.Size([1, 240, 3, 224, 224])
shape of clip output torch.Size([240, 100]) torch.Size([100, 240])
logits_per_image tensor([23.5312, 25.0000, 28.3125, 28.7656, 26.3438, 26.8281, 26.7031, 25.1094,
        27.5312, 25.2812, 29.0781, 24.4219, 27.7812, 27.1406, 27.0781, 23.2031,
        21.9844, 30.8281, 31.3125, 30.1719, 26.9062, 23.7500, 26.5625, 23.4844,
        25.6094, 28.6250, 28.1719, 30.4062, 29.9375, 30.8750, 28.2031, 23.9062,
        23.3906, 28.9219, 21.4688, 23.4844, 30.8438, 29.1406, 22.0000, 22.9062,
        23.6250, 24.2969, 21.6562, 21.7969, 23.0156, 26.9219, 19.6250, 22.8125,
        26.2344, 23.4062, 23.7812, 27.1875, 20.4062, 21.8906, 26.1094, 27.8750,
        23.2656, 27.2969, 28.5000, 22.8438, 22.4062, 22.0781, 24.4844, 27.6094,
        21.0625, 28.4375, 23.1094, 22.7188, 23.0781, 24.9219, 29.7500, 30.7031,
        21.2812, 21.3438, 28.1719, 22.5938, 23.3125, 21.3906, 24.5312, 28.6250,
        26.3906, 23.8281, 22.5938, 29.4844, 27.9375, 24.0938, 29.2031, 26.7656,
        24.8906, 27.6562, 27.0469, 28.6562, 22.2500, 28.2969, 24.6562, 20.7656,
        28.0781, 26.3438, 29.8750, 21.5000], device='cuda:1',
       dtype=torch.float16, grad_fn=<SelectBackward0>)
probs shape torch.Size([240, 100])
probs tensor([6.4303e-05, 2.7932e-04, 7.6683e-03, 1.2064e-02, 1.0707e-03, 1.7380e-03,
        1.5338e-03, 3.1160e-04, 3.5108e-03, 3.7004e-04, 1.6489e-02, 1.5668e-04,
        4.5080e-03, 2.3755e-03, 2.2316e-03, 4.6315e-05, 1.3691e-05, 9.4890e-02,
        1.5402e-01, 4.9228e-02, 1.8792e-03, 8.0026e-05, 1.3325e-03, 6.1358e-05,
        5.1374e-04, 1.0481e-02, 6.6623e-03, 6.2230e-02, 3.8943e-02, 9.9444e-02,
        6.8738e-03, 9.3560e-05, 5.5867e-05, 1.4104e-02, 8.1752e-06, 6.1358e-05,
        9.6384e-02, 1.7553e-02, 1.3906e-05, 3.4419e-05, 7.0623e-05, 1.3827e-04,
        9.8611e-06, 1.1350e-05, 3.8397e-05, 1.9088e-03, 1.2935e-06, 3.1339e-05,
        9.5980e-04, 5.6747e-05, 8.2566e-05, 2.4895e-03, 2.8253e-06, 1.2466e-05,
        8.4702e-04, 4.9510e-03, 4.9302e-05, 2.7773e-03, 9.2497e-03, 3.2333e-05,
        2.0876e-05, 1.5036e-05, 1.6679e-04, 3.7961e-03, 5.4458e-06, 8.6893e-03,
        4.2171e-05, 2.8534e-05, 4.0873e-05, 2.5833e-04, 3.2285e-02, 8.3740e-02,
        6.7774e-06, 7.2145e-06, 6.6623e-03, 2.5181e-05, 5.1669e-05, 7.5608e-06,
        1.7479e-04, 1.0481e-02, 1.1221e-03, 8.6529e-05, 2.5181e-05, 2.4754e-02,
        5.2703e-03, 1.1285e-04, 1.8685e-02, 1.6327e-03, 2.5038e-04, 3.9783e-03,
        2.1629e-03, 1.0814e-02, 1.7856e-05, 7.5494e-03, 1.9807e-04, 4.0470e-06,
        6.0661e-03, 1.0707e-03, 3.6583e-02, 8.4347e-06], device='cuda:1',
       grad_fn=<SelectBackward0>)
probs reshaped torch.Size([1, 240, 100])
probs shape of clip output torch.Size([240, 100]) torch.Size([100, 240])
logits_per_image tensor([[23.5312, 25.0000, 28.3125,  ..., 26.3438, 29.8750, 21.5000],
        [23.9219, 25.3438, 28.4531,  ..., 26.6250, 30.0781, 22.8594],
        [23.2031, 23.8594, 27.9219,  ..., 25.6406, 29.0625, 21.7188],
        ...,
        [25.0156, 26.6719, 28.3281,  ..., 27.5156, 30.2344, 23.9531],
        [24.1406, 25.4375, 27.8906,  ..., 26.3438, 30.2188, 21.8750],
        [24.1562, 26.2656, 28.8750,  ..., 27.3438, 30.5938, 23.1406]],
       device='cuda:1', dtype=torch.float16, grad_fn=<SelectBackward0>)
tensor([27.6094, 27.7031, 26.9375, 26.8906, 29.0312, 27.1875, 30.5781, 27.6406,
        26.5312, 28.0469, 28.3125, 25.0156, 28.1875, 27.0156, 28.8906, 28.5938,
        25.5156, 27.3906, 30.3906, 28.5781, 24.1406, 27.7344, 24.6875, 25.4375,
        28.1562, 26.2031, 27.4531, 29.2500, 28.2031, 27.2344, 27.5312, 29.0469,
        26.7500, 26.2188, 26.7500, 28.6250, 27.0312, 30.9062, 22.4219, 26.1875,
        25.9688, 27.4531, 25.7344, 25.0312, 26.3750, 28.6562, 24.6406, 26.7969,
        30.7500, 27.7656, 26.5000, 26.1875, 27.4531, 25.0469, 30.2188, 25.4219,
        26.3594, 27.0625, 27.2812, 25.4844, 25.7656, 25.1875, 25.5781, 26.7188,
        28.5625, 25.4688, 23.7500, 27.0625, 27.6562, 28.6562, 27.6875, 29.1250,
        24.6719, 24.7031, 26.6875, 25.0938, 26.5000, 26.5938, 26.7188, 28.6719,
        26.6875, 28.9219, 25.3594, 28.7500, 27.2031, 31.2031, 30.4375, 29.7812,
        28.4375, 29.9844, 24.7812, 26.5938, 26.2188, 27.6094, 28.2656, 22.5781,
        26.2500, 27.8906, 27.8125, 24.8906], device='cuda:0',
       dtype=torch.float16, grad_fn=<SelectBackward0>)
probs shape torch.Size([240, 100])
probs tensor([3.7987e-03, 4.1720e-03, 1.9402e-03, 1.8513e-03, 1.5745e-02, 2.4912e-03,
        7.3951e-02, 3.9192e-03, 1.2924e-03, 5.8835e-03, 7.6735e-03, 2.8391e-04,
        6.7718e-03, 2.0978e-03, 1.3679e-02, 1.0166e-02, 4.6809e-04, 3.0523e-03,
        6.1307e-02, 1.0008e-02, 1.1835e-04, 4.3044e-03, 2.0449e-04, 4.3291e-04,
        6.5635e-03, 9.3090e-04, 3.2492e-03, 1.9595e-02, 6.8785e-03, 2.6108e-03,
        3.5132e-03, 1.5993e-02, 1.6085e-03, 9.4556e-04, 1.6085e-03, 1.0488e-02,
        2.1309e-03, 1.0267e-01, 2.1219e-05, 9.1647e-04, 7.3640e-04, 3.2492e-03,
        5.8254e-04, 2.8838e-04, 1.1055e-03, 1.0821e-02, 1.9513e-04, 1.6856e-03,
        8.7818e-02, 4.4411e-03, 1.2527e-03, 9.1647e-04, 3.2492e-03, 2.9292e-04,
        5.1626e-02, 4.2620e-04, 1.0883e-03, 2.1985e-03, 2.7361e-03, 4.5368e-04,
        6.0103e-04, 3.3715e-04, 4.9828e-04, 1.5590e-03, 9.8530e-03, 4.4665e-04,
        8.0080e-05, 2.1985e-03, 3.9810e-03, 1.0821e-02, 4.1073e-03, 1.7292e-02,
        2.0132e-04, 2.0771e-04, 1.5110e-03, 3.0698e-04, 1.2527e-03, 1.3758e-03,
        1.5590e-03, 1.0992e-02, 1.5110e-03, 1.4114e-02, 4.0038e-04, 1.1885e-02,
        2.5305e-03, 1.3816e-01, 6.4249e-02, 3.3332e-02, 8.6952e-03, 4.0839e-02,
        2.2459e-04, 1.3758e-03, 9.4556e-04, 3.7987e-03, 7.3221e-03, 2.4808e-05,
        9.7558e-04, 5.0324e-03, 4.6542e-03, 2.5055e-04], device='cuda:0',
       grad_fn=<SelectBackward0>)
probs reshaped torch.Size([1, 240, 100])
probs tensor([[27.6094, 27.7031, 26.9375,  ..., 27.8906, 27.8125, 24.8906],
        [27.7188, 27.8750, 27.0000,  ..., 27.3906, 27.8906, 24.8906],
        [27.3125, 27.3750, 27.4688,  ..., 26.9688, 27.6094, 25.0625],
        ...,
        [27.6719, 27.8594, 26.2500,  ..., 26.9688, 26.2500, 26.5625],
        [26.3594, 26.9688, 26.7500,  ..., 27.1719, 27.2031, 24.0000],
        [28.2188, 28.1875, 26.8281,  ..., 26.7188, 27.2500, 23.3438]],
       device='cuda:0', dtype=torch.float16, grad_fn=<SelectBackward0>)
img shape torch.Size([1, 240, 3, 224, 224])
img shape torch.Size([1, 240, 3, 224, 224])
shape of clip output torch.Size([240, 100]) torch.Size([100, 240])
logits_per_image tensor([26.5312, 26.9688, 28.4375, 27.4062, 27.8125, 29.8125, 28.8594, 27.0312,
        27.1094, 25.8125, 29.3438, 29.8281, 26.9531, 26.6406, 26.2500, 24.8906,
        23.7656, 27.0781, 28.9375, 28.5469, 28.5938, 25.4219, 30.5312, 23.8281,
        28.1562, 27.2656, 28.0469, 27.3750, 27.2812, 28.6562, 27.3438, 25.4688,
        26.0312, 27.3125, 22.0938, 24.5938, 28.2188, 28.8594, 23.2031, 23.5312,
        25.5156, 26.4844, 24.5625, 24.0781, 26.2812, 28.8906, 22.5469, 25.5312,
        26.9375, 26.5938, 26.1562, 26.3281, 23.0156, 22.4062, 27.5000, 24.3281,
        24.7031, 28.2031, 26.1094, 24.5000, 23.0156, 24.4062, 25.8438, 28.8281,
        24.2188, 27.8438, 23.4375, 24.0312, 25.7188, 25.7500, 26.7969, 29.2344,
        25.1250, 23.7344, 28.0938, 25.3281, 24.6562, 25.5469, 24.9531, 26.5469,
        27.6250, 26.2500, 22.4844, 29.0156, 26.8125, 24.9531, 30.3281, 28.6719,
        26.8125, 29.8906, 27.1719, 26.2969, 24.0000, 27.7812, 26.9688, 22.3125,
        27.8594, 26.3281, 29.4688, 22.8438], device='cuda:1',
       dtype=torch.float16, grad_fn=<SelectBackward0>)
probs shape torch.Size([240, 100])
probs shape of clip output torch.Size([240, 100]) torch.Size([100, 240])
logits_per_image tensor([23.7969, 25.5625, 29.1250, 28.2969, 26.6719, 27.2031, 26.7500, 26.0781,
        28.9219, 26.4844, 28.3281, 24.1562, 28.4688, 30.6562, 25.5469, 23.6406,
        22.0938, 29.6406, 31.4844, 31.0000, 27.3438, 24.2188, 26.0156, 23.2812,
        25.9688, 28.4375, 30.5938, 31.6719, 30.6719, 31.7656, 30.1406, 25.1250,
        24.6406, 30.3594, 22.3438, 24.9531, 31.1562, 29.2031, 24.0938, 23.1875,
        25.1719, 24.2344, 21.9219, 22.6406, 23.1406, 27.2031, 21.4688, 23.3438,
        26.5938, 24.8750, 25.4688, 28.7656, 20.7500, 21.6875, 27.2031, 28.4062,
        24.1250, 28.6719, 26.3281, 24.0000, 22.4844, 23.4531, 25.2344, 27.6250,
        21.7812, 29.1562, 23.7344, 23.0625, 23.1250, 25.3125, 29.7812, 31.8750,
        22.4062, 21.8906, 28.3750, 24.4062, 23.5469, 21.7969, 27.4688, 27.2812,
        25.1094, 25.2188, 23.5938, 29.7188, 30.3281, 23.4688, 29.1875, 27.1875,
        25.3125, 27.7812, 28.9688, 28.7188, 22.7188, 28.8438, 25.0156, 22.2344,
        28.3281, 25.9375, 32.0000, 22.1094], device='cuda:0',
       dtype=torch.float16, grad_fn=<SelectBackward0>)
probs shape torch.Size([240, 100])
probs tensor([2.3290e-03, 3.6072e-03, 1.5669e-02, 5.5869e-03, 8.3869e-03, 6.1972e-02,
        2.3892e-02, 3.8398e-03, 4.1518e-03, 1.1350e-03, 3.8781e-02, 6.2947e-02,
        3.5513e-03, 2.5982e-03, 1.7580e-03, 4.5149e-04, 1.4658e-04, 4.0241e-03,
        2.5834e-02, 1.7480e-02, 1.8319e-02, 7.6801e-04, 1.2716e-01, 1.5603e-04,
        1.1827e-02, 4.8540e-03, 1.0602e-02, 5.4150e-03, 4.9304e-03, 1.9500e-02,
        5.2484e-03, 8.0487e-04, 1.4126e-03, 5.0869e-03, 2.7541e-05, 3.3552e-04,
        1.2590e-02, 2.3892e-02, 8.3517e-05, 1.1595e-04, 8.4350e-04, 2.2223e-03,
        3.2520e-04, 2.0035e-04, 1.8138e-03, 2.4651e-02, 4.3328e-05, 8.5678e-04,
        3.4962e-03, 2.4792e-03, 1.6007e-03, 1.9008e-03, 6.9238e-05, 3.7644e-05,
        6.1360e-03, 2.5725e-04, 3.7430e-04, 1.2395e-02, 1.5274e-03, 3.0549e-04,
        6.9238e-05, 2.7816e-04, 1.1711e-03, 2.3157e-02, 2.3060e-04, 8.6532e-03,
        1.0558e-04, 1.9117e-04, 1.0335e-03, 1.0663e-03, 3.0375e-03, 3.4763e-02,
        5.7074e-04, 1.4207e-04, 1.1111e-02, 6.9928e-04, 3.5716e-04, 8.7027e-04,
        4.8061e-04, 2.3656e-03, 6.9530e-03, 1.7580e-03, 4.0703e-05, 2.7933e-02,
        3.0854e-03, 4.8061e-04, 1.0378e-01, 1.9807e-02, 3.0854e-03, 6.7007e-02,
        4.4196e-03, 1.8424e-03, 1.8529e-04, 8.1289e-03, 3.6072e-03, 3.4276e-05,
        8.7894e-03, 1.9008e-03, 4.3944e-02, 5.8305e-05], device='cuda:1',
       grad_fn=<SelectBackward0>)
probs reshaped torch.Size([1, 240, 100])
probs tensor([3.7929e-05, 2.2170e-04, 7.8153e-03, 3.4143e-03, 6.7231e-04, 1.1436e-03,
        7.2694e-04, 3.7128e-04, 6.3787e-03, 5.5736e-04, 3.5226e-03, 5.4331e-05,
        4.0545e-03, 3.6138e-02, 2.1827e-04, 3.2442e-05, 6.9074e-06, 1.3088e-02,
        8.2720e-02, 5.0962e-02, 1.3163e-03, 5.7835e-05, 3.4879e-04, 2.2648e-05,
        3.3282e-04, 3.9298e-03, 3.3948e-02, 9.9779e-02, 3.6707e-02, 1.0959e-01,
        2.1579e-02, 1.4314e-04, 8.8188e-05, 2.6855e-02, 8.8693e-06, 1.2054e-04,
        5.9581e-02, 8.4504e-03, 5.1039e-05, 2.0622e-05, 1.5001e-04, 5.8746e-05,
        5.8166e-06, 1.1935e-05, 1.9677e-05, 1.1436e-03, 3.6973e-06, 2.4109e-05,
        6.2178e-04, 1.1148e-04, 2.0186e-04, 5.4560e-03, 1.8019e-06, 4.6013e-06,
        1.1436e-03, 3.8089e-03, 5.2659e-05, 4.9677e-03, 4.7674e-04, 4.6472e-05,
        1.0208e-05, 2.6896e-05, 1.5969e-04, 1.7438e-03, 5.0535e-06, 8.0634e-03,
        3.5631e-05, 1.8199e-05, 1.9372e-05, 1.7266e-04, 1.5064e-02, 1.2225e-01,
        9.4413e-06, 5.6376e-06, 3.6917e-03, 6.9762e-05, 2.9539e-05, 5.1331e-06,
        1.4916e-03, 1.2366e-03, 1.4092e-04, 1.5721e-04, 3.0957e-05, 1.4152e-02,
        2.6029e-02, 2.7319e-05, 8.3194e-03, 1.1259e-03, 1.7266e-04, 2.0387e-03,
        6.6848e-03, 5.2061e-03, 1.2905e-05, 5.8993e-03, 1.2831e-04, 7.9503e-06,
        3.5226e-03, 3.2258e-04, 1.3853e-01, 7.0162e-06], device='cuda:0',
       grad_fn=<SelectBackward0>)
probs reshaped torch.Size([1, 240, 100])
probs tensor([[26.5312, 26.9688, 28.4375,  ..., 26.3281, 29.4688, 22.8438],
        [25.6250, 25.8906, 27.0156,  ..., 26.0000, 27.1719, 22.9844],
        [25.0312, 26.4062, 28.9688,  ..., 25.8906, 28.6875, 22.8594],
        ...,
        [22.5781, 24.2969, 27.3750,  ..., 27.2500, 26.5156, 21.4531],
        [23.7656, 25.9219, 28.9531,  ..., 27.6250, 27.9375, 22.2812],
        [23.6562, 25.5312, 28.5000,  ..., 26.3750, 27.3906, 21.8438]],
       device='cuda:1', dtype=torch.float16, grad_fn=<SelectBackward0>)
tensor([[23.7969, 25.5625, 29.1250,  ..., 25.9375, 32.0000, 22.1094],
        [24.7344, 26.0469, 29.6719,  ..., 26.0156, 31.3906, 21.8750],
        [23.6094, 25.0469, 30.1562,  ..., 25.6250, 30.9688, 20.8281],
        ...,
        [22.7656, 24.2188, 29.2500,  ..., 26.3438, 30.2500, 19.6562],
        [23.1875, 24.5000, 28.8125,  ..., 26.2344, 29.1562, 21.2500],
        [23.6562, 26.4219, 29.4062,  ..., 26.0625, 29.0938, 20.5312]],
       device='cuda:0', dtype=torch.float16, grad_fn=<SelectBackward0>)
Epoch 0:  29%|███████▏                 | 10/35 [00:31<01:19,  0.31it/s, v_num=3]img shape torch.Size([1, 240, 3, 224, 224])
img shape torch.Size([1, 240, 3, 224, 224])
shape of clip output torch.Size([240, 100]) torch.Size([100, 240])
logits_per_image tensor([28.6875, 30.5938, 25.7656, 26.3281, 27.4844, 26.9531, 30.5156, 29.1875,
        24.4219, 29.1250, 27.3594, 26.4219, 27.0938, 25.2188, 24.2500, 29.1719,
        28.1719, 25.3438, 28.0469, 26.0469, 23.1719, 29.0781, 25.8281, 30.2344,
        31.1406, 25.4688, 26.6562, 26.2969, 25.5625, 25.5469, 26.8906, 28.7500,
        29.0312, 23.7344, 27.4844, 28.3125, 25.7656, 28.2656, 27.0781, 25.9219,
        28.5938, 30.0156, 27.6719, 28.0156, 28.5938, 28.3125, 26.3594, 28.2812,
        31.2969, 28.5000, 29.3594, 24.1719, 28.1406, 29.4531, 30.4062, 24.5312,
        28.8750, 30.8594, 24.3594, 27.4531, 27.4688, 26.7812, 29.9844, 26.6875,
        29.2031, 25.5781, 28.2500, 29.5000, 27.9375, 30.2344, 25.4844, 26.7344,
        26.3906, 26.3750, 24.4062, 27.4531, 28.9375, 27.5625, 27.0000, 25.9844,
        22.9531, 28.7656, 27.9844, 26.2344, 26.0156, 28.5156, 29.5156, 30.9531,
        31.0312, 32.2188, 24.1875, 24.5312, 28.2656, 25.5938, 29.8594, 26.2344,
        25.0156, 29.3125, 25.8438, 27.2969], device='cuda:1',
       dtype=torch.float16, grad_fn=<SelectBackward0>)
probs shape torch.Size([240, 100])
probs tensor([5.9209e-03, 3.9835e-02, 3.1874e-04, 5.5940e-04, 1.7778e-03, 1.0451e-03,
        3.6841e-02, 9.7619e-03, 8.3148e-05, 9.1704e-03, 1.5689e-03, 6.1438e-04,
        1.2029e-03, 1.8447e-04, 7.0017e-05, 9.6105e-03, 3.5355e-03, 2.0903e-04,
        3.1201e-03, 4.2226e-04, 2.3822e-05, 8.7505e-03, 3.3929e-04, 2.7809e-02,
        6.8828e-02, 2.3687e-04, 7.7665e-04, 5.4219e-04, 2.6015e-04, 2.5611e-04,
        9.8178e-04, 6.3028e-03, 8.3498e-03, 4.1809e-05, 1.7778e-03, 4.0694e-03,
        3.1874e-04, 3.8830e-03, 1.1843e-03, 3.7264e-04, 5.3910e-03, 2.2345e-02,
        2.1444e-03, 3.0241e-03, 5.3910e-03, 4.0694e-03, 5.7716e-04, 3.9442e-03,
        8.0468e-02, 4.9086e-03, 1.1593e-02, 6.4755e-05, 3.4267e-03, 1.2732e-02,
        3.3024e-02, 9.2758e-05, 7.1420e-03, 5.1954e-02, 7.8110e-05, 1.7231e-03,
        1.7502e-03, 8.8006e-04, 2.1658e-02, 8.0130e-04, 9.9156e-03, 2.6424e-04,
        3.8228e-03, 1.3343e-02, 2.7968e-03, 2.7809e-02, 2.4060e-04, 8.3976e-04,
        5.9548e-04, 5.8625e-04, 8.1858e-05, 1.7231e-03, 7.6026e-03, 1.9222e-03,
        1.0953e-03, 3.9667e-04, 1.9142e-05, 6.4020e-03, 2.9311e-03, 5.0934e-04,
        4.0927e-04, 4.9859e-03, 1.3553e-02, 5.7060e-02, 6.1697e-02, 2.0230e-01,
        6.5775e-05, 9.2758e-05, 3.8830e-03, 2.6840e-04, 1.9113e-02, 5.0934e-04,
        1.5056e-04, 1.1062e-02, 3.4464e-04, 1.4738e-03], device='cuda:1',
       grad_fn=<SelectBackward0>)
probs reshaped torch.Size([1, 240, 100])
probs shape of clip output torch.Size([240, 100]) torch.Size([100, 240])
logits_per_image tensor([25.3750, 27.2188, 22.4688, 22.7188, 24.4688, 22.3750, 26.1875, 25.4219,
        21.7812, 25.5156, 24.4844, 20.2500, 24.5938, 20.1875, 20.0312, 25.6719,
        24.7188, 23.7031, 26.1406, 24.1719, 16.8438, 24.6719, 19.8594, 25.7031,
        26.1250, 22.7188, 22.2188, 23.7188, 23.0469, 21.8594, 22.8906, 24.3438,
        24.9531, 21.8438, 24.3438, 25.0312, 23.5000, 25.2969, 21.7188, 26.2969,
        24.1250, 25.1719, 23.0469, 24.0938, 23.7188, 25.7969, 21.6719, 23.8594,
        29.1719, 23.9219, 23.7031, 18.8438, 24.2656, 24.0312, 26.8750, 23.2656,
        25.2812, 24.7031, 19.7656, 23.9688, 24.0312, 21.0156, 25.6719, 24.7500,
        26.4688, 20.7656, 23.6250, 23.4062, 23.8125, 27.6875, 24.3750, 23.7656,
        19.6719, 21.3438, 19.4062, 22.3594, 24.7812, 20.5781, 22.1719, 24.1875,
        18.6406, 25.3906, 24.0469, 24.4688, 21.4062, 23.3594, 25.3594, 25.1562,
        27.6719, 27.7812, 19.5000, 22.1719, 24.5469, 23.2031, 27.2344, 20.0469,
        22.3594, 25.9219, 22.0000, 23.0781], device='cuda:0',
       dtype=torch.float16, grad_fn=<SelectBackward0>)
probs shape torch.Size([240, 100])
probs tensor([[28.6875, 30.5938, 25.7656,  ..., 29.3125, 25.8438, 27.2969],
        [28.1406, 29.0938, 25.8750,  ..., 27.6875, 26.3125, 25.9688],
        [28.2344, 28.6719, 25.3750,  ..., 27.7344, 27.0938, 26.1719],
        ...,
        [24.8906, 25.6250, 28.3281,  ..., 27.2031, 29.3750, 23.0156],
        [24.1562, 25.3594, 28.3438,  ..., 26.8906, 29.4531, 21.7969],
        [24.4688, 25.2656, 28.0781,  ..., 25.7500, 28.7031, 21.9219]],
       device='cuda:1', dtype=torch.float16, grad_fn=<SelectBackward0>)
tensor([7.4511e-03, 4.7092e-02, 4.0743e-04, 5.2315e-04, 3.0105e-03, 3.7097e-04,
        1.6791e-02, 7.8087e-03, 2.0487e-04, 8.5762e-03, 3.0579e-03, 4.4306e-05,
        3.4114e-03, 4.1622e-05, 3.5601e-05, 1.0027e-02, 3.8656e-03, 1.4000e-03,
        1.6022e-02, 2.2372e-03, 1.4694e-06, 3.6886e-03, 2.9979e-05, 1.0345e-02,
        1.5774e-02, 5.2315e-04, 3.1731e-04, 1.4221e-03, 7.2632e-04, 2.2152e-04,
        6.2126e-04, 2.6568e-03, 4.8866e-03, 2.1808e-04, 2.6568e-03, 5.2836e-03,
        1.1427e-03, 6.8911e-03, 1.9246e-04, 1.8732e-02, 2.1348e-03, 6.0814e-03,
        7.2632e-04, 2.0691e-03, 1.4221e-03, 1.1362e-02, 1.8364e-04, 1.6368e-03,
        3.3203e-01, 1.7424e-03, 1.4000e-03, 1.0858e-05, 2.4571e-03, 1.9437e-03,
        3.3394e-02, 9.0392e-04, 6.7843e-03, 3.8057e-03, 2.7296e-05, 1.8260e-03,
        1.9437e-03, 9.5273e-05, 1.0027e-02, 3.9883e-03, 2.2245e-02, 7.4198e-05,
        1.2948e-03, 1.0404e-03, 1.5618e-03, 7.5254e-02, 2.7411e-03, 1.4903e-03,
        2.4853e-05, 1.3227e-04, 1.9056e-05, 3.6522e-04, 4.1149e-03, 6.1513e-05,
        3.0278e-04, 2.2725e-03, 8.8617e-06, 7.5684e-03, 1.9743e-03, 3.0105e-03,
        1.4080e-04, 9.9276e-04, 7.3356e-03, 5.9871e-03, 7.4087e-02, 8.2650e-02,
        2.0929e-05, 3.0278e-04, 3.2551e-03, 8.4916e-04, 4.7834e-02, 3.6161e-05,
        3.6522e-04, 1.2874e-02, 2.5496e-04, 7.4938e-04], device='cuda:0',
       grad_fn=<SelectBackward0>)
probs reshaped torch.Size([1, 240, 100])
probs tensor([[25.3750, 27.2188, 22.4688,  ..., 25.9219, 22.0000, 23.0781],
        [26.3125, 27.9688, 22.5312,  ..., 26.4219, 22.1875, 23.3125],
        [26.0469, 28.0156, 22.3594,  ..., 26.4219, 22.1406, 23.3281],
        ...,
        [27.7344, 30.0312, 27.1406,  ..., 27.3594, 28.5625, 24.4844],
        [28.3750, 29.6562, 28.0000,  ..., 27.7344, 30.0156, 25.5625],
        [29.6875, 29.7188, 24.2656,  ..., 26.7500, 26.9375, 26.3438]],
       device='cuda:0', dtype=torch.float16, grad_fn=<SelectBackward0>)
img shape torch.Size([1, 240, 3, 224, 224])
img shape torch.Size([1, 240, 3, 224, 224])
shape of clip output torch.Size([240, 100]) torch.Size([100, 240])
logits_per_image tensor([24.7188, 25.8594, 29.2656, 28.3906, 27.9531, 28.0312, 27.6875, 25.5781,
        27.4531, 26.9375, 29.2188, 24.7031, 28.8281, 26.6406, 30.6719, 23.1094,
        23.9219, 31.9062, 30.7344, 29.5469, 28.3438, 24.4688, 26.5469, 23.1094,
        26.3750, 29.0312, 29.6875, 31.4219, 30.6250, 30.6250, 28.8906, 25.1094,
        24.2656, 27.5938, 22.4688, 24.6250, 30.8750, 29.8125, 21.6250, 22.8281,
        25.5625, 24.7500, 23.0625, 23.0781, 24.3750, 27.6719, 21.1875, 24.3750,
        26.5625, 25.6094, 24.4219, 28.0781, 21.9375, 22.1094, 27.3906, 26.4688,
        24.2188, 27.0938, 30.4531, 24.4219, 23.3750, 23.2500, 24.4375, 27.5156,
        21.8125, 28.3281, 23.6875, 23.4219, 24.3594, 26.1875, 28.1719, 30.7031,
        21.7812, 23.0000, 29.2812, 24.4219, 23.8750, 22.7031, 24.6094, 27.9844,
        28.4844, 25.6875, 22.8594, 28.4375, 27.3438, 26.3750, 30.6094, 27.6094,
        24.7031, 28.2812, 28.3438, 27.4219, 23.2969, 28.6250, 24.2500, 22.0469,
        28.2188, 25.8281, 28.6562, 22.0156], device='cuda:1',
       dtype=torch.float16, grad_fn=<SelectBackward0>)
probs shape torch.Size([240, 100])
probs tensor([1.4476e-04, 4.5290e-04, 1.3656e-02, 5.6926e-03, 3.6754e-03, 3.9741e-03,
        2.8180e-03, 3.4187e-04, 2.2293e-03, 1.3311e-03, 1.3030e-02, 1.4251e-04,
        8.8169e-03, 9.8922e-04, 5.5724e-02, 2.8953e-05, 6.5246e-05, 1.9148e-01,
        5.9318e-02, 1.8091e-02, 5.4319e-03, 1.1274e-04, 9.0070e-04, 2.8953e-05,
        7.5846e-04, 1.0803e-02, 2.0823e-02, 1.1797e-01, 5.3172e-02, 5.3172e-02,
        9.3855e-03, 2.1393e-04, 9.2012e-05, 2.5659e-03, 1.5257e-05, 1.3180e-04,
        6.8275e-02, 2.3595e-02, 6.5620e-06, 2.1855e-05, 3.3657e-04, 1.4935e-04,
        2.7627e-05, 2.8062e-05, 1.0265e-04, 2.7743e-03, 4.2368e-06, 1.0265e-04,
        9.1488e-04, 3.5272e-04, 1.0757e-04, 4.1648e-03, 8.9692e-06, 1.0651e-05,
        2.0942e-03, 8.3301e-04, 8.7799e-05, 1.5563e-03, 4.4776e-02, 1.0757e-04,
        3.7762e-05, 3.3325e-05, 1.0927e-04, 2.3730e-03, 7.9153e-06, 5.3477e-03,
        5.1614e-05, 3.9574e-05, 1.0106e-04, 6.2879e-04, 4.5741e-03, 5.7493e-02,
        7.6718e-06, 2.5953e-05, 1.3871e-02, 1.0757e-04, 6.2259e-05, 1.9287e-05,
        1.2976e-04, 3.7921e-03, 6.2521e-03, 3.8138e-04, 2.2549e-05, 5.9658e-03,
        1.9983e-03, 7.5846e-04, 5.2348e-02, 2.6063e-03, 1.4251e-04, 5.1028e-03,
        5.4319e-03, 2.1607e-03, 3.4924e-05, 7.1961e-03, 9.0586e-05, 1.0006e-05,
        4.7936e-03, 4.3897e-04, 7.4245e-03, 9.6980e-06], device='cuda:1',
       grad_fn=<SelectBackward0>)
probs reshaped torch.Size([1, 240, 100])
probs tensor([[24.7188, 25.8594, 29.2656,  ..., 25.8281, 28.6562, 22.0156],
        [24.8281, 26.1562, 30.5469,  ..., 25.9062, 29.3750, 22.2344],
        [23.5000, 24.4375, 29.6719,  ..., 25.3281, 28.2656, 20.5000],
        ...,
        [23.9531, 26.1406, 29.9531,  ..., 26.4688, 33.3750, 20.4688],
        [25.4688, 26.8125, 29.5781,  ..., 26.8906, 32.5938, 24.1562],
        [26.1875, 28.1250, 30.8594,  ..., 28.4375, 33.2500, 24.6562]],
       device='cuda:1', dtype=torch.float16, grad_fn=<SelectBackward0>)
shape of clip output torch.Size([240, 100]) torch.Size([100, 240])
logits_per_image tensor([20.6875, 22.5625, 26.2969, 25.3750, 23.5469, 22.8125, 23.0469, 21.4375,
        22.6719, 23.0156, 25.9688, 21.1250, 25.3125, 22.5938, 24.4375, 20.5156,
        18.3438, 31.6250, 27.7344, 24.7500, 24.3438, 18.8906, 22.8438, 19.0469,
        22.8594, 25.2031, 26.1875, 28.5156, 27.0938, 26.1094, 25.9531, 20.2031,
        20.0781, 26.3438, 17.2344, 20.4688, 27.3594, 26.3906, 16.1719, 19.1250,
        20.9375, 20.8906, 18.3594, 18.2969, 18.9531, 22.6562, 17.9531, 18.4375,
        23.4844, 20.5625, 19.9062, 23.5312, 16.7812, 17.2344, 23.3125, 25.2656,
        20.0000, 22.2656, 26.2500, 19.8125, 17.0156, 19.1875, 19.1406, 24.5156,
        17.6094, 26.4375, 18.5312, 18.3750, 20.0000, 23.3438, 27.1875, 26.8750,
        17.4688, 18.0781, 24.2812, 18.8125, 19.1875, 18.2969, 18.9688, 25.4531,
        25.1562, 21.7500, 18.1875, 26.4688, 23.9219, 21.9375, 25.2656, 21.5938,
        20.8750, 25.9062, 24.2031, 26.3438, 17.5312, 26.8750, 21.0469, 16.6719,
        26.3906, 26.2812, 24.9062, 17.3438], device='cuda:0',
       dtype=torch.float16, grad_fn=<SelectBackward0>)
probs shape torch.Size([240, 100])
probs tensor([1.4742e-05, 9.6130e-05, 4.0242e-03, 1.6007e-03, 2.5726e-04, 1.2343e-04,
        1.5603e-04, 3.1209e-05, 1.0724e-04, 1.5123e-04, 2.8985e-03, 2.2833e-05,
        1.5037e-03, 9.9181e-05, 6.2684e-04, 1.2414e-05, 1.4147e-06, 8.2918e-01,
        1.6942e-02, 8.5679e-04, 5.7075e-04, 2.4445e-06, 1.2735e-04, 2.8579e-06,
        1.2936e-04, 1.3479e-03, 3.6072e-03, 3.7006e-02, 8.9280e-03, 3.3362e-03,
        2.8536e-03, 9.0823e-06, 8.0151e-06, 4.2173e-03, 4.6653e-07, 1.1846e-05,
        1.1644e-02, 4.4197e-03, 1.6123e-07, 3.0901e-06, 1.8929e-05, 1.8062e-05,
        1.4370e-06, 1.3500e-06, 2.6021e-06, 1.0558e-04, 9.5726e-07, 1.5538e-06,
        2.4167e-04, 1.3010e-05, 6.7494e-06, 2.5327e-04, 2.9655e-07, 4.6653e-07,
        2.0351e-04, 1.4349e-03, 7.4127e-06, 7.1438e-05, 3.8399e-03, 6.1454e-06,
        3.7487e-07, 3.2894e-06, 3.1387e-06, 6.7778e-04, 6.7880e-07, 4.6318e-03,
        1.7065e-06, 1.4597e-06, 7.4127e-06, 2.0997e-04, 9.8055e-03, 7.1739e-03,
        5.8975e-07, 1.0847e-06, 5.3617e-04, 2.2608e-06, 3.2894e-06, 1.3500e-06,
        2.6431e-06, 1.7308e-03, 1.2862e-03, 4.2657e-05, 1.2101e-06, 4.7788e-03,
        3.7431e-04, 5.1455e-05, 1.4349e-03, 3.6487e-05, 1.7782e-05, 2.7229e-03,
        4.9587e-04, 4.2173e-03, 6.2779e-07, 7.1739e-03, 2.1117e-05, 2.6582e-07,
        4.4197e-03, 3.9618e-03, 1.0017e-03, 5.2046e-07], device='cuda:0',
       grad_fn=<SelectBackward0>)
probs reshaped torch.Size([1, 240, 100])
probs tensor([[20.6875, 22.5625, 26.2969,  ..., 26.2812, 24.9062, 17.3438],
        [21.2500, 23.0000, 26.7344,  ..., 26.7188, 25.2656, 18.3594],
        [21.4219, 24.0000, 26.7031,  ..., 26.7031, 24.8594, 18.5000],
        ...,
        [24.4844, 26.5312, 28.9219,  ..., 26.9219, 29.0469, 21.6562],
        [23.9844, 25.4844, 28.3594,  ..., 27.8594, 29.9531, 21.8125],
        [24.1094, 25.9531, 28.5781,  ..., 26.7656, 29.9375, 21.7812]],
       device='cuda:0', dtype=torch.float16, grad_fn=<SelectBackward0>)
img shape torch.Size([1, 240, 3, 224, 224])
img shape torch.Size([1, 240, 3, 224, 224])
shape of clip output torch.Size([240, 100]) torch.Size([100, 240])
logits_per_image tensor([23.6406, 26.2969, 30.4844, 28.1250, 26.8594, 28.3438, 27.4219, 24.6719,
        27.5781, 26.3906, 28.4062, 26.2656, 27.5469, 28.6875, 29.7969, 24.3594,
        22.1719, 32.6562, 32.2188, 29.0312, 29.0938, 23.4531, 27.6875, 23.5000,
        26.2344, 28.5000, 29.8750, 32.8438, 32.1875, 30.7812, 28.9531, 24.3594,
        24.5469, 28.9062, 21.0625, 24.2969, 31.6094, 30.7812, 20.7656, 23.0156,
        24.5781, 24.5000, 21.2656, 22.7500, 23.7188, 26.9531, 22.6875, 23.5625,
        26.3281, 24.3594, 22.9219, 29.9531, 20.5000, 22.3594, 26.1562, 28.2969,
        23.2188, 26.4688, 29.6250, 24.2188, 20.9062, 23.3281, 24.1719, 28.3906,
        22.1562, 29.6562, 22.7031, 23.2969, 23.0469, 25.6562, 30.3125, 31.7344,
        22.1562, 23.2500, 30.2031, 24.0938, 23.4062, 23.7188, 26.2969, 28.3750,
        28.9531, 24.0312, 22.2656, 31.4375, 29.5938, 25.5625, 29.0000, 26.7969,
        25.0781, 27.9219, 28.5156, 28.3281, 21.5156, 29.5000, 24.2031, 22.1250,
        29.1094, 27.3594, 32.3125, 21.8281], device='cuda:0',
       dtype=torch.float16, grad_fn=<SelectBackward0>)
probs shape torch.Size([240, 100])
probs tensor([1.8404e-05, 2.6213e-04, 1.7263e-02, 1.6310e-03, 4.6005e-04, 2.0298e-03,
        8.0741e-04, 5.1616e-05, 9.4396e-04, 2.8789e-04, 2.1608e-03, 2.5406e-04,
        9.1492e-04, 2.8625e-03, 8.6805e-03, 3.7763e-05, 4.2369e-06, 1.5148e-01,
        9.7803e-02, 4.0368e-03, 4.2972e-03, 1.5258e-05, 1.0531e-03, 1.5990e-05,
        2.4625e-04, 2.3731e-03, 9.3859e-03, 1.8272e-01, 9.4794e-02, 2.3230e-02,
        3.7334e-03, 3.7763e-05, 4.5551e-05, 3.5625e-03, 1.3972e-06, 3.5475e-05,
        5.3175e-02, 2.3230e-02, 1.0383e-06, 9.8511e-06, 4.6997e-05, 4.3465e-05,
        1.7119e-06, 7.5531e-06, 1.9900e-05, 5.0527e-04, 7.0955e-06, 1.7021e-05,
        2.7045e-04, 3.7763e-05, 8.9696e-06, 1.0149e-02, 7.9609e-07, 5.1107e-06,
        2.2774e-04, 1.9369e-03, 1.2070e-05, 3.1129e-04, 7.3097e-03, 3.2809e-05,
        1.1951e-06, 1.3465e-05, 3.1307e-05, 2.1273e-03, 4.1712e-06, 7.5418e-03,
        7.2072e-06, 1.3051e-05, 1.0164e-05, 1.3813e-04, 1.4537e-02, 6.0255e-02,
        4.1712e-06, 1.2453e-05, 1.3031e-02, 2.8954e-05, 1.4559e-05, 1.9900e-05,
        2.6213e-04, 2.0943e-03, 3.7334e-03, 2.7200e-05, 4.6534e-06, 4.4778e-02,
        7.0848e-03, 1.2577e-04, 3.9126e-03, 4.3218e-04, 7.7485e-05, 1.3312e-03,
        2.4105e-03, 1.9984e-03, 2.1981e-06, 6.4508e-03, 3.2301e-05, 4.0429e-06,
        4.3648e-03, 7.5850e-04, 1.0742e-01, 3.0044e-06], device='cuda:0',
       grad_fn=<SelectBackward0>)
probs reshaped torch.Size([1, 240, 100])
probs shape of clip output torch.Size([240, 100]) torch.Size([100, 240])
logits_per_image tensor([[23.6406, 26.2969, 30.4844,  ..., 27.3594, 32.3125, 21.8281],
        [23.5938, 26.3750, 29.3750,  ..., 26.8125, 29.3125, 21.6406],
        [23.7344, 25.5781, 29.6094,  ..., 27.1875, 28.7969, 21.1562],
        ...,
        [25.4375, 26.2812, 27.9844,  ..., 27.1562, 27.9062, 21.6562],
        [25.2500, 25.3438, 27.6406,  ..., 26.3750, 27.4062, 21.7500],
        [26.1406, 26.0938, 27.5625,  ..., 25.9062, 26.8594, 21.9375]],
       device='cuda:0', dtype=torch.float16, grad_fn=<SelectBackward0>)
tensor([25.9844, 25.8125, 27.9844, 27.2031, 26.6094, 25.7188, 27.9688, 26.5156,
        27.3906, 26.8906, 28.6719, 22.6562, 28.0781, 25.4062, 26.8750, 24.2969,
        23.5156, 32.2188, 29.0781, 28.7500, 25.2969, 24.7344, 25.0781, 23.3750,
        26.7188, 26.5625, 26.4375, 28.0312, 27.2500, 28.5469, 26.6562, 24.3281,
        24.4688, 27.0625, 20.7969, 24.3750, 28.5156, 27.5781, 22.4062, 25.4844,
        25.3750, 24.9844, 23.3750, 23.2344, 24.9531, 27.6875, 20.0000, 24.6719,
        26.2500, 24.3438, 23.9844, 24.9219, 20.7500, 22.0469, 27.0000, 27.4531,
        24.9844, 25.9688, 27.9219, 25.7031, 24.3906, 22.9531, 24.7344, 27.3906,
        22.8750, 27.0000, 24.5312, 22.2656, 25.0938, 26.2969, 28.5312, 29.1875,
        23.4219, 21.8594, 25.6406, 25.1719, 23.4062, 23.9375, 24.4375, 27.5781,
        25.0469, 25.0312, 22.2812, 28.5781, 25.3594, 28.1875, 28.7500, 26.9375,
        25.2500, 28.2969, 24.2188, 27.9844, 24.1406, 27.1562, 25.4375, 22.1562,
        26.0625, 24.9844, 27.2344, 21.7500], device='cuda:1',
       dtype=torch.float16, grad_fn=<SelectBackward0>)
probs shape torch.Size([240, 100])
probs tensor([1.2384e-03, 1.0428e-03, 9.1504e-03, 4.1894e-03, 2.3136e-03, 9.4950e-04,
        9.0086e-03, 2.1066e-03, 5.0534e-03, 3.0650e-03, 1.8198e-02, 4.4409e-05,
        1.0050e-02, 6.9467e-04, 3.0175e-03, 2.2908e-04, 1.0488e-04, 6.3155e-01,
        2.7318e-02, 1.9677e-02, 6.2270e-04, 3.5480e-04, 5.0035e-04, 9.1120e-05,
        2.5810e-03, 2.2076e-03, 1.9482e-03, 9.5896e-03, 4.3904e-03, 1.6060e-02,
        2.4246e-03, 2.3635e-04, 2.7204e-04, 3.6398e-03, 6.9175e-06, 2.4769e-04,
        1.5565e-02, 6.0955e-03, 3.4585e-05, 7.5111e-04, 6.7329e-04, 4.5557e-04,
        9.1120e-05, 7.9167e-05, 4.4156e-04, 6.8000e-03, 3.1180e-06, 3.3330e-04,
        1.6151e-03, 2.4007e-04, 1.6760e-04, 4.2797e-04, 6.6007e-06, 2.4145e-05,
        3.4193e-03, 5.3793e-03, 4.5557e-04, 1.2192e-03, 8.5960e-03, 9.3478e-04,
        2.5159e-04, 5.9758e-05, 3.5480e-04, 5.0534e-03, 5.5267e-05, 3.4193e-03,
        2.8958e-04, 3.0048e-05, 5.0823e-04, 1.6927e-03, 1.5811e-02, 3.0476e-02,
        9.5493e-05, 2.0016e-05, 8.7814e-04, 5.4953e-04, 9.4013e-05, 1.5992e-04,
        2.6367e-04, 6.0955e-03, 4.8496e-04, 4.7744e-04, 3.0522e-05, 1.6569e-02,
        6.6286e-04, 1.1211e-02, 1.9677e-02, 3.2121e-03, 5.9418e-04, 1.2507e-02,
        2.1186e-04, 9.1504e-03, 1.9594e-04, 3.9975e-03, 7.1672e-04, 2.6935e-05,
        1.3390e-03, 4.5557e-04, 4.3224e-03, 1.7943e-05], device='cuda:1',
       grad_fn=<SelectBackward0>)
probs reshaped torch.Size([1, 240, 100])
probs tensor([[25.9844, 25.8125, 27.9844,  ..., 24.9844, 27.2344, 21.7500],
        [25.1875, 24.8750, 27.5625,  ..., 24.8438, 26.6094, 20.8125],
        [25.6562, 25.8281, 28.5469,  ..., 25.0156, 27.4062, 22.6562],
        ...,
        [27.5625, 28.0938, 24.4688,  ..., 26.6875, 25.4531, 26.1719],
        [26.6875, 26.7656, 23.9375,  ..., 26.0000, 24.7031, 25.7969],
        [27.4375, 26.8281, 24.2500,  ..., 26.0469, 24.7969, 25.9688]],
       device='cuda:1', dtype=torch.float16, grad_fn=<SelectBackward0>)
img shape torch.Size([1, 240, 3, 224, 224])
img shape torch.Size([1, 240, 3, 224, 224])
shape of clip output torch.Size([240, 100]) torch.Size([100, 240])
logits_per_image tensor([22.5312, 25.5938, 29.9688, 30.1562, 27.5469, 28.8594, 26.3281, 24.2031,
        27.8438, 25.0625, 29.7188, 26.0781, 28.5625, 27.6406, 30.8125, 23.0469,
        22.5312, 31.6250, 32.1250, 29.6875, 29.9375, 22.3906, 28.4844, 21.4531,
        26.2344, 30.5781, 29.4844, 31.9531, 31.7969, 32.8750, 28.9688, 22.9531,
        22.2188, 29.4375, 19.9219, 22.8281, 31.7188, 30.7031, 18.6719, 20.9375,
        23.3906, 24.0938, 19.7188, 21.1875, 22.5469, 26.1875, 20.5312, 22.3906,
        25.2500, 23.8281, 21.5156, 28.9844, 19.7031, 19.7188, 25.8594, 29.3125,
        22.9844, 24.7500, 33.5938, 22.5625, 20.9062, 21.4219, 21.6875, 28.1094,
        20.8750, 30.2969, 21.5000, 21.3750, 21.7188, 25.2031, 30.3750, 31.2969,
        21.2656, 22.1406, 31.2656, 22.0156, 22.2656, 22.2812, 23.6406, 29.0938,
        29.7188, 24.0938, 20.4688, 31.3594, 29.4062, 24.8438, 30.3125, 25.9531,
        23.4531, 28.2344, 27.2500, 28.2969, 21.2812, 29.9375, 24.4531, 20.1875,
        29.6562, 26.6875, 29.6406, 19.9062], device='cuda:1',
       dtype=torch.float16, grad_fn=<SelectBackward0>)
probs shape torch.Size([240, 100])
probs tensor([4.7389e-06, 1.0132e-04, 8.0490e-03, 9.7090e-03, 7.1439e-04, 2.6543e-03,
        2.1117e-04, 2.5221e-05, 9.6132e-04, 5.9564e-05, 6.2686e-03, 1.6446e-04,
        1.9725e-03, 7.8460e-04, 1.8715e-02, 7.9362e-06, 4.7389e-06, 4.2174e-02,
        6.9533e-02, 6.0757e-03, 7.8014e-03, 4.1172e-06, 1.8243e-03, 1.6123e-06,
        1.9228e-04, 1.4804e-02, 4.9589e-03, 5.8553e-02, 5.0083e-02, 1.4720e-01,
        2.9611e-03, 7.2260e-06, 3.4671e-06, 4.7318e-03, 3.4869e-07, 6.3769e-06,
        4.6319e-02, 1.6776e-02, 9.9902e-08, 9.6277e-07, 1.1192e-05, 2.2608e-05,
        2.8459e-07, 1.2362e-06, 4.8135e-06, 1.8347e-04, 6.4134e-07, 4.1172e-06,
        7.1848e-05, 1.7334e-05, 1.7163e-06, 3.0077e-03, 2.8018e-07, 2.8459e-07,
        1.3215e-04, 4.1758e-03, 7.4553e-06, 4.3578e-05, 3.0204e-01, 4.8893e-06,
        9.3315e-07, 1.5627e-06, 2.0382e-06, 1.2538e-03, 9.0444e-07, 1.1175e-02,
        1.6897e-06, 1.4912e-06, 2.1029e-06, 6.8558e-05, 1.2083e-02, 3.0377e-02,
        1.3367e-06, 3.2065e-06, 2.9442e-02, 2.8297e-06, 3.6334e-06, 3.6907e-06,
        1.4371e-05, 3.3553e-03, 6.2686e-03, 2.2608e-05, 6.0248e-07, 3.2336e-02,
        4.5862e-03, 4.7861e-05, 1.1351e-02, 1.4514e-04, 1.1914e-05, 1.4207e-03,
        5.3089e-04, 1.5124e-03, 1.3577e-06, 7.8014e-03, 3.2385e-05, 4.5478e-07,
        5.8888e-03, 3.0249e-04, 5.7975e-03, 3.4328e-07], device='cuda:1',
       grad_fn=<SelectBackward0>)
probs reshaped torch.Size([1, 240, 100])
probs tensor([[22.5312, 25.5938, 29.9688,  ..., 26.6875, 29.6406, 19.9062],
        [22.5156, 24.9219, 28.1562,  ..., 26.4688, 28.7344, 19.5312],
        [22.4844, 25.0781, 27.7188,  ..., 27.2812, 28.9688, 20.1719],
        ...,
        [23.2500, 23.8906, 27.8438,  ..., 26.2344, 28.0312, 21.0938],
        [23.6250, 24.8125, 28.8594,  ..., 27.7188, 28.3438, 21.5312],
        [23.7500, 25.0781, 28.7812,  ..., 26.8281, 28.1250, 22.1250]],
       device='cuda:1', dtype=torch.float16, grad_fn=<SelectBackward0>)
shape of clip output torch.Size([240, 100]) torch.Size([100, 240])
logits_per_image tensor([24.9219, 27.4844, 24.3750, 22.0312, 24.1875, 24.0156, 28.0938, 26.8750,
        23.2812, 25.1719, 24.8438, 23.1406, 25.0469, 21.7812, 20.9688, 27.7812,
        24.2188, 22.1719, 27.3906, 24.2188, 16.0781, 25.0156, 21.2188, 28.3281,
        27.0000, 20.9375, 23.0469, 23.3125, 21.4531, 22.1562, 21.8594, 24.1406,
        24.6562, 24.0781, 23.9688, 26.0156, 22.5312, 24.2344, 22.0938, 24.8438,
        24.2188, 27.1250, 22.0938, 25.6562, 24.9062, 26.5469, 22.2812, 25.0156,
        27.8281, 24.5469, 24.0938, 19.5625, 23.6406, 25.6719, 26.9062, 26.0156,
        25.5625, 25.9531, 21.1094, 23.9219, 23.4688, 22.0156, 25.6875, 25.1719,
        26.5938, 23.1406, 24.2812, 24.5156, 23.6406, 28.4219, 26.9531, 23.6875,
        21.3281, 21.5625, 20.6875, 23.8750, 24.9062, 22.9531, 21.7656, 25.3750,
        18.0312, 25.4219, 25.0469, 26.8750, 22.8281, 26.2031, 26.4375, 25.9062,
        27.9531, 28.1406, 18.4219, 22.9688, 24.6250, 25.7344, 28.5469, 23.0781,
        24.3438, 28.5312, 22.0469, 24.7344], device='cuda:0',
       dtype=torch.float16, grad_fn=<SelectBackward0>)
probs shape torch.Size([240, 100])
probs tensor([2.6073e-03, 3.3812e-02, 1.5090e-03, 1.4481e-04, 1.2510e-03, 1.0534e-03,
        6.2190e-02, 1.8383e-02, 5.0545e-04, 3.3478e-03, 2.4114e-03, 4.3914e-04,
        2.9545e-03, 1.1278e-04, 5.0046e-05, 4.5499e-02, 1.2907e-03, 1.6668e-04,
        3.0786e-02, 1.2907e-03, 3.7618e-07, 2.8636e-03, 6.4261e-05, 7.8615e-02,
        2.0831e-02, 4.8506e-05, 3.9984e-04, 5.2149e-04, 8.1233e-05, 1.6410e-04,
        1.2195e-04, 1.1937e-03, 1.9991e-03, 1.1214e-03, 1.0052e-03, 7.7840e-03,
        2.3876e-04, 1.3110e-03, 1.5415e-04, 2.4114e-03, 1.2907e-03, 2.3605e-02,
        1.5415e-04, 5.4341e-03, 2.5669e-03, 1.3241e-02, 1.8594e-04, 2.8636e-03,
        4.7683e-02, 1.7920e-03, 1.1390e-03, 1.2264e-05, 7.2402e-04, 5.5197e-03,
        1.8967e-02, 7.7840e-03, 4.9478e-03, 7.3124e-03, 5.7603e-05, 9.5917e-04,
        6.0969e-04, 1.4257e-04, 5.6066e-03, 3.3478e-03, 1.3876e-02, 4.3914e-04,
        1.3740e-03, 1.7368e-03, 7.2402e-04, 8.6342e-02, 1.9877e-02, 7.5877e-04,
        7.1688e-05, 9.0622e-05, 3.7777e-05, 9.1525e-04, 2.5669e-03, 3.6406e-04,
        1.1103e-04, 4.1019e-03, 2.6524e-06, 4.2987e-03, 2.9545e-03, 1.8383e-02,
        3.2128e-04, 9.3893e-03, 1.1869e-02, 6.9775e-03, 5.4031e-02, 6.5174e-02,
        3.9199e-06, 3.6979e-04, 1.9376e-03, 5.8756e-03, 9.7838e-02, 4.1254e-04,
        1.4626e-03, 9.6321e-02, 1.4709e-04, 2.1615e-03], device='cuda:0',
       grad_fn=<SelectBackward0>)
probs reshaped torch.Size([1, 240, 100])
probs tensor([[24.9219, 27.4844, 24.3750,  ..., 28.5312, 22.0469, 24.7344],
        [24.2969, 26.8594, 23.7969,  ..., 28.2500, 21.1250, 23.7812],
        [24.3906, 27.0938, 24.1562,  ..., 28.5781, 21.7500, 24.0156],
        ...,
        [26.8750, 27.9375, 26.5938,  ..., 26.9375, 26.2188, 25.3906],
        [25.8750, 25.7969, 26.0312,  ..., 25.8594, 24.5469, 22.7969],
        [26.4688, 29.1094, 27.4844,  ..., 26.8906, 25.3906, 23.3281]],
       device='cuda:0', dtype=torch.float16, grad_fn=<SelectBackward0>)
img shape torch.Size([1, 240, 3, 224, 224])
img shape torch.Size([1, 240, 3, 224, 224])
shape of clip output torch.Size([240, 100]) torch.Size([100, 240])
logits_per_image tensor([24.2031, 26.2344, 29.4219, 29.5625, 27.5625, 28.7188, 28.0156, 25.8594,
        27.0469, 27.0625, 29.9062, 27.1094, 28.9062, 25.6406, 29.3906, 24.5000,
        23.6875, 31.1250, 31.0625, 29.2969, 29.4062, 25.4062, 28.1719, 23.7969,
        26.5938, 29.5000, 28.3438, 30.2969, 30.6250, 30.5312, 28.6250, 25.1562,
        24.5312, 27.6875, 22.6719, 24.4688, 30.5312, 30.5781, 23.3125, 22.0938,
        25.6250, 25.6094, 22.8438, 23.7656, 24.1250, 27.2656, 21.2969, 23.9688,
        26.8750, 25.4375, 25.0469, 27.7969, 22.5781, 22.7656, 28.2344, 27.7031,
        24.3906, 28.0781, 30.7344, 24.4062, 23.9531, 23.2188, 25.7969, 28.7031,
        23.0938, 28.7188, 24.0625, 23.5625, 23.5000, 26.0625, 28.8594, 30.6094,
        21.7500, 23.2812, 29.5156, 24.0781, 24.7500, 23.3125, 23.7031, 28.5781,
        29.3281, 25.9375, 22.7344, 29.7344, 27.2969, 26.3906, 30.0000, 27.6094,
        25.6719, 28.7500, 26.9219, 27.4688, 23.6562, 28.5469, 25.4844, 22.1562,
        28.5469, 27.1719, 28.4531, 22.0938], device='cuda:1',
       dtype=torch.float16, grad_fn=<SelectBackward0>)
probs shape torch.Size([240, 100])
probs tensor([9.9321e-05, 7.5718e-04, 1.8345e-02, 2.1115e-02, 2.8576e-03, 9.0814e-03,
        4.4956e-03, 5.2040e-04, 1.7063e-03, 1.7332e-03, 2.9777e-02, 1.8164e-03,
        1.0954e-02, 4.1816e-04, 1.7780e-02, 1.3365e-04, 5.9307e-05, 1.0073e-01,
        9.4630e-02, 1.6189e-02, 1.8060e-02, 3.3079e-04, 5.2559e-03, 6.6162e-05,
        1.0846e-03, 1.9836e-02, 6.2415e-03, 4.4007e-02, 6.1098e-02, 5.5630e-02,
        8.2687e-03, 2.5762e-04, 1.3789e-04, 3.2381e-03, 2.1480e-05, 1.2954e-04,
        5.5630e-02, 5.8300e-02, 4.0761e-05, 1.2049e-05, 4.1167e-04, 4.0529e-04,
        2.5508e-05, 6.4126e-05, 9.1857e-05, 2.1236e-03, 5.4309e-06, 7.8569e-05,
        1.4369e-03, 3.4129e-04, 2.3093e-04, 3.6123e-03, 1.9557e-05, 2.3591e-05,
        5.5949e-03, 3.2891e-03, 1.1980e-04, 4.7855e-03, 6.8160e-02, 1.2169e-04,
        7.7351e-05, 3.7114e-05, 4.8887e-04, 8.9406e-03, 3.2753e-05, 9.0814e-03,
        8.6292e-05, 5.2338e-05, 4.9167e-05, 6.3761e-04, 1.0453e-02, 6.0151e-02,
        8.5440e-06, 3.9507e-05, 2.0148e-02, 8.7650e-05, 1.7161e-04, 4.0761e-05,
        6.0241e-05, 7.8900e-03, 1.6703e-02, 5.6269e-04, 2.2865e-05, 2.5074e-02,
        2.1910e-03, 8.8524e-04, 3.2703e-02, 2.9947e-03, 4.3143e-04, 9.3697e-03,
        1.5058e-03, 2.6019e-03, 5.7483e-05, 7.6473e-03, 3.5767e-04, 1.2826e-05,
        7.6473e-03, 1.9335e-03, 6.9629e-03, 1.2049e-05], device='cuda:1',
       grad_fn=<SelectBackward0>)
probs reshaped torch.Size([1, 240, 100])
probs shape of clip output torch.Size([240, 100]) torch.Size([100, 240])
logits_per_image tensor([[24.2031, 26.2344, 29.4219,  ..., 27.1719, 28.4531, 22.0938],
        [22.2031, 24.1250, 29.2344,  ..., 26.7500, 27.7812, 20.2344],
        [23.3594, 25.4219, 29.9688,  ..., 27.7656, 28.7500, 21.4844],
        ...,
        [24.0312, 26.1562, 29.4531,  ..., 25.3125, 30.0156, 21.7188],
        [23.2188, 25.9688, 28.7031,  ..., 25.0781, 29.6719, 20.9688],
        [23.7656, 24.9688, 28.2500,  ..., 25.8594, 29.6562, 21.6562]],
       device='cuda:1', dtype=torch.float16, grad_fn=<SelectBackward0>)
tensor([23.7500, 25.4219, 29.1250, 29.3906, 27.7344, 28.5938, 27.8906, 25.5781,
        27.3125, 26.5156, 28.8594, 26.4062, 28.6875, 27.4062, 28.0938, 24.7500,
        22.7031, 31.9375, 31.6562, 29.5625, 29.6562, 24.1094, 28.5000, 22.6719,
        26.0625, 29.3438, 29.3125, 31.1562, 30.9531, 31.2812, 29.4531, 24.7031,
        24.5000, 28.7500, 22.4844, 24.2656, 30.6875, 30.4062, 20.6875, 22.3594,
        24.9062, 26.0625, 22.1250, 23.7812, 24.2812, 27.6250, 21.8750, 24.2188,
        27.1094, 25.2969, 23.2969, 28.7969, 21.6875, 21.8750, 26.9219, 27.2969,
        23.5000, 26.0000, 29.3125, 23.5312, 23.5781, 23.7656, 23.6094, 28.7656,
        21.9375, 28.6250, 22.5000, 23.5781, 22.8125, 25.6250, 29.5625, 31.4531,
        22.7656, 23.4375, 29.9375, 23.6094, 23.7812, 24.0312, 24.5938, 28.7500,
        29.5938, 25.3594, 23.3125, 30.1875, 28.1094, 25.1250, 30.4062, 27.9844,
        25.4219, 27.8750, 28.1875, 27.4531, 23.7188, 29.4531, 25.9219, 21.7969,
        29.2188, 27.2500, 29.3750, 22.3281], device='cuda:0',
       dtype=torch.float16, grad_fn=<SelectBackward0>)
probs shape torch.Size([240, 100])
probs tensor([4.3377e-05, 2.3086e-04, 9.3667e-03, 1.2217e-02, 2.3316e-03, 5.5064e-03,
        2.7259e-03, 2.6990e-04, 1.5291e-03, 6.8921e-04, 7.1817e-03, 6.1780e-04,
        6.0476e-03, 1.6794e-03, 3.3398e-03, 1.1791e-04, 1.5227e-05, 1.5597e-01,
        1.1773e-01, 1.4507e-02, 1.5933e-02, 6.2134e-05, 5.0137e-03, 1.4758e-05,
        4.3809e-04, 1.1657e-02, 1.1298e-02, 7.1408e-02, 5.8282e-02, 8.0916e-02,
        1.3004e-02, 1.1251e-04, 9.1828e-05, 6.4377e-03, 1.2235e-05, 7.2642e-05,
        4.4686e-02, 3.3731e-02, 2.0288e-06, 1.0797e-05, 1.3785e-04, 4.3809e-04,
        8.5414e-06, 4.4754e-05, 7.3786e-05, 2.0900e-03, 6.6520e-06, 6.9316e-05,
        1.2480e-03, 2.0373e-04, 2.7572e-05, 6.7466e-03, 5.5147e-06, 6.6520e-06,
        1.0346e-03, 1.5054e-03, 3.3782e-05, 4.1155e-04, 1.1298e-02, 3.4854e-05,
        3.6527e-05, 4.4060e-05, 3.7686e-05, 6.5390e-03, 7.0810e-06, 5.6812e-03,
        1.2428e-05, 3.6527e-05, 1.6987e-05, 2.8285e-04, 1.4507e-02, 9.6091e-02,
        1.6209e-05, 3.1735e-05, 2.1108e-02, 3.7686e-05, 4.4754e-05, 5.7465e-05,
        1.0085e-04, 6.4377e-03, 1.4968e-02, 2.1687e-04, 2.8006e-05, 2.7104e-02,
        3.3924e-03, 1.7156e-04, 3.3731e-02, 2.9938e-03, 2.3086e-04, 2.6836e-03,
        3.6681e-03, 1.7600e-03, 4.2042e-05, 1.3004e-02, 3.8062e-04, 6.1521e-06,
        1.0287e-02, 1.4364e-03, 1.2027e-02, 1.0465e-05], device='cuda:0',
       grad_fn=<SelectBackward0>)
probs reshaped torch.Size([1, 240, 100])
probs tensor([[23.7500, 25.4219, 29.1250,  ..., 27.2500, 29.3750, 22.3281],
        [24.0312, 25.3750, 29.6406,  ..., 27.3281, 28.8438, 22.0312],
        [23.7188, 24.8594, 28.4844,  ..., 27.2812, 29.0312, 22.2500],
        ...,
        [24.4375, 26.2500, 26.5938,  ..., 26.8281, 28.7656, 23.0781],
        [23.1875, 24.0156, 27.1562,  ..., 25.8281, 29.8750, 21.5625],
        [24.3438, 25.8750, 26.4688,  ..., 26.6719, 30.2812, 22.3750]],
       device='cuda:0', dtype=torch.float16, grad_fn=<SelectBackward0>)
img shape torch.Size([1, 240, 3, 224, 224])
img shape torch.Size([1, 240, 3, 224, 224])
shape of clip output torch.Size([240, 100]) torch.Size([100, 240])
logits_per_image tensor([24.0625, 25.1562, 28.5312, 29.5000, 28.3281, 29.4531, 27.9688, 25.7500,
        27.5625, 25.7344, 29.0469, 26.7500, 27.6094, 27.1406, 30.0625, 25.1094,
        23.0312, 30.8906, 30.8594, 29.5625, 30.4844, 23.8750, 28.0781, 22.4531,
        26.3750, 29.8125, 29.4219, 30.2031, 29.3438, 32.0938, 28.5781, 24.1875,
        24.3594, 28.3906, 21.8906, 23.8750, 29.8906, 30.6250, 20.9531, 22.9375,
        24.2031, 26.1562, 23.1094, 22.9844, 24.7969, 27.6719, 21.6719, 24.2969,
        26.1406, 25.4062, 24.3125, 28.1406, 22.2812, 21.6562, 26.7656, 26.1094,
        23.8906, 25.8125, 31.1250, 22.3125, 23.1406, 22.7344, 23.7812, 27.2656,
        22.9375, 28.0781, 21.6875, 24.0312, 23.4219, 25.6406, 28.4688, 30.7500,
        23.5312, 23.4062, 29.9531, 23.1250, 24.0625, 24.6562, 25.0625, 28.4375,
        31.0625, 26.0625, 22.0000, 29.8594, 27.4531, 25.7500, 30.1875, 27.5000,
        25.5469, 28.7969, 28.2656, 26.6094, 23.8438, 29.3125, 26.0469, 21.2344,
        28.8750, 26.7344, 29.8594, 22.1875], device='cuda:0',
       dtype=torch.float16, grad_fn=<SelectBackward0>)
probs shape torch.Size([240, 100])
probs shape of clip output torch.Size([240, 100]) torch.Size([100, 240])
logits_per_image tensor([6.6153e-05, 1.9750e-04, 5.7717e-03, 1.5206e-02, 4.7107e-03, 1.4510e-02,
        3.2886e-03, 3.5762e-04, 2.1907e-03, 3.5207e-04, 9.6657e-03, 9.7210e-04,
        2.2958e-03, 1.4367e-03, 2.6688e-02, 1.8845e-04, 2.3587e-05, 6.1089e-02,
        5.9210e-02, 1.6187e-02, 4.0694e-02, 5.4842e-05, 3.6687e-03, 1.3231e-05,
        6.6812e-04, 2.0785e-02, 1.4064e-02, 3.0718e-02, 1.3007e-02, 2.0346e-01,
        6.0486e-03, 7.4961e-05, 8.9018e-05, 5.0145e-03, 7.5390e-06, 5.4842e-05,
        2.2473e-02, 4.6839e-02, 2.9523e-06, 2.1477e-05, 7.6141e-05, 5.3685e-04,
        2.5504e-05, 2.2507e-05, 1.3787e-04, 2.4439e-03, 6.0577e-06, 8.3625e-05,
        5.2852e-04, 2.5359e-04, 8.4942e-05, 3.9053e-03, 1.1142e-05, 5.9638e-06,
        9.8741e-04, 5.1226e-04, 5.5706e-05, 3.8068e-04, 7.7224e-02, 1.1496e-05,
        2.6314e-05, 1.7529e-05, 4.9935e-05, 1.6280e-03, 2.1477e-05, 3.6687e-03,
        6.1531e-06, 6.4117e-05, 3.4860e-05, 3.2057e-04, 5.4220e-03, 5.3075e-02,
        3.8889e-05, 3.4319e-05, 2.3923e-02, 2.5906e-05, 6.6153e-05, 1.1979e-04,
        1.7982e-04, 5.2551e-03, 7.2545e-02, 4.8880e-04, 8.4104e-06, 2.1782e-02,
        1.9637e-03, 3.5762e-04, 3.0241e-02, 2.0579e-03, 2.9188e-04, 7.5277e-03,
        4.4253e-03, 8.4458e-04, 5.3155e-05, 1.2606e-02, 4.8123e-04, 3.9112e-06,
        8.1393e-03, 9.5703e-04, 2.1782e-02, 1.0145e-05], device='cuda:0',
       grad_fn=<SelectBackward0>)
probs reshaped torch.Size([1, 240, 100])
probs tensor([[24.0625, 25.1562, 28.5312,  ..., 26.7344, 29.8594, 22.1875],
        [23.9844, 24.9219, 29.8750,  ..., 26.7031, 29.7969, 21.8750],
        [26.0938, 27.1719, 29.7031,  ..., 26.9688, 29.8906, 22.9531],
        ...,
        [23.5625, 25.6250, 27.5938,  ..., 26.4844, 26.4062, 19.0000],
        [21.6094, 24.2344, 28.3125,  ..., 26.7031, 26.7969, 18.2344],
        [21.6719, 24.8125, 27.7188,  ..., 26.5000, 25.5469, 18.5000]],
       device='cuda:0', dtype=torch.float16, grad_fn=<SelectBackward0>)
tensor([23.5312, 26.0625, 28.8750, 27.8281, 25.2969, 27.9062, 25.3438, 23.5312,
        25.4375, 24.7188, 29.2500, 26.5938, 26.7188, 24.4531, 25.3281, 22.1719,
        22.5000, 30.8281, 30.4688, 30.1719, 26.2188, 22.0625, 28.2031, 22.7656,
        25.8125, 28.0938, 27.8906, 29.7500, 29.9375, 29.7500, 27.6406, 22.5625,
        22.9375, 26.5156, 20.5312, 22.4688, 29.3906, 28.8906, 22.8125, 21.2812,
        23.3438, 22.9375, 20.6875, 21.7031, 21.5625, 25.1562, 19.2500, 21.4531,
        25.6562, 22.7344, 24.3125, 27.6406, 19.8906, 20.9844, 25.5625, 28.7188,
        23.0156, 28.3281, 25.6875, 23.0312, 20.4531, 21.3750, 25.1094, 28.8906,
        21.2500, 29.1094, 22.8906, 21.8594, 22.3594, 25.4375, 28.5469, 29.2344,
        20.5000, 20.8906, 27.8750, 22.1406, 23.3125, 21.3594, 21.0625, 26.8750,
        25.0000, 22.7344, 21.2656, 29.4688, 26.0312, 21.2969, 28.4062, 25.2188,
        24.5938, 27.9688, 26.1719, 28.3906, 20.7656, 28.1406, 24.0781, 20.8125,
        27.6875, 26.4375, 26.7500, 20.5156], device='cuda:1',
       dtype=torch.float16, grad_fn=<SelectBackward0>)
probs shape torch.Size([240, 100])
probs tensor([1.1102e-04, 1.3954e-03, 2.3236e-02, 8.1566e-03, 6.4894e-04, 8.8194e-03,
        6.8008e-04, 1.1102e-04, 7.4692e-04, 3.6402e-04, 3.3808e-02, 2.3737e-03,
        2.6898e-03, 2.7911e-04, 6.6954e-04, 2.8512e-05, 3.9586e-05, 1.6383e-01,
        1.1437e-01, 8.4994e-02, 1.6314e-03, 2.5558e-05, 1.1868e-02, 5.1629e-05,
        1.0868e-03, 1.0638e-02, 8.6827e-03, 5.5741e-02, 6.7236e-02, 5.5741e-02,
        6.7621e-03, 4.2139e-05, 6.1311e-05, 2.1953e-03, 5.5274e-06, 3.8368e-05,
        3.8913e-02, 2.3602e-02, 5.4107e-05, 1.1701e-05, 9.2039e-05, 6.1311e-05,
        6.4622e-06, 1.7843e-05, 1.5502e-05, 5.6381e-04, 1.5349e-06, 1.3896e-05,
        9.2956e-04, 5.0041e-05, 2.4249e-04, 6.7621e-03, 2.9127e-06, 8.6958e-06,
        8.4638e-04, 1.9875e-02, 6.6293e-05, 1.3448e-02, 9.5907e-04, 6.7337e-05,
        5.1120e-06, 1.2852e-05, 5.3799e-04, 2.3602e-02, 1.1341e-05, 2.9373e-02,
        5.8504e-05, 2.0860e-05, 3.4393e-05, 7.4692e-04, 1.6736e-02, 3.3284e-02,
        5.3573e-06, 7.9176e-06, 8.5481e-03, 2.7635e-05, 8.9207e-05, 1.2652e-05,
        9.4024e-06, 3.1447e-03, 4.8225e-04, 5.0041e-05, 1.1520e-05, 4.2075e-02,
        1.3525e-03, 1.1886e-05, 1.4541e-02, 6.0017e-04, 3.2125e-04, 9.3882e-03,
        1.5567e-03, 1.4315e-02, 6.9873e-06, 1.1149e-02, 1.9183e-04, 7.3226e-06,
        7.0866e-03, 2.0304e-03, 2.7752e-03, 5.4417e-06], device='cuda:1',
       grad_fn=<SelectBackward0>)
probs reshaped torch.Size([1, 240, 100])
probs tensor([[23.5312, 26.0625, 28.8750,  ..., 26.4375, 26.7500, 20.5156],
        [23.4688, 26.2344, 29.3906,  ..., 27.3594, 27.6719, 21.4688],
        [23.2188, 25.7188, 30.0312,  ..., 27.0312, 27.9688, 20.5469],
        ...,
        [25.8438, 27.8594, 28.1875,  ..., 28.2188, 28.7969, 25.2500],
        [25.7188, 27.5938, 28.0156,  ..., 28.6250, 28.0625, 24.3438],
        [24.7969, 26.1406, 28.1406,  ..., 27.8438, 27.9062, 22.1875]],
       device='cuda:1', dtype=torch.float16, grad_fn=<SelectBackward0>)
img shape torch.Size([1, 240, 3, 224, 224])
img shape torch.Size([1, 240, 3, 224, 224])
shape of clip output torch.Size([240, 100]) torch.Size([100, 240])
logits_per_image tensor([26.3281, 27.7500, 27.8125, 28.2344, 29.0312, 28.2188, 29.5781, 27.8906,
        27.4844, 29.5156, 27.8906, 25.9219, 28.3281, 27.9844, 24.6406, 27.1406,
        25.5938, 29.3750, 30.8594, 29.5312, 28.1875, 27.5938, 26.4844, 26.6719,
        28.3438, 28.7812, 30.8438, 30.7812, 29.7656, 29.7344, 30.5469, 29.0156,
        27.2812, 27.9844, 27.1875, 28.2812, 30.2188, 30.8125, 24.8594, 25.6406,
        27.9062, 28.0938, 26.0156, 26.0469, 25.9531, 28.6719, 24.7656, 26.0625,
        29.6094, 28.8906, 27.7812, 27.9062, 26.8906, 25.7656, 30.2188, 25.4219,
        26.7969, 29.4219, 24.5312, 25.5312, 26.6094, 26.2500, 27.8125, 28.1562,
        26.4219, 27.0938, 25.4688, 27.5000, 26.1562, 28.2656, 27.5000, 31.1875,
        24.9688, 25.7188, 27.0938, 26.5625, 27.4219, 25.6250, 27.6719, 28.5156,
        27.7188, 29.7969, 26.6719, 28.6250, 28.4062, 25.4531, 30.1719, 29.8750,
        28.8594, 30.4375, 29.6406, 27.2812, 26.3125, 28.0938, 27.5000, 24.3281,
        27.8594, 27.2812, 29.3281, 25.8906], device='cuda:0',
       dtype=torch.float16, grad_fn=<SelectBackward0>)
probs shape torch.Size([240, 100])
probs shape of clip output torch.Size([240, 100]) torch.Size([100, 240])
logits_per_image tensor([7.2897e-04, 3.0215e-03, 3.2164e-03, 4.9044e-03, 1.0881e-02, 4.8283e-03,
        1.8800e-02, 3.4777e-03, 2.3167e-03, 1.7661e-02, 3.4777e-03, 4.8560e-04,
        5.3864e-03, 3.8195e-03, 1.3485e-04, 1.6428e-03, 3.4976e-04, 1.5344e-02,
        6.7703e-02, 1.7939e-02, 4.6798e-03, 2.5844e-03, 8.5225e-04, 1.0280e-03,
        5.4712e-03, 8.4740e-03, 6.6653e-02, 6.2615e-02, 2.2678e-02, 2.1980e-02,
        4.9532e-02, 1.0712e-02, 1.8908e-03, 3.8195e-03, 1.7216e-03, 5.1397e-03,
        3.5677e-02, 6.4602e-02, 1.6782e-04, 3.6655e-04, 3.5325e-03, 4.2610e-03,
        5.3332e-04, 5.5025e-04, 5.0101e-04, 7.5960e-03, 1.5280e-04, 5.5892e-04,
        1.9397e-02, 9.4534e-03, 3.1174e-03, 3.5325e-03, 1.2794e-03, 4.1535e-04,
        3.5677e-02, 2.9453e-04, 1.1649e-03, 1.6081e-02, 1.2087e-04, 3.2857e-04,
        9.6573e-04, 6.7419e-04, 3.2164e-03, 4.5358e-03, 8.0062e-04, 1.5675e-03,
        3.0866e-04, 2.3531e-03, 6.1385e-04, 5.0600e-03, 2.3531e-03, 9.3996e-02,
        1.8721e-04, 3.9633e-04, 1.5675e-03, 9.2150e-04, 2.1763e-03, 3.6087e-04,
        2.7944e-03, 6.4972e-03, 2.9285e-03, 2.3397e-02, 1.0280e-03, 7.2482e-03,
        5.8241e-03, 3.0388e-04, 3.4043e-02, 2.5299e-02, 9.1626e-03, 4.4400e-02,
        2.0013e-02, 1.8908e-03, 7.1767e-04, 4.2610e-03, 2.3531e-03, 9.8655e-05,
        3.3707e-03, 1.8908e-03, 1.4642e-02, 4.7066e-04], device='cuda:0',
       grad_fn=<SelectBackward0>)
probs reshaped torch.Size([1, 240, 100])
tensor([23.5156, 25.6406, 28.7031, 28.0781, 26.9219, 28.1094, 26.5938, 25.1719,
        26.7031, 25.8594, 28.3125, 25.6250, 27.4062, 26.2031, 25.1094, 23.7812,
        23.2656, 31.1094, 30.9375, 29.8594, 27.0312, 23.4219, 27.2344, 22.7812,
        25.6250, 28.4688, 29.5781, 30.6094, 30.0625, 30.2969, 29.1875, 24.0156,
        24.2031, 28.1875, 21.7031, 23.4531, 30.2031, 29.9375, 22.0156, 22.2188,
        24.4531, 24.9531, 21.5938, 22.3750, 23.0000, 26.5938, 21.2188, 22.9688,
        26.2344, 24.3125, 24.2656, 27.9688, 21.6406, 21.3906, 26.3750, 27.4531,
        23.5156, 27.6562, 25.7031, 22.7344, 22.4844, 22.8750, 24.7031, 30.0625,
        21.6562, 28.5469, 22.3281, 23.0000, 22.7344, 25.8438, 29.2500, 30.3594,
        22.3125, 22.4531, 28.2812, 22.9062, 23.8594, 22.1719, 23.1094, 27.6406,
        27.1875, 24.7031, 22.3281, 29.6094, 26.4688, 22.4375, 29.0312, 26.6406,
        25.1406, 28.0938, 28.3750, 27.8281, 22.8594, 28.6719, 25.0312, 20.5625,
        28.8594, 26.7188, 28.1719, 21.7344], device='cuda:1',
       dtype=torch.float16, grad_fn=<SelectBackward0>)probs 
probs shape torch.Size([240, 100])
probs tensor([[26.3281, 27.7500, 27.8125,  ..., 27.2812, 29.3281, 25.8906],
        [25.7344, 27.5312, 28.3281,  ..., 26.7344, 29.2969, 24.8594],
        [25.3594, 27.1094, 28.1094,  ..., 26.8125, 27.7500, 24.4219],
        ...,
        [24.7031, 27.4688, 29.9688,  ..., 26.9531, 29.6562, 23.2656],
        [23.8750, 26.7344, 29.2188,  ..., 26.4844, 28.7344, 22.5938],
        [22.9375, 24.8906, 27.5781,  ..., 26.8281, 27.5469, 21.2969]],
       device='cuda:0', dtype=torch.float16, grad_fn=<SelectBackward0>)
tensor([6.9760e-05, 5.8409e-04, 1.2488e-02, 6.6846e-03, 2.1034e-03, 6.8968e-03,
        1.5150e-03, 3.6552e-04, 1.6901e-03, 7.2691e-04, 8.4501e-03, 5.7504e-04,
        3.4142e-03, 1.0251e-03, 3.4337e-04, 9.0984e-05, 5.4329e-05, 1.3853e-01,
        1.1665e-01, 3.9688e-02, 2.3465e-03, 6.3517e-05, 2.8750e-03, 3.3471e-05,
        5.7504e-04, 9.8792e-03, 2.9958e-02, 8.4020e-02, 4.8627e-02, 6.1470e-02,
        2.0271e-02, 1.1501e-04, 1.3873e-04, 7.4572e-03, 1.1388e-05, 6.5533e-05,
        5.5969e-02, 4.2913e-02, 1.5566e-05, 1.9071e-05, 1.7814e-04, 2.9370e-04,
        1.0208e-05, 2.2297e-05, 4.1656e-05, 1.5150e-03, 7.0159e-06, 4.0374e-05,
        1.0577e-03, 1.5477e-04, 1.4768e-04, 5.9920e-03, 1.0698e-05, 8.3316e-06,
        1.2174e-03, 3.5780e-03, 6.9760e-05, 4.3839e-03, 6.2176e-04, 3.1938e-05,
        2.4874e-05, 3.6761e-05, 2.2873e-04, 4.8627e-02, 1.0866e-05, 1.0682e-02,
        2.1276e-05, 4.1656e-05, 3.1938e-05, 7.1564e-04, 2.1578e-02, 6.5435e-02,
        2.0946e-05, 2.4108e-05, 8.1901e-03, 3.7928e-05, 9.8377e-05, 1.8198e-05,
        4.6470e-05, 4.3159e-03, 2.7433e-03, 2.2873e-04, 2.1276e-05, 3.0909e-02,
        1.3370e-03, 2.3735e-05, 1.7338e-02, 1.5877e-03, 3.5427e-04, 6.7899e-03,
        8.9951e-03, 5.2060e-03, 3.6191e-05, 1.2104e-02, 3.1757e-04, 3.6398e-06,
        1.4600e-02, 1.7167e-03, 7.3416e-03, 1.1749e-05], device='cuda:1',
       grad_fn=<SelectBackward0>)
probs reshaped torch.Size([1, 240, 100])
probs tensor([[23.5156, 25.6406, 28.7031,  ..., 26.7188, 28.1719, 21.7344],
        [23.7969, 26.3281, 29.2500,  ..., 27.0938, 28.2656, 22.0625],
        [23.3750, 26.0156, 28.7812,  ..., 26.8438, 27.7969, 21.3438],
        ...,
        [21.4375, 23.3281, 29.4531,  ..., 25.0000, 27.9219, 19.5312],
        [22.1562, 23.7188, 29.5625,  ..., 25.8906, 28.6719, 20.2812],
        [22.1719, 24.2500, 29.5938,  ..., 25.7344, 28.8438, 20.5781]],
       device='cuda:1', dtype=torch.float16, grad_fn=<SelectBackward0>)
img shape torch.Size([1, 240, 3, 224, 224])
img shape torch.Size([1, 240, 3, 224, 224])
shape of clip output torch.Size([240, 100]) torch.Size([100, 240])
logits_per_image tensor([21.4375, 23.1250, 28.1719, 27.2188, 24.4688, 26.0938, 26.2500, 23.9688,
        26.1562, 24.7812, 25.9375, 22.9219, 23.9844, 25.9844, 25.7969, 21.8594,
        20.6562, 29.4531, 29.0781, 25.6562, 29.9062, 23.6875, 24.9688, 20.2812,
        23.5156, 27.9062, 28.0781, 29.9688, 29.2188, 28.4062, 27.2656, 23.3906,
        23.4688, 25.4219, 19.2969, 23.0625, 31.0938, 29.7812, 17.2812, 18.7812,
        22.6719, 21.9062, 19.1406, 19.6094, 21.0312, 26.0469, 19.0469, 20.9375,
        24.8281, 23.7188, 20.0312, 27.0781, 19.7344, 19.9844, 26.7500, 24.0000,
        20.4844, 23.5625, 26.7812, 20.9062, 19.9531, 22.3594, 20.5469, 25.9219,
        20.7500, 26.4062, 19.6719, 21.4844, 19.9531, 23.8125, 26.7812, 29.7031,
        18.9531, 20.5469, 28.2031, 21.6719, 22.3281, 21.0312, 24.1406, 26.3750,
        32.1875, 23.7031, 20.4531, 26.5156, 26.7031, 23.1250, 25.9688, 23.7656,
        23.5781, 24.8594, 27.1875, 24.4062, 19.4219, 27.0625, 20.3281, 20.2188,
        27.8438, 24.6250, 28.0938, 20.0000], device='cuda:1',
       dtype=torch.float16, grad_fn=<SelectBackward0>)
probs shape torch.Size([240, 100])
probs shape of clip output torch.Size([240, 100]) torch.Size([100, 240])
logits_per_image tensor([1.0265e-05, 5.5491e-05, 8.6309e-03, 3.3275e-03, 2.1272e-04, 1.0803e-03,
        1.2630e-03, 1.2902e-04, 1.1500e-03, 2.9075e-04, 9.2401e-04, 4.5291e-05,
        1.3105e-04, 9.6836e-04, 8.0280e-04, 1.5652e-05, 4.6996e-06, 3.1081e-02,
        2.1362e-02, 6.9748e-04, 4.8897e-02, 9.7390e-05, 3.5072e-04, 3.2300e-06,
        8.2011e-05, 6.6175e-03, 7.8585e-03, 5.2051e-02, 2.4587e-02, 1.0910e-02,
        3.4872e-03, 7.2374e-05, 7.8255e-05, 5.5175e-04, 1.2070e-06, 5.2129e-05,
        1.6033e-01, 4.3152e-02, 1.6081e-07, 7.2071e-07, 3.5272e-05, 1.6403e-05,
        1.0324e-06, 1.6497e-06, 6.8379e-06, 1.0308e-03, 9.3998e-07, 6.2260e-06,
        3.0471e-04, 1.0048e-04, 2.5155e-06, 2.8910e-03, 1.8694e-06, 2.4003e-06,
        2.0823e-03, 1.3312e-04, 3.9575e-06, 8.5947e-05, 2.1484e-03, 6.0344e-06,
        2.3265e-06, 2.5806e-05, 4.2127e-06, 9.0969e-04, 5.1615e-06, 1.4766e-03,
        1.7561e-06, 1.0757e-05, 2.3265e-06, 1.1036e-04, 2.1484e-03, 3.9909e-02,
        8.5586e-07, 4.2127e-06, 8.9049e-03, 1.2976e-05, 2.5012e-05, 6.8379e-06,
        1.5322e-04, 1.4311e-03, 4.7865e-01, 9.8924e-05, 3.8357e-06, 1.6472e-03,
        1.9869e-03, 5.5491e-05, 9.5335e-04, 1.0530e-04, 8.7300e-05, 3.1438e-04,
        3.2251e-03, 1.9983e-04, 1.3677e-06, 2.8462e-03, 3.3850e-06, 3.0343e-06,
        6.2166e-03, 2.4869e-04, 7.9823e-03, 2.4381e-06], device='cuda:1',
       grad_fn=<SelectBackward0>)
probs reshaped torch.Size([1, 240, 100])
probs tensor([24.8750, 27.6406, 25.5781, 25.5469, 26.0781, 25.2344, 27.8594, 26.8438,
        24.4844, 25.9062, 27.0312, 24.2344, 26.9375, 22.5312, 23.4531, 26.2188,
        24.2969, 24.7969, 28.6094, 26.3438, 20.7812, 26.4062, 24.5000, 25.5625,
        27.2969, 24.8594, 24.6406, 25.7500, 24.7188, 25.2969, 24.6250, 25.3750,
        24.5312, 24.7812, 24.2969, 25.6562, 24.4844, 27.0000, 21.0781, 24.3594,
        25.2656, 25.5156, 22.4688, 24.0000, 23.8906, 27.4062, 22.5469, 23.6562,
        27.9844, 25.1250, 23.8906, 22.5625, 24.2344, 23.9062, 27.8906, 26.0000,
        25.1562, 25.6250, 23.1875, 24.5156, 22.7500, 22.2344, 24.7031, 26.1250,
        26.0156, 25.4531, 24.7344, 23.5781, 23.4688, 27.9219, 28.5156, 26.1562,
        22.1406, 22.8906, 23.7812, 24.5312, 24.5625, 22.7812, 21.4844, 28.3281,
        22.7969, 26.8281, 24.0000, 28.5469, 23.5781, 26.2656, 28.2969, 25.6406,
        27.1562, 28.5938, 21.1875, 24.9531, 23.9219, 26.6406, 26.6562, 22.9531,
        25.2656, 27.4844, 24.0469, 24.1875], device='cuda:0',
       dtype=torch.float16, grad_fn=<SelectBackward0>)
probs shape torch.Size([240, 100])
probs tensor([[21.4375, 23.1250, 28.1719,  ..., 24.6250, 28.0938, 20.0000],
        [21.7344, 23.7500, 29.0938,  ..., 25.0938, 28.2969, 19.5625],
        [22.8281, 24.1562, 29.2500,  ..., 25.9688, 29.3281, 20.3125],
        ...,
        [22.2031, 23.6406, 29.1875,  ..., 25.7188, 27.8906, 20.5156],
        [22.0000, 23.6875, 29.0781,  ..., 24.8125, 27.8438, 19.1875],
        [23.3750, 25.0312, 29.6406,  ..., 25.7344, 28.4375, 19.7031]],
       device='cuda:1', dtype=torch.float16, grad_fn=<SelectBackward0>)
tensor([1.9671e-03, 3.1254e-02, 3.9736e-03, 3.8513e-03, 6.5513e-03, 2.8177e-03,
        3.8897e-02, 1.4087e-02, 1.3310e-03, 5.5167e-03, 1.6993e-02, 1.0366e-03,
        1.5472e-02, 1.8877e-04, 4.7457e-04, 7.5405e-03, 1.1034e-03, 1.8192e-03,
        8.2345e-02, 8.5445e-03, 3.2804e-05, 9.0956e-03, 1.3519e-03, 3.9120e-03,
        2.2163e-02, 1.9366e-03, 1.5561e-03, 4.7187e-03, 1.6825e-03, 2.9994e-03,
        1.5319e-03, 3.2431e-03, 1.3949e-03, 1.7910e-03, 1.1034e-03, 4.2964e-03,
        1.3310e-03, 1.6470e-02, 4.4142e-05, 1.1746e-03, 2.9071e-03, 3.7328e-03,
        1.7734e-04, 8.1999e-04, 7.3503e-04, 2.4724e-02, 1.9175e-04, 5.8146e-04,
        4.4076e-02, 2.5257e-03, 7.3503e-04, 1.9476e-04, 1.0366e-03, 7.4661e-04,
        4.0132e-02, 6.0590e-03, 2.6059e-03, 4.1643e-03, 3.6387e-04, 1.3732e-03,
        2.3493e-04, 1.4028e-04, 1.6564e-03, 6.8657e-03, 6.1544e-03, 3.5067e-03,
        1.7090e-03, 5.3776e-04, 4.8205e-04, 4.1405e-02, 7.4976e-02, 7.0836e-03,
        1.2773e-04, 2.7040e-04, 6.5888e-04, 1.3949e-03, 1.4391e-03, 2.4239e-04,
        6.6265e-05, 6.2157e-02, 2.4621e-04, 1.3869e-02, 8.1999e-04, 7.7356e-02,
        5.3776e-04, 7.9024e-03, 6.0245e-02, 4.2298e-03, 1.9255e-02, 8.1068e-02,
        4.9244e-05, 2.1269e-03, 7.5837e-04, 1.1498e-02, 1.1679e-02, 2.8784e-04,
        2.9071e-03, 2.6733e-02, 8.5934e-04, 9.8910e-04], device='cuda:0',
       grad_fn=<SelectBackward0>)
probs reshaped torch.Size([1, 240, 100])
probs tensor([[24.8750, 27.6406, 25.5781,  ..., 27.4844, 24.0469, 24.1875],
        [25.2031, 28.0781, 26.1562,  ..., 27.6250, 24.9062, 24.3125],
        [24.9531, 27.5938, 26.0000,  ..., 27.7500, 24.7344, 24.4375],
        ...,
        [27.5781, 28.8125, 27.1406,  ..., 27.9844, 28.3906, 25.8438],
        [27.4531, 28.4375, 26.8750,  ..., 27.8906, 27.5469, 25.6719],
        [28.2188, 28.4688, 25.1719,  ..., 28.3281, 26.5938, 26.2969]],
       device='cuda:0', dtype=torch.float16, grad_fn=<SelectBackward0>)
img shape torch.Size([1, 240, 3, 224, 224])
img shape torch.Size([1, 240, 3, 224, 224])
shape of clip output torch.Size([240, 100]) torch.Size([100, 240])
logits_per_image tensor([26.4531, 26.8906, 24.7188, 23.5625, 22.7344, 24.4844, 28.1875, 26.4844,
        24.2188, 27.1250, 24.3281, 21.5312, 23.3594, 23.1562, 21.4375, 26.3438,
        25.5625, 22.1875, 25.3906, 24.0156, 25.1094, 27.6875, 20.3906, 24.1250,
        26.4375, 24.2031, 24.2188, 23.2812, 23.1250, 23.2500, 23.6250, 26.3594,
        27.2188, 21.0469, 23.3594, 26.2812, 24.5625, 27.7500, 22.5938, 24.2969,
        25.7969, 25.2031, 25.7656, 22.8125, 24.9062, 26.7344, 23.0781, 25.2656,
        27.9531, 25.4062, 24.4375, 23.0625, 25.0938, 24.8438, 29.4375, 21.1406,
        25.1250, 25.6094, 21.6562, 24.6406, 24.1719, 24.9531, 24.5156, 24.6406,
        27.7969, 22.5781, 23.2656, 26.3281, 25.5469, 27.7656, 22.5625, 25.6719,
        23.2500, 23.0938, 23.2031, 24.3906, 27.7656, 24.3281, 26.2812, 23.6875,
        27.8750, 26.7500, 23.9688, 23.1875, 23.6562, 25.4688, 25.1562, 26.1719,
        28.3281, 28.0938, 22.0781, 23.0469, 24.1875, 23.4688, 24.8594, 24.4844,
        23.7812, 25.7188, 24.2031, 24.9375], device='cuda:1',
       dtype=torch.float16, grad_fn=<SelectBackward0>)
probs shape torch.Size([240, 100])
probs shape of clip output torch.Size([240, 100]) torch.Size([100, 240])
logits_per_image tensor([1.0962e-02, 1.6979e-02, 1.9350e-03, 6.0887e-04, 2.6600e-04, 1.5307e-03,
        6.2107e-02, 1.1310e-02, 1.1736e-03, 2.1464e-02, 1.3093e-03, 7.9867e-05,
        4.9695e-04, 4.0560e-04, 7.2720e-05, 9.8267e-03, 4.4990e-03, 1.5395e-04,
        3.7885e-03, 9.5789e-04, 2.8597e-03, 3.7670e-02, 2.5527e-05, 1.0686e-03,
        1.0793e-02, 1.1554e-03, 1.1736e-03, 4.5960e-04, 3.9312e-04, 4.4546e-04,
        6.4814e-04, 9.9815e-03, 2.3573e-02, 4.9205e-05, 4.9695e-04, 9.2313e-03,
        1.6551e-03, 4.0099e-02, 2.3110e-04, 1.2690e-03, 5.6873e-03, 3.1408e-03,
        5.5123e-03, 2.8761e-04, 2.3340e-03, 1.4523e-02, 3.7512e-04, 3.3434e-03,
        4.9130e-02, 3.8482e-03, 1.4606e-03, 3.6930e-04, 2.8154e-03, 2.1926e-03,
        2.1677e-01, 5.4041e-05, 2.9048e-03, 4.7149e-03, 9.0501e-05, 1.7896e-03,
        1.1199e-03, 2.4461e-03, 1.5793e-03, 1.7896e-03, 4.2024e-02, 2.2752e-04,
        4.5248e-04, 9.6744e-03, 4.4292e-03, 4.0731e-02, 2.2399e-04, 5.0190e-03,
        4.4546e-04, 3.8102e-04, 4.2506e-04, 1.3937e-03, 4.0731e-02, 1.3093e-03,
        9.2313e-03, 6.8994e-04, 4.5438e-02, 1.4752e-02, 9.1403e-04, 4.1847e-04,
        6.6872e-04, 4.0964e-03, 2.9970e-03, 8.2749e-03, 7.1484e-02, 5.6549e-02,
        1.3800e-04, 3.6357e-04, 1.1375e-03, 5.5439e-04, 2.2272e-03, 1.5307e-03,
        7.5776e-04, 5.2599e-03, 1.1554e-03, 2.4081e-03], device='cuda:1',
       grad_fn=<SelectBackward0>)
probs reshaped torch.Size([1, 240, 100])
probs tensor([25.4062, 27.0625, 25.6719, 25.0312, 24.4219, 25.3750, 28.5781, 26.2656,
        24.4531, 27.4531, 24.6719, 23.7500, 24.4844, 24.2656, 23.8281, 26.9375,
        24.9219, 24.5625, 26.8750, 24.3281, 27.1406, 26.9375, 23.1562, 24.3438,
        26.6562, 25.4219, 25.2031, 25.3750, 24.8125, 24.3594, 24.8906, 26.3750,
        26.9375, 23.0312, 22.6719, 26.4219, 26.6406, 28.4844, 22.0000, 22.8438,
        25.7344, 24.9219, 23.9219, 22.8594, 24.7344, 26.3281, 24.5938, 25.1719,
        28.0625, 25.8281, 24.8438, 23.9688, 23.8125, 24.5625, 29.3281, 23.1719,
        24.1406, 26.3750, 24.0000, 24.3125, 23.1875, 25.0156, 25.2031, 25.1875,
        27.6406, 24.2969, 22.6875, 25.9219, 24.4062, 28.0625, 24.9219, 25.7188,
        22.5938, 24.4219, 23.9219, 24.5469, 26.1719, 24.9844, 26.4219, 25.9688,
        29.7031, 26.4219, 23.8438, 25.8594, 25.3125, 26.1875, 25.5781, 26.9531,
        27.9531, 27.9688, 23.1719, 23.5781, 23.5469, 25.4531, 25.3125, 24.2188,
        25.6406, 27.6250, 25.2656, 24.5312], device='cuda:0',
       dtype=torch.float16, grad_fn=<SelectBackward0>)
probs shape torch.Size([240, 100])
probs tensor([[26.4531, 26.8906, 24.7188,  ..., 25.7188, 24.2031, 24.9375],
        [26.9844, 27.1719, 26.0000,  ..., 26.9062, 25.6875, 24.6406],
        [24.9844, 25.2344, 27.5625,  ..., 24.9688, 27.2344, 22.7500],
        ...,
        [23.0469, 25.0000, 28.1719,  ..., 25.4062, 27.7031, 20.9688],
        [21.3906, 23.4531, 27.6562,  ..., 23.4375, 26.8125, 18.6719],
        [22.5312, 24.2656, 28.2344,  ..., 25.5156, 27.3750, 20.2344]],
       device='cuda:1', dtype=torch.float16, grad_fn=<SelectBackward0>)
tensor([2.8273e-03, 1.4814e-02, 3.6875e-03, 1.9432e-03, 1.0565e-03, 2.7403e-03,
        6.7438e-02, 6.6772e-03, 1.0900e-03, 2.1894e-02, 1.3566e-03, 5.3960e-04,
        1.1246e-03, 9.0366e-04, 5.8345e-04, 1.3073e-02, 1.7419e-03, 1.2160e-03,
        1.2281e-02, 9.6195e-04, 1.6018e-02, 1.3073e-02, 2.9800e-04, 9.7709e-04,
        9.8683e-03, 2.8718e-03, 2.3076e-03, 2.7403e-03, 1.5614e-03, 9.9248e-04,
        1.6883e-03, 7.4490e-03, 1.3073e-02, 2.6298e-04, 1.8359e-04, 7.8065e-03,
        9.7153e-03, 6.1403e-02, 9.3769e-05, 2.1802e-04, 3.9253e-03, 1.7419e-03,
        6.4079e-04, 2.2145e-04, 1.4441e-03, 7.1079e-03, 1.2546e-03, 2.2366e-03,
        4.0269e-02, 4.3111e-03, 1.6110e-03, 6.7155e-04, 5.7440e-04, 1.2160e-03,
        1.4277e-01, 3.0269e-04, 7.9748e-04, 7.4490e-03, 6.9286e-04, 9.4703e-04,
        3.0746e-04, 1.9131e-03, 2.3076e-03, 2.2718e-03, 2.6409e-02, 9.3235e-04,
        1.8648e-04, 4.7349e-03, 1.0401e-03, 4.0269e-02, 1.7419e-03, 3.8645e-03,
        1.6979e-04, 1.0565e-03, 6.4079e-04, 1.1972e-03, 6.0797e-03, 1.8542e-03,
        7.8065e-03, 4.9621e-03, 2.0772e-01, 7.8065e-03, 5.9264e-04, 4.4480e-03,
        2.5743e-03, 6.1754e-03, 3.3575e-03, 1.3279e-02, 3.6097e-02, 3.6665e-02,
        3.0269e-04, 4.5439e-04, 4.4041e-04, 2.9630e-03, 2.5743e-03, 8.6228e-04,
        3.5741e-03, 2.6000e-02, 2.4564e-03, 1.1786e-03], device='cuda:0',
       grad_fn=<SelectBackward0>)
probs reshaped torch.Size([1, 240, 100])
probs tensor([[25.4062, 27.0625, 25.6719,  ..., 27.6250, 25.2656, 24.5312],
        [23.2812, 25.0469, 27.9688,  ..., 27.8750, 28.4844, 22.1406],
        [23.3750, 25.1719, 28.1250,  ..., 27.6562, 27.5938, 21.9062],
        ...,
        [21.8906, 23.7500, 26.0469,  ..., 26.9219, 25.1406, 21.7344],
        [22.1719, 24.2500, 25.9688,  ..., 27.3906, 24.6719, 22.2969],
        [24.0312, 26.2031, 27.5625,  ..., 27.7969, 26.0000, 24.7188]],
       device='cuda:0', dtype=torch.float16, grad_fn=<SelectBackward0>)
img shape torch.Size([1, 240, 3, 224, 224])
img shape torch.Size([1, 240, 3, 224, 224])
shape of clip output torch.Size([240, 100]) torch.Size([100, 240])
logits_per_image tensor([23.2969, 24.7969, 29.2344, 26.5781, 24.2031, 25.3750, 25.7969, 24.4062,
        27.8281, 25.4844, 26.8594, 22.2188, 25.8750, 27.1094, 25.9375, 22.2500,
        22.5625, 28.3906, 29.9062, 26.2812, 30.5469, 23.2656, 23.6250, 20.0781,
        24.9062, 27.8281, 29.1875, 30.8750, 29.2031, 28.7344, 27.3750, 23.3750,
        22.9062, 27.4844, 18.8125, 23.1250, 31.1562, 29.0625, 19.0312, 21.6406,
        23.5000, 21.8750, 20.1719, 19.8750, 21.3750, 25.7969, 20.7188, 21.8281,
        24.6406, 22.6719, 21.0156, 27.5938, 18.5000, 19.5938, 26.5000, 26.5312,
        22.8594, 24.2969, 26.7188, 23.0625, 20.0625, 21.8750, 21.7188, 25.8906,
        20.8438, 28.3281, 20.2812, 20.9219, 22.3594, 24.9844, 28.1562, 30.0938,
        18.0469, 21.1875, 28.9062, 22.3281, 21.9219, 19.6094, 25.4219, 27.2188,
        33.0625, 23.0312, 20.8125, 27.8125, 28.2188, 24.5000, 26.8438, 24.2656,
        23.4688, 26.4219, 26.7812, 27.1562, 19.8750, 28.0625, 21.1719, 21.8594,
        28.6094, 25.6094, 30.6406, 20.2344], device='cuda:0',
       dtype=torch.float16, grad_fn=<SelectBackward0>)
probs shape torch.Size([240, 100])
probs tensor([3.2880e-05, 1.4736e-04, 1.2461e-02, 8.7491e-04, 8.1379e-05, 2.6269e-04,
        4.0056e-04, 9.9708e-05, 3.0537e-03, 2.9306e-04, 1.1591e-03, 1.1187e-05,
        4.3311e-04, 1.4883e-03, 4.6104e-04, 1.1542e-05, 1.5776e-05, 5.3595e-03,
        2.4398e-02, 6.5018e-04, 4.6299e-02, 3.1868e-05, 4.5649e-05, 1.3154e-06,
        1.6439e-04, 3.0537e-03, 1.1890e-02, 6.4279e-02, 1.2078e-02, 7.5580e-03,
        1.9411e-03, 3.5552e-05, 2.2248e-05, 2.1654e-03, 3.7102e-07, 2.7688e-05,
        8.5156e-02, 1.0493e-02, 4.6174e-07, 6.2753e-06, 4.0286e-05, 7.9327e-06,
        1.4446e-06, 1.0736e-06, 4.8114e-06, 4.0056e-04, 2.4961e-06, 7.5694e-06,
        1.2604e-04, 1.7599e-05, 3.3589e-06, 2.4157e-03, 2.7144e-07, 8.1037e-07,
        8.0916e-04, 8.3484e-04, 2.1229e-05, 8.9377e-05, 1.0070e-03, 2.6010e-05,
        1.2950e-06, 7.9327e-06, 6.7852e-06, 4.3993e-04, 2.8285e-06, 5.0347e-03,
        1.6116e-06, 3.0583e-06, 1.2876e-05, 1.7775e-04, 4.2397e-03, 2.9429e-02,
        1.7254e-07, 3.9888e-06, 8.9754e-03, 1.2480e-05, 8.3134e-06, 8.2314e-07,
        2.7530e-04, 1.6603e-03, 5.7291e-01, 2.5210e-05, 2.7415e-06, 3.0064e-03,
        4.5131e-03, 1.0951e-04, 1.1411e-03, 8.6627e-05, 3.9046e-05, 7.4835e-04,
        1.0720e-03, 1.5597e-03, 1.0736e-06, 3.8603e-03, 3.9270e-06, 7.8097e-06,
        6.6699e-03, 3.3208e-04, 5.0849e-02, 1.5378e-06], device='cuda:0',
       grad_fn=<SelectBackward0>)
probs reshaped torch.Size([1, 240, 100])
probs shape of clip output torch.Size([240, 100]) torch.Size([100, 240])
logits_per_image tensor([21.9375, 24.6875, 30.0781, 28.6094, 25.7656, 27.7500, 26.5625, 24.3750,
        27.5469, 25.5156, 27.7500, 25.0156, 25.1875, 27.0312, 28.3281, 22.2812,
        21.0781, 31.0000, 31.3125, 27.4688, 32.0625, 22.8750, 26.1406, 20.2812,
        24.6719, 29.3125, 30.1406, 33.1875, 32.6875, 30.0312, 29.7500, 23.1406,
        23.4062, 27.4688, 19.5156, 23.0469, 33.8438, 31.3281, 17.8594, 19.9688,
        23.2344, 22.0938, 19.5938, 20.1250, 20.4062, 25.5625, 19.3594, 20.4219,
        25.0312, 23.6875, 20.4219, 29.3594, 19.3438, 19.7812, 26.3438, 26.6875,
        21.0312, 24.6406, 28.8594, 21.6562, 19.7500, 22.7656, 21.3906, 26.2656,
        20.5781, 29.8594, 19.7188, 21.2188, 21.0156, 24.6719, 29.3125, 31.0000,
        18.3594, 20.6875, 30.6719, 22.4062, 21.4688, 19.8750, 23.8594, 28.4219,
        34.5938, 23.6250, 20.7188, 29.3438, 28.2031, 24.4688, 27.1719, 24.2188,
        23.3281, 25.9219, 29.0156, 27.1719, 19.0000, 29.0469, 20.5625, 21.2969,
        30.0156, 25.3750, 29.6719, 20.1406], device='cuda:1',
       dtype=torch.float16, grad_fn=<SelectBackward0>)
probs shape torch.Size([240, 100])
probs tensor([1.4408e-06, 2.2538e-05, 4.9435e-03, 1.1381e-03, 6.6243e-05, 4.8189e-04,
        1.4697e-04, 1.6489e-05, 3.9330e-04, 5.1590e-05, 4.8189e-04, 3.1291e-05,
        3.7159e-05, 2.3485e-04, 8.5906e-04, 2.0319e-06, 6.1008e-07, 1.2428e-02,
        1.6987e-02, 3.6375e-04, 3.5962e-02, 3.6793e-06, 9.6383e-05, 2.7498e-07,
        2.2189e-05, 2.2990e-03, 5.2624e-03, 1.1077e-01, 6.7185e-02, 4.7171e-03,
        3.5607e-03, 4.7986e-06, 6.2586e-06, 3.6375e-04, 1.2788e-07, 4.3692e-06,
        2.1351e-01, 1.7255e-02, 2.4406e-08, 2.0118e-07, 5.2703e-06, 1.6845e-06,
        1.3827e-07, 2.3521e-07, 3.1160e-07, 5.4066e-05, 1.0938e-07, 3.1651e-07,
        3.1784e-05, 8.2913e-06, 3.1651e-07, 2.4093e-03, 1.0769e-07, 1.6679e-07,
        1.1809e-04, 1.6654e-04, 5.8214e-07, 2.1506e-05, 1.4613e-03, 1.0876e-06,
        1.6165e-07, 3.2981e-06, 8.3388e-07, 1.0922e-04, 3.7003e-07, 3.9722e-03,
        1.5668e-07, 7.0220e-07, 5.7312e-07, 2.2189e-05, 2.2990e-03, 1.2428e-02,
        4.0239e-08, 4.1280e-07, 8.9516e-03, 2.3024e-06, 9.0164e-07, 1.8318e-07,
        9.8462e-06, 9.4349e-04, 4.5201e-01, 7.7890e-06, 4.2590e-07, 2.3719e-03,
        7.5811e-04, 1.8110e-05, 2.7031e-04, 1.4104e-05, 5.7883e-06, 7.7446e-05,
        1.7084e-03, 2.7031e-04, 7.6360e-08, 1.7627e-03, 3.6430e-07, 7.5926e-07,
        4.6440e-03, 4.4822e-05, 3.2931e-03, 2.3891e-07], device='cuda:1',
       grad_fn=<SelectBackward0>)
tensor([[23.2969, 24.7969, 29.2344,  ..., 25.6094, 30.6406, 20.2344],
        [24.6562, 26.7500, 30.1719,  ..., 26.7031, 31.7500, 21.9375],
        [23.3594, 25.0156, 29.1250,  ..., 24.5156, 30.3594, 19.6875],
        ...,
        [24.3281, 25.9531, 28.2031,  ..., 26.6875, 28.4844, 22.6250],
        [23.5312, 25.5469, 28.2188,  ..., 25.6406, 28.1719, 21.3125],
        [24.6875, 26.6094, 27.8750,  ..., 25.7656, 28.2344, 22.9062]],
       device='cuda:0', dtype=torch.float16, grad_fn=<SelectBackward0>)
probs reshaped torch.Size([1, 240, 100])
probs tensor([[21.9375, 24.6875, 30.0781,  ..., 25.3750, 29.6719, 20.1406],
        [19.8750, 22.7656, 28.9375,  ..., 25.0469, 27.3125, 17.9844],
        [20.5625, 24.1250, 29.8906,  ..., 26.0156, 27.9531, 18.6094],
        ...,
        [22.2344, 24.1875, 29.4219,  ..., 25.4688, 28.6094, 20.5156],
        [21.9375, 23.2969, 28.5312,  ..., 25.2969, 28.9688, 19.8281],
        [21.6406, 23.4062, 28.5312,  ..., 24.8594, 28.1406, 19.7344]],
       device='cuda:1', dtype=torch.float16, grad_fn=<SelectBackward0>)
Epoch 0:  57%|██████████████▎          | 20/35 [00:53<00:39,  0.38it/s, v_num=3]img shape torch.Size([1, 240, 3, 224, 224])
img shape torch.Size([1, 240, 3, 224, 224])
shape of clip output torch.Size([240, 100]) torch.Size([100, 240])
logits_per_image shape of clip output torch.Size([240, 100]) torch.Size([100, 240])
logits_per_image tensor([23.7344, 26.5781, 28.3125, 26.9844, 26.4219, 26.7656, 26.1719, 24.5781,
        26.2656, 24.2344, 29.1094, 25.1562, 28.8750, 25.3906, 26.0312, 23.7500,
        22.1562, 28.8281, 30.8906, 29.4688, 25.1875, 22.9062, 26.9844, 22.7500,
        26.7344, 26.9219, 27.2812, 28.1875, 27.9375, 28.3906, 27.0156, 22.7188,
        23.2188, 29.6406, 21.0000, 22.7969, 27.8281, 28.1406, 21.1406, 22.2969,
        23.2812, 24.9688, 20.7344, 21.8594, 23.2812, 26.0469, 19.8438, 22.8594,
        25.7500, 23.0000, 23.6719, 25.7344, 20.6406, 20.8281, 25.9219, 30.5469,
        24.7031, 25.5938, 27.6719, 23.4062, 21.4062, 21.6719, 23.8125, 27.1094,
        21.7656, 29.7188, 22.0156, 21.8594, 22.7656, 25.0469, 30.1250, 29.2188,
        20.4219, 21.3125, 27.5156, 22.4688, 22.5469, 21.1875, 20.8281, 28.9062,
        26.8906, 23.9531, 21.1094, 30.4688, 26.7969, 25.4531, 29.3906, 25.9219,
        24.4219, 28.8594, 25.1094, 29.1094, 22.2188, 29.2344, 24.8750, 20.5156,
        28.7188, 27.3750, 27.5625, 20.4688], device='cuda:0',
       dtype=torch.float16, grad_fn=<SelectBackward0>)
probs shape torch.Size([240, 100])
probs tensor([23.3594, 24.8906, 28.2344, 27.2969, 26.1562, 27.9531, 26.9688, 24.4219,
        26.1719, 25.0625, 28.1875, 25.7812, 27.7969, 26.9688, 26.7812, 24.9688,
        22.8125, 29.5469, 31.3125, 29.4375, 26.7969, 22.9688, 27.1875, 23.1406,
        24.9844, 27.4531, 28.5938, 29.8906, 29.5312, 28.9062, 27.8906, 23.5938,
        24.1406, 28.3125, 22.0781, 23.6250, 29.2656, 29.3750, 20.7500, 23.0000,
        23.4219, 25.3281, 20.9531, 23.8281, 23.8594, 26.2500, 21.5625, 23.9688,
        26.2656, 23.8281, 22.7969, 27.2031, 21.6406, 22.2500, 25.9375, 27.8125,
        23.2188, 25.6875, 29.4531, 22.3906, 23.3438, 22.1562, 23.7969, 28.8750,
        22.3281, 27.4844, 21.5781, 23.9375, 22.4375, 25.5156, 29.1562, 30.2031,
        22.2188, 22.5156, 29.0312, 22.7344, 23.5938, 23.2500, 23.7500, 28.2656,
        29.4844, 24.0781, 22.9531, 29.5156, 27.3438, 25.9688, 29.1719, 27.1250,
        25.2188, 26.9844, 27.0312, 27.2344, 23.6250, 29.2812, 24.9219, 21.3906,
        28.5156, 27.5312, 28.8906, 22.0000], device='cuda:1',
       dtype=torch.float16, grad_fn=<SelectBackward0>)
probs shape torch.Size([240, 100])
probs tensor([1.2773e-04, 2.1943e-03, 1.2432e-02, 3.2941e-03, 1.8769e-03, 2.6469e-03,
        1.4618e-03, 2.9697e-04, 1.6054e-03, 2.1059e-04, 2.7581e-02, 5.2941e-04,
        2.1819e-02, 6.6924e-04, 1.2700e-03, 1.2974e-04, 2.6358e-05, 2.0819e-02,
        1.6376e-01, 3.9508e-02, 5.4622e-04, 5.5800e-05, 3.2941e-03, 4.7728e-05,
        2.5655e-03, 3.0945e-03, 4.4327e-03, 1.0971e-02, 8.5443e-03, 1.3442e-02,
        3.3987e-03, 4.6259e-05, 7.6269e-05, 4.6917e-02, 8.2939e-06, 5.0018e-05,
        7.6590e-03, 1.0469e-02, 9.5462e-06, 3.0338e-05, 8.1188e-05, 4.3890e-04,
        6.3591e-06, 1.9587e-05, 8.1188e-05, 1.2900e-03, 2.6098e-06, 5.3244e-05,
        9.5864e-04, 6.1284e-05, 1.1999e-04, 9.4378e-04, 5.7901e-06, 6.9841e-06,
        1.1384e-03, 1.1612e-01, 3.3651e-04, 8.1997e-04, 6.5511e-03, 9.1998e-05,
        1.2451e-05, 1.6239e-05, 1.3811e-04, 3.7327e-03, 1.7835e-05, 5.0730e-02,
        2.2900e-05, 1.9587e-05, 4.8480e-05, 4.7456e-04, 7.6154e-02, 3.0769e-02,
        4.6524e-06, 1.1336e-05, 5.6035e-03, 3.6027e-05, 3.8954e-05, 1.0004e-05,
        6.9841e-06, 2.2511e-02, 2.9993e-03, 1.5896e-04, 9.2525e-06, 1.0739e-01,
        2.7309e-03, 7.1240e-04, 3.6539e-02, 1.1384e-03, 2.5401e-04, 2.1480e-02,
        5.0517e-04, 2.7581e-02, 2.8058e-05, 3.1254e-02, 3.9962e-04, 5.1097e-06,
        1.8662e-02, 4.8684e-03, 5.8724e-03, 4.8757e-06], device='cuda:0',
       grad_fn=<SelectBackward0>)
probs reshaped torch.Size([1, 240, 100])
probs tensor([[23.7344, 26.5781, 28.3125,  ..., 27.3750, 27.5625, 20.4688],
        [23.9531, 25.9375, 28.0156,  ..., 26.8438, 28.0000, 21.0781],
        [25.2031, 28.2812, 28.1875,  ..., 27.7031, 26.9062, 21.7969],
        ...,
        [22.9375, 24.2969, 28.7188,  ..., 25.0469, 28.2031, 21.4531],
        [23.2969, 24.9219, 28.3594,  ..., 25.1094, 27.8125, 21.5156],
        [23.7188, 24.9375, 27.9062,  ..., 25.4688, 28.9531, 22.1562]],
       device='cuda:0', dtype=torch.float16, grad_fn=<SelectBackward0>)
tensor([8.1629e-05, 3.7745e-04, 1.0691e-02, 4.1868e-03, 1.3382e-03, 8.0702e-03,
        3.0156e-03, 2.3620e-04, 1.3593e-03, 4.4823e-04, 1.0202e-02, 9.1971e-04,
        6.9028e-03, 3.0156e-03, 2.5000e-03, 4.0812e-04, 4.7243e-05, 3.9723e-02,
        2.3219e-01, 3.5608e-02, 2.5394e-03, 5.5233e-05, 3.7530e-03, 6.5591e-05,
        4.1455e-04, 4.8948e-03, 1.5315e-02, 5.6019e-02, 3.9107e-02, 2.0933e-02,
        7.5813e-03, 1.0319e-04, 1.7829e-04, 1.1560e-02, 2.2668e-05, 1.0646e-04,
        2.9985e-02, 3.3450e-02, 6.0063e-06, 5.6986e-05, 8.6894e-05, 5.8461e-04,
        7.3591e-06, 1.3044e-04, 1.3458e-04, 1.4697e-03, 1.3535e-05, 1.5014e-04,
        1.4928e-03, 1.3044e-04, 4.6511e-05, 3.8121e-03, 1.4635e-05, 2.6918e-05,
        1.0753e-03, 7.0115e-03, 7.0921e-05, 8.3741e-04, 3.6168e-02, 3.0983e-05,
        8.0364e-05, 2.4510e-05, 1.2643e-04, 2.0289e-02, 2.9106e-05, 5.0502e-03,
        1.3749e-05, 1.4552e-04, 3.2470e-05, 7.0517e-04, 2.6878e-02, 7.6568e-02,
        2.6090e-05, 3.5108e-05, 2.3720e-02, 4.3693e-05, 1.0319e-04, 7.3172e-05,
        1.2064e-04, 1.1031e-02, 3.7316e-02, 1.6749e-04, 5.4377e-05, 3.8501e-02,
        4.3877e-03, 1.1094e-03, 2.7301e-02, 3.5256e-03, 5.2404e-04, 3.0631e-03,
        3.2101e-03, 3.9331e-03, 1.0646e-04, 3.0457e-02, 3.8943e-04, 1.1398e-05,
        1.4164e-02, 5.2926e-03, 2.0608e-02, 2.0964e-05], device='cuda:1',
       grad_fn=<SelectBackward0>)
probs reshaped torch.Size([1, 240, 100])
probs tensor([[23.3594, 24.8906, 28.2344,  ..., 27.5312, 28.8906, 22.0000],
        [22.6250, 24.0938, 28.3594,  ..., 26.6094, 28.1875, 21.2031],
        [22.8594, 24.2031, 28.4062,  ..., 26.8438, 28.2500, 21.6094],
        ...,
        [23.3750, 24.2031, 27.9531,  ..., 24.2500, 26.9844, 21.2656],
        [22.4688, 23.8594, 28.7969,  ..., 24.4688, 27.9219, 20.7344],
        [22.0469, 22.5469, 27.7812,  ..., 23.4375, 26.8281, 19.2188]],
       device='cuda:1', dtype=torch.float16, grad_fn=<SelectBackward0>)
img shape torch.Size([1, 240, 3, 224, 224])
img shape torch.Size([1, 240, 3, 224, 224])
shape of clip output torch.Size([240, 100]) torch.Size([100, 240])
logits_per_image tensor([24.0625, 25.0000, 28.3750, 28.1875, 26.6719, 27.5938, 26.8594, 25.2812,
        26.8438, 25.5000, 28.8438, 25.4688, 27.2344, 26.9844, 27.2969, 23.7500,
        22.8594, 30.2812, 29.5469, 29.6406, 27.3438, 24.3906, 26.9844, 22.7031,
        25.3438, 27.9531, 29.1562, 29.8125, 29.0156, 28.9062, 28.4062, 24.4062,
        24.5938, 27.5938, 22.1719, 23.7188, 28.7969, 29.6719, 21.4844, 22.1875,
        24.1875, 24.0000, 22.7500, 22.5156, 22.9844, 26.6719, 20.7344, 22.9531,
        26.0000, 24.2969, 24.0781, 27.8281, 22.4062, 22.0312, 27.0938, 26.3438,
        23.2500, 26.6094, 29.1406, 23.0781, 22.8594, 23.0781, 24.2344, 28.0000,
        22.0312, 28.2969, 22.7656, 23.7500, 23.4844, 25.3281, 27.9531, 29.8281,
        23.4531, 22.8125, 28.9844, 23.3906, 23.4062, 23.7656, 23.5469, 28.2969,
        27.9688, 24.9062, 22.4062, 27.7656, 26.6250, 27.3906, 28.7031, 26.4375,
        24.6562, 27.4219, 27.6250, 27.7344, 22.5312, 28.5469, 23.4062, 21.5625,
        27.7656, 26.0156, 28.0000, 21.7656], device='cuda:1',
       dtype=torch.float16, grad_fn=<SelectBackward0>)
probs shape torch.Size([240, 100])
probs tensor([2.3279e-04, 5.9446e-04, 1.7373e-02, 1.4402e-02, 3.1638e-03, 7.9537e-03,
        3.8162e-03, 7.8753e-04, 3.7571e-03, 9.8009e-04, 2.7761e-02, 9.4994e-04,
        5.5526e-03, 4.3244e-03, 5.9107e-03, 1.7031e-04, 6.9897e-05, 1.1688e-01,
        5.6079e-02, 6.1591e-02, 6.1944e-03, 3.2320e-04, 4.3244e-03, 5.9786e-05,
        8.3832e-04, 1.1393e-02, 3.7945e-02, 7.3141e-02, 3.2967e-02, 2.9552e-02,
        1.7924e-02, 3.2829e-04, 3.9599e-04, 7.9537e-03, 3.5146e-05, 1.6507e-04,
        2.6490e-02, 6.3546e-02, 1.7673e-05, 3.5700e-05, 2.6379e-04, 2.1869e-04,
        6.2655e-05, 4.9564e-05, 7.9204e-05, 3.1638e-03, 8.3480e-06, 7.6767e-05,
        1.6159e-03, 2.9428e-04, 2.3646e-04, 1.0054e-02, 4.4429e-05, 3.0536e-05,
        4.8242e-03, 2.2788e-03, 1.0330e-04, 2.9721e-03, 3.7357e-02, 8.6988e-05,
        6.9897e-05, 8.6988e-05, 2.7645e-04, 1.1940e-02, 3.0536e-05, 1.6067e-02,
        6.3642e-05, 1.7031e-04, 1.3058e-04, 8.2532e-04, 1.1393e-02, 7.4293e-02,
        1.2657e-04, 6.6696e-05, 3.1953e-02, 1.1890e-04, 1.2077e-04, 1.7300e-04,
        1.3901e-04, 1.6067e-02, 1.1573e-02, 5.4126e-04, 4.4429e-05, 9.4453e-03,
        3.0189e-03, 6.4917e-03, 2.4119e-02, 2.5028e-03, 4.2153e-04, 6.6977e-03,
        8.2062e-03, 9.1547e-03, 5.0345e-05, 2.0630e-02, 1.2077e-04, 1.9109e-05,
        9.4453e-03, 1.6413e-03, 1.1940e-02, 2.3413e-05], device='cuda:1',
       grad_fn=<SelectBackward0>)
probs reshaped torch.Size([1, 240, 100])
probs tensor([[24.0625, 25.0000, 28.3750,  ..., 26.0156, 28.0000, 21.7656],
        [22.3125, 22.9688, 27.6562,  ..., 26.1250, 28.1719, 19.6719],
        [21.7344, 22.6719, 28.1406,  ..., 25.6406, 27.6875, 18.7656],
        ...,
        [22.4844, 24.2656, 29.0469,  ..., 24.3281, 28.6250, 20.7188],
        [19.8281, 20.8750, 27.9688,  ..., 23.6875, 28.0469, 16.2344],
        [24.5000, 26.0312, 29.6250,  ..., 25.1094, 28.9219, 20.2031]],
       device='cuda:1', dtype=torch.float16, grad_fn=<SelectBackward0>)
shape of clip output torch.Size([240, 100]) torch.Size([100, 240])
logits_per_image tensor([22.8906, 23.6562, 28.0156, 26.9688, 26.0312, 26.4375, 25.9844, 23.9688,
        26.8750, 24.6094, 27.7812, 25.2969, 25.5938, 27.2812, 27.5938, 22.5938,
        20.5312, 31.1406, 28.5000, 26.3281, 25.1094, 22.5469, 26.4688, 20.9531,
        24.4688, 26.9844, 28.3594, 30.1094, 30.4531, 27.5000, 28.2656, 23.4531,
        23.0469, 26.8438, 19.7188, 23.3750, 29.0312, 29.2500, 18.5469, 19.7812,
        22.7031, 21.5312, 21.1094, 20.2188, 20.5156, 24.5625, 19.1406, 20.7500,
        24.6250, 23.0000, 20.5938, 28.9062, 19.9219, 20.3906, 25.8594, 25.7500,
        21.1562, 24.1875, 28.8594, 22.0469, 20.1875, 22.8906, 22.0156, 27.3594,
        20.7031, 28.3125, 20.1719, 22.2969, 22.0469, 23.4219, 27.3750, 29.0469,
        21.6250, 20.1562, 29.3125, 22.2344, 21.7969, 22.2812, 22.7188, 26.5938,
        26.4688, 23.5938, 20.7031, 27.1719, 27.7969, 28.4219, 27.1406, 24.1875,
        22.7188, 25.6875, 27.7969, 27.1094, 19.1719, 27.7031, 20.6719, 20.3750,
        27.2500, 24.0781, 27.2344, 20.2344], device='cuda:0',
       dtype=torch.float16, grad_fn=<SelectBackward0>)
probs shape torch.Size([240, 100])
probs tensor([7.4773e-05, 1.6079e-04, 1.2575e-02, 4.4142e-03, 1.7286e-03, 2.5950e-03,
        1.6495e-03, 2.1977e-04, 4.0192e-03, 4.1705e-04, 9.9476e-03, 8.2940e-04,
        1.1161e-03, 6.0335e-03, 8.2468e-03, 5.5567e-05, 7.0645e-06, 2.8620e-01,
        2.0411e-02, 2.3261e-03, 6.8760e-04, 5.3022e-05, 2.6773e-03, 1.0772e-05,
        3.6234e-04, 4.4837e-03, 1.7733e-02, 1.0205e-01, 1.4391e-01, 7.5088e-03,
        1.6146e-02, 1.3123e-04, 8.7419e-05, 3.8955e-03, 3.1349e-06, 1.2137e-04,
        3.4720e-02, 4.3210e-02, 9.7113e-07, 3.3370e-06, 6.1989e-05, 1.9203e-05,
        1.2594e-05, 5.1685e-06, 6.9550e-06, 3.9795e-04, 1.7585e-06, 8.7919e-06,
        4.2362e-04, 8.3415e-05, 7.5201e-06, 3.0641e-02, 3.8409e-06, 6.1377e-06,
        1.4556e-03, 1.3048e-03, 1.3198e-05, 2.7351e-04, 2.9238e-02, 3.2159e-05,
        5.0095e-06, 7.4773e-05, 3.1170e-05, 6.5238e-03, 8.3893e-06, 1.6921e-02,
        4.9318e-06, 4.1294e-05, 3.2159e-05, 1.2719e-04, 6.6265e-03, 3.5267e-02,
        2.1091e-05, 4.8554e-06, 4.5997e-02, 3.8792e-05, 2.5046e-05, 4.0653e-05,
        6.2965e-05, 3.0338e-03, 2.6773e-03, 1.5105e-04, 8.3893e-06, 5.4084e-03,
        1.0104e-02, 1.8877e-02, 5.2420e-03, 2.7351e-04, 6.2965e-05, 1.2258e-03,
        1.0104e-02, 5.0807e-03, 1.8143e-06, 9.2000e-03, 8.1312e-06, 6.0426e-06,
        5.8479e-03, 2.4517e-04, 5.7572e-03, 5.2499e-06], device='cuda:0',
       grad_fn=<SelectBackward0>)
probs reshaped torch.Size([1, 240, 100])
probs tensor([[22.8906, 23.6562, 28.0156,  ..., 24.0781, 27.2344, 20.2344],
        [23.0781, 23.4844, 28.0469,  ..., 24.1562, 27.5625, 20.0469],
        [22.2344, 22.6250, 27.5312,  ..., 23.8750, 26.3438, 20.7656],
        ...,
        [24.4531, 25.1406, 27.9844,  ..., 26.3125, 28.3906, 22.1094],
        [22.7812, 23.2188, 27.5312,  ..., 25.8125, 28.0156, 20.5781],
        [23.4531, 24.0469, 28.5938,  ..., 25.3125, 28.9375, 20.6875]],
       device='cuda:0', dtype=torch.float16, grad_fn=<SelectBackward0>)
img shape torch.Size([1, 240, 3, 224, 224])
img shape torch.Size([1, 240, 3, 224, 224])
shape of clip output torch.Size([240, 100]) torch.Size([100, 240])
logits_per_image tensor([24.0938, 24.9062, 28.5312, 27.9219, 27.0000, 27.3594, 27.3438, 25.3750,
        27.1875, 25.7031, 28.5469, 24.7656, 27.7500, 27.2656, 25.9219, 23.6719,
        22.7344, 29.0312, 30.3125, 29.0938, 27.3281, 24.0938, 26.5781, 22.7500,
        25.0781, 27.8438, 29.0000, 29.9219, 29.5156, 29.4219, 28.7969, 24.5625,
        24.5000, 28.2969, 22.3281, 23.8906, 29.9688, 29.3281, 21.3906, 23.2500,
        24.4062, 24.9062, 22.3281, 23.3438, 23.8438, 27.3906, 19.9688, 23.4375,
        26.4844, 25.3750, 23.9219, 27.2969, 22.2812, 21.9844, 27.1562, 27.0625,
        23.7500, 25.8906, 27.5469, 22.8125, 24.0000, 23.0938, 23.9375, 27.8281,
        21.7500, 27.6094, 23.0312, 23.4219, 23.0781, 24.7031, 28.5156, 30.9688,
        22.4688, 22.0156, 28.0000, 23.7656, 23.9844, 23.6562, 24.3906, 28.4062,
        28.3281, 25.5938, 22.5781, 28.5625, 27.1562, 27.0938, 29.3281, 26.8906,
        24.8281, 27.0938, 28.0000, 27.7031, 23.6406, 28.3594, 24.1719, 21.4531,
        28.0625, 26.5469, 29.3281, 21.4531], device='cuda:1',
       dtype=torch.float16, grad_fn=<SelectBackward0>)
probs shape torch.Size([240, 100])
probs tensor([1.9412e-04, 4.3745e-04, 1.6415e-02, 8.9247e-03, 3.5500e-03, 5.0852e-03,
        5.0063e-03, 6.9904e-04, 4.2821e-03, 9.7052e-04, 1.6674e-02, 3.8006e-04,
        7.5154e-03, 4.6301e-03, 1.2078e-03, 1.2730e-04, 4.9853e-05, 2.7064e-02,
        9.7461e-02, 2.8809e-02, 4.9287e-03, 1.9412e-04, 2.3282e-03, 5.0638e-05,
        5.1948e-04, 8.2540e-03, 2.6231e-02, 6.5945e-02, 4.3929e-02, 3.9998e-02,
        2.1409e-02, 3.1020e-04, 2.9140e-04, 1.2985e-02, 3.3209e-05, 1.5843e-04,
        6.9110e-02, 3.6419e-02, 1.3005e-05, 8.3488e-05, 2.6533e-04, 4.3745e-04,
        3.3209e-05, 9.1694e-05, 1.5118e-04, 5.2466e-03, 3.1376e-06, 1.0071e-04,
        2.1198e-03, 6.9904e-04, 1.6346e-04, 4.7771e-03, 3.1689e-05, 2.3549e-05,
        4.1504e-03, 3.7790e-03, 1.3765e-04, 1.1707e-03, 6.1339e-03, 5.3904e-05,
        1.7675e-04, 7.1411e-05, 1.6604e-04, 8.1261e-03, 1.8629e-05, 6.5295e-03,
        6.7085e-05, 9.9145e-05, 7.0304e-05, 3.5703e-04, 1.6161e-02, 1.8786e-01,
        3.8224e-05, 2.4297e-05, 9.6500e-03, 1.3982e-04, 1.7400e-04, 1.2533e-04,
        2.6121e-04, 1.4486e-02, 1.3398e-02, 8.6997e-04, 4.2642e-05, 1.6936e-02,
        4.1504e-03, 3.8989e-03, 3.6419e-02, 3.1822e-03, 4.0457e-04, 3.8989e-03,
        9.6500e-03, 7.1712e-03, 1.2339e-04, 1.3823e-02, 2.0989e-04, 1.3844e-05,
        1.0272e-02, 2.2565e-03, 3.6419e-02, 1.3844e-05], device='cuda:1',
       grad_fn=<SelectBackward0>)
probs reshaped torch.Size([1, 240, 100])
probs shape of clip output torch.Size([240, 100]) torch.Size([100, 240])
tensor([[24.0938, 24.9062, 28.5312,  ..., 26.5469, 29.3281, 21.4531],
        [23.0781, 24.1562, 27.8594,  ..., 25.0781, 28.7188, 20.1719],
        [23.7500, 24.4062, 27.9375,  ..., 25.5000, 29.0469, 21.5000],
        ...,
        [22.8750, 23.7812, 28.2812,  ..., 24.1562, 27.4844, 20.8906],
        [23.9531, 24.7969, 27.6250,  ..., 25.2969, 26.5156, 22.3125],
        [22.1875, 23.3594, 28.1250,  ..., 24.8594, 27.0000, 20.0156]],
       device='cuda:1', dtype=torch.float16, grad_fn=<SelectBackward0>)logits_per_image 
tensor([25.6562, 26.9062, 29.4844, 28.3281, 26.4688, 29.2969, 27.4531, 26.0312,
        27.9688, 24.9062, 30.4062, 27.1875, 27.2500, 27.4219, 28.8438, 23.3281,
        23.8281, 30.8594, 29.4219, 31.6719, 28.6250, 24.3281, 28.8750, 23.1719,
        27.3125, 27.0469, 28.8594, 28.0625, 27.9688, 30.0156, 27.6094, 23.6406,
        24.6719, 29.0469, 22.3750, 23.6406, 28.0000, 28.8438, 23.2344, 23.5938,
        24.7500, 25.1094, 23.4531, 22.7500, 24.1406, 27.3750, 20.1250, 23.6875,
        25.1562, 24.8750, 25.7031, 26.4844, 22.4375, 22.3438, 26.5938, 28.1875,
        25.4062, 27.5625, 28.5312, 24.7344, 22.0781, 23.8281, 25.2344, 28.5000,
        22.9062, 30.7344, 24.2188, 23.9062, 25.0156, 25.6719, 28.3594, 29.2188,
        23.4844, 22.7969, 28.8906, 24.8438, 24.3750, 23.4531, 23.8281, 28.2812,
        27.8438, 24.5000, 22.7969, 29.7656, 26.2031, 28.8438, 29.3594, 27.0312,
        25.4844, 29.5938, 26.3438, 29.9375, 22.8906, 29.3594, 25.5000, 23.4844,
        28.3125, 25.5938, 29.2031, 22.7188], device='cuda:0',
       dtype=torch.float16, grad_fn=<SelectBackward0>)
probs shape torch.Size([240, 100])
probs tensor([5.4170e-04, 1.8907e-03, 2.4905e-02, 7.8368e-03, 1.2207e-03, 2.0647e-02,
        3.2669e-03, 7.8817e-04, 5.4710e-03, 2.5588e-04, 6.2612e-02, 2.5048e-03,
        2.6663e-03, 3.1664e-03, 1.3124e-02, 5.2804e-05, 8.7059e-05, 9.8503e-02,
        2.3396e-02, 2.2198e-01, 1.0546e-02, 1.4354e-04, 1.3541e-02, 4.5166e-05,
        2.8383e-03, 2.1762e-03, 1.3331e-02, 6.0087e-03, 5.4710e-03, 4.2365e-02,
        3.8194e-03, 7.2175e-05, 2.0242e-04, 1.6080e-02, 2.0358e-05, 7.2175e-05,
        5.6447e-03, 1.3124e-02, 4.8079e-05, 6.8870e-05, 2.1887e-04, 3.1351e-04,
        5.9835e-05, 2.9620e-05, 1.1900e-04, 3.0214e-03, 2.1457e-06, 7.5638e-05,
        3.2856e-04, 2.4801e-04, 5.6770e-04, 1.2400e-03, 2.1671e-05, 1.9731e-05,
        1.3833e-03, 6.8088e-03, 4.2188e-04, 3.6445e-03, 9.6019e-03, 2.1547e-04,
        1.5129e-05, 8.7059e-05, 3.5526e-04, 9.3065e-03, 3.4630e-05, 8.6928e-02,
        1.2867e-04, 9.4133e-05, 2.8546e-04, 5.5023e-04, 8.0856e-03, 1.9096e-02,
        6.1734e-05, 3.1042e-05, 1.3754e-02, 2.4038e-04, 1.5042e-04, 5.9835e-05,
        8.7059e-05, 7.4779e-03, 4.8281e-03, 1.7045e-04, 3.1042e-05, 3.2994e-02,
        9.3598e-04, 1.3124e-02, 2.1979e-02, 2.1425e-03, 4.5616e-04, 2.7784e-02,
        1.0773e-03, 3.9182e-02, 3.4093e-05, 2.1979e-02, 4.6334e-04, 6.1734e-05,
        7.7153e-03, 5.0888e-04, 1.8800e-02, 2.8709e-05], device='cuda:0',
       grad_fn=<SelectBackward0>)
probs reshaped torch.Size([1, 240, 100])
probs tensor([[25.6562, 26.9062, 29.4844,  ..., 25.5938, 29.2031, 22.7188],
        [24.3438, 25.7812, 29.8906,  ..., 25.1406, 29.1719, 21.8125],
        [23.9375, 25.1406, 28.7812,  ..., 24.8125, 28.4688, 22.5781],
        ...,
        [23.6250, 24.9531, 27.7656,  ..., 27.1406, 28.6562, 21.5156],
        [23.8125, 24.6719, 28.0156,  ..., 25.3906, 28.6719, 21.1094],
        [23.4219, 24.5781, 27.4531,  ..., 26.1875, 28.5156, 21.1406]],
       device='cuda:0', dtype=torch.float16, grad_fn=<SelectBackward0>)
img shape torch.Size([1, 240, 3, 224, 224])
img shape torch.Size([1, 240, 3, 224, 224])
shape of clip output torch.Size([240, 100]) torch.Size([100, 240])
logits_per_image tensor([26.6562, 27.4531, 28.7344, 27.2188, 27.5938, 28.3281, 30.5781, 27.5469,
        28.6406, 29.0312, 28.2969, 24.4844, 29.1094, 28.9062, 29.1094, 27.7344,
        25.7812, 27.4375, 31.6406, 28.2656, 26.3750, 27.3750, 25.0781, 25.6562,
        28.0156, 27.5469, 30.6562, 30.2656, 29.2344, 29.8906, 27.7031, 28.7500,
        26.4062, 27.6562, 25.3125, 28.2812, 29.8438, 30.5781, 23.5469, 25.7656,
        27.0469, 28.4219, 25.7031, 25.8906, 26.5469, 29.8438, 24.5000, 27.1406,
        28.9375, 27.3438, 25.4688, 28.1094, 25.0312, 25.4844, 29.8438, 25.1875,
        26.0781, 28.6250, 27.2188, 25.7656, 25.6406, 25.5625, 26.6094, 27.1250,
        26.5312, 26.8125, 23.9062, 27.2812, 27.2031, 27.4219, 28.2344, 31.4844,
        24.2656, 25.2656, 29.0938, 26.3438, 27.1562, 25.6562, 28.7812, 28.2344,
        27.8438, 28.1406, 25.8594, 29.3594, 28.6406, 30.0312, 30.5312, 30.5156,
        28.1250, 29.6875, 27.8906, 26.9844, 25.6719, 29.0938, 27.6562, 23.5469,
        28.2344, 27.3750, 31.7656, 25.4688], device='cuda:1',
       dtype=torch.float16, grad_fn=<SelectBackward0>)
probs shape torch.Size([240, 100])
probs tensor([8.7062e-04, 1.9315e-03, 6.9558e-03, 1.5280e-03, 2.2232e-03, 4.6335e-03,
        4.3962e-02, 2.1214e-03, 6.3333e-03, 9.3600e-03, 4.4910e-03, 9.9219e-05,
        1.0121e-02, 8.2602e-03, 1.0121e-02, 2.5589e-03, 3.6293e-04, 1.9016e-03,
        1.2721e-01, 4.3528e-03, 6.5718e-04, 1.7864e-03, 1.7966e-04, 3.2028e-04,
        3.3900e-03, 2.1214e-03, 4.7534e-02, 3.2163e-02, 1.1468e-02, 2.2105e-02,
        2.4802e-03, 7.0653e-03, 6.7804e-04, 2.3666e-03, 2.2711e-04, 4.4214e-03,
        2.1093e-02, 4.3962e-02, 3.8855e-05, 3.5730e-04, 1.2867e-03, 5.0889e-03,
        3.3565e-04, 4.0487e-04, 7.8041e-04, 2.1093e-02, 1.0078e-04, 1.4131e-03,
        8.5224e-03, 1.7314e-03, 2.6552e-04, 3.7232e-03, 1.7143e-04, 2.6970e-04,
        2.1093e-02, 2.0043e-04, 4.8837e-04, 6.2351e-03, 1.5280e-03, 3.5730e-04,
        3.1532e-04, 2.9162e-04, 8.3075e-04, 1.3912e-03, 7.6832e-04, 1.0179e-03,
        5.5657e-05, 1.6265e-03, 1.5043e-03, 1.8721e-03, 4.2189e-03, 1.0881e-01,
        7.9724e-05, 2.1671e-04, 9.9637e-03, 6.3696e-04, 1.4354e-03, 3.2028e-04,
        7.2896e-03, 4.2189e-03, 2.8546e-03, 3.8413e-03, 3.9242e-04, 1.2995e-02,
        6.3333e-03, 2.5443e-02, 4.1949e-02, 4.1298e-02, 3.7818e-03, 1.8042e-02,
        2.9916e-03, 1.2087e-03, 3.2533e-04, 9.9637e-03, 2.3666e-03, 3.8855e-05,
        4.2189e-03, 1.7864e-03, 1.4415e-01, 2.6552e-04], device='cuda:1',
       grad_fn=<SelectBackward0>)
probs reshaped torch.Size([1, 240, 100])
probs tensor([[26.6562, 27.4531, 28.7344,  ..., 27.3750, 31.7656, 25.4688],
        [23.9531, 25.2500, 28.7500,  ..., 26.2031, 29.0938, 22.8906],
        [25.3594, 26.1562, 28.1094,  ..., 26.3125, 28.6875, 23.6562],
        ...,
        [25.0781, 27.1250, 27.5625,  ..., 29.5156, 28.8281, 23.1094],
        [25.1406, 26.6719, 28.0938,  ..., 29.6250, 29.3125, 23.1875],
        [26.0156, 27.2969, 26.1406,  ..., 28.9219, 27.4688, 25.8438]],
       device='cuda:1', dtype=torch.float16, grad_fn=<SelectBackward0>)
shape of clip output torch.Size([240, 100]) torch.Size([100, 240])
logits_per_image tensor([23.1719, 24.4219, 27.5625, 25.6406, 25.4062, 26.2031, 26.6562, 24.6719,
        25.9844, 25.3438, 26.7656, 24.2344, 26.6094, 25.8906, 26.3438, 23.8438,
        21.6094, 28.7969, 28.4844, 26.3125, 25.3438, 23.9219, 25.9375, 21.6719,
        24.7031, 25.5938, 27.7188, 28.3906, 28.1250, 27.4688, 26.5469, 24.4688,
        24.3125, 25.9219, 21.1875, 24.0312, 26.5469, 27.9375, 19.7656, 20.1875,
        23.8594, 23.5781, 21.2812, 22.1250, 22.9375, 25.6875, 19.8594, 23.2969,
        25.7812, 23.1094, 21.5312, 26.7812, 21.3281, 21.3594, 26.2188, 25.0781,
        22.7500, 24.4219, 26.7656, 23.0469, 22.4375, 22.8906, 21.7812, 28.0156,
        21.4688, 26.0156, 21.9219, 23.1719, 22.2031, 24.0312, 27.0156, 28.4844,
        21.7500, 21.3594, 26.8906, 23.1250, 23.5625, 23.1250, 23.9375, 25.8594,
        26.2188, 23.7969, 21.8594, 26.1406, 26.7344, 27.7656, 27.6250, 26.0625,
        23.9375, 26.0781, 25.4062, 25.1719, 22.1094, 26.5938, 22.3750, 20.5625,
        26.2656, 24.8750, 26.6094, 21.1094], device='cuda:0',
       dtype=torch.float16, grad_fn=<SelectBackward0>)
probs shape torch.Size([240, 100])
probs tensor([3.9199e-04, 1.3682e-03, 3.1630e-02, 4.6285e-03, 3.6614e-03, 8.1233e-03,
        1.2780e-02, 1.7568e-03, 6.5272e-03, 3.4396e-03, 1.4257e-02, 1.1343e-03,
        1.2194e-02, 5.9431e-03, 9.3498e-03, 7.6748e-04, 8.2166e-05, 1.0869e-01,
        7.9518e-02, 9.0621e-03, 3.4396e-03, 8.2984e-04, 6.2283e-03, 8.7465e-05,
        1.8125e-03, 4.4165e-03, 3.6979e-02, 7.2402e-02, 5.5512e-02, 2.8799e-02,
        1.1456e-02, 1.4338e-03, 1.2264e-03, 6.1318e-03, 5.3885e-05, 9.2576e-04,
        1.1456e-02, 4.6021e-02, 1.3000e-05, 1.9823e-05, 7.7956e-04, 5.8845e-04,
        5.9182e-05, 1.3760e-04, 3.1009e-04, 4.8506e-03, 1.4278e-05, 4.4418e-04,
        5.3274e-03, 3.6824e-04, 7.5991e-05, 1.4481e-02, 6.2022e-05, 6.3991e-05,
        8.2512e-03, 2.6372e-03, 2.5707e-04, 1.3682e-03, 1.4257e-02, 3.4593e-04,
        1.8808e-04, 2.9589e-04, 9.7574e-05, 4.9761e-02, 7.1387e-05, 6.7344e-03,
        1.1231e-04, 3.9199e-04, 1.4878e-04, 9.2576e-04, 1.8306e-02, 7.9518e-02,
        9.4572e-05, 6.3991e-05, 1.6155e-02, 3.7404e-04, 5.7932e-04, 3.7404e-04,
        8.4291e-04, 5.7602e-03, 8.2512e-03, 7.3233e-04, 1.0550e-04, 7.6311e-03,
        1.3818e-02, 3.8754e-02, 3.3670e-02, 7.0576e-03, 8.4291e-04, 7.1687e-03,
        3.6614e-03, 2.8964e-03, 1.3547e-04, 1.2005e-02, 1.7668e-04, 2.8843e-05,
        8.6472e-03, 2.1524e-03, 1.2194e-02, 4.9836e-05], device='cuda:0',
       grad_fn=<SelectBackward0>)
probs reshaped torch.Size([1, 240, 100])
probs tensor([[23.1719, 24.4219, 27.5625,  ..., 24.8750, 26.6094, 21.1094],
        [22.8906, 23.5000, 27.7500,  ..., 24.9062, 26.4062, 20.4688],
        [22.6875, 22.6719, 27.7812,  ..., 24.5625, 27.3125, 19.6250],
        ...,
        [24.9844, 26.0312, 29.5156,  ..., 27.1406, 33.1250, 23.5312],
        [25.6875, 26.4531, 29.9062,  ..., 26.6875, 33.0625, 23.7188],
        [24.4375, 25.5000, 29.2969,  ..., 26.4844, 32.5312, 23.6250]],
       device='cuda:0', dtype=torch.float16, grad_fn=<SelectBackward0>)
img shape torch.Size([1, 240, 3, 224, 224])
img shape torch.Size([1, 240, 3, 224, 224])
shape of clip output torch.Size([240, 100]) torch.Size([100, 240])
logits_per_image tensor([22.8438, 24.0781, 24.4844, 24.1875, 24.4844, 24.9219, 27.5312, 24.2031,
        22.6719, 23.8281, 24.1406, 22.4688, 23.7969, 22.3125, 22.5938, 26.1406,
        22.0625, 21.7812, 27.6875, 24.0156, 24.0156, 25.3906, 20.6094, 23.1562,
        23.4844, 24.2188, 23.2500, 24.7188, 23.8750, 23.5625, 23.0781, 24.3281,
        24.5156, 22.4688, 22.5625, 24.6719, 24.6406, 27.8594, 18.0469, 22.2344,
        22.8906, 23.9844, 21.2500, 20.7812, 22.7031, 26.5000, 22.5000, 22.6719,
        27.2344, 25.2812, 21.5781, 20.7188, 24.1406, 23.0938, 27.4062, 23.7188,
        21.0938, 23.4062, 23.4375, 21.0625, 20.0938, 21.0938, 21.9531, 25.2969,
        26.6719, 22.3906, 21.2344, 23.8750, 21.8281, 26.5625, 26.3750, 24.7188,
        20.1562, 21.7969, 22.3281, 21.7031, 25.2812, 21.0312, 22.1875, 27.9844,
        27.9688, 26.0312, 21.3750, 27.4531, 23.4531, 25.2188, 25.5781, 24.8438,
        26.7969, 25.4531, 20.0312, 22.7812, 21.4531, 26.6250, 25.2500, 20.5781,
        25.3281, 28.1406, 23.8594, 22.5938], device='cuda:1',
       dtype=torch.float16, grad_fn=<SelectBackward0>)
probs shape torch.Size([240, 100])
probs tensor([5.6804e-04, 1.9519e-03, 2.9302e-03, 2.1775e-03, 2.9302e-03, 4.5383e-03,
        6.1678e-02, 2.2118e-03, 4.7834e-04, 1.5201e-03, 2.0778e-03, 3.9041e-04,
        1.4734e-03, 3.3393e-04, 4.4239e-04, 1.5353e-02, 2.6007e-04, 1.9631e-04,
        7.2109e-02, 1.8337e-03, 1.8337e-03, 7.2522e-03, 6.0814e-05, 7.7642e-04,
        1.0779e-03, 2.2466e-03, 8.5273e-04, 3.7041e-03, 1.5931e-03, 1.1655e-03,
        7.1807e-04, 2.5063e-03, 3.0232e-03, 3.9041e-04, 4.2878e-04, 3.5345e-03,
        3.4257e-03, 8.5632e-02, 4.6894e-06, 3.0884e-04, 5.9530e-04, 1.7772e-03,
        1.1540e-04, 7.2218e-05, 4.9352e-04, 2.1992e-02, 4.0280e-04, 4.7834e-04,
        4.5835e-02, 6.5009e-03, 1.6022e-04, 6.7843e-05, 2.0778e-03, 7.2938e-04,
        5.4431e-02, 1.3627e-03, 9.8710e-05, 9.9694e-04, 1.0286e-03, 9.5673e-05,
        3.6313e-05, 9.8710e-05, 2.3312e-04, 6.6032e-03, 2.6116e-02, 3.6107e-04,
        1.1361e-04, 1.5931e-03, 2.0573e-04, 2.3410e-02, 1.9408e-02, 3.7041e-03,
        3.8655e-05, 1.9940e-04, 3.3919e-04, 1.8156e-04, 6.5009e-03, 9.2730e-05,
        2.9469e-04, 9.7034e-02, 9.5529e-02, 1.3762e-02, 1.3077e-04, 5.7043e-02,
        1.0448e-03, 6.1070e-03, 8.7479e-03, 4.1973e-03, 2.9594e-02, 7.7200e-03,
        3.4113e-05, 5.3362e-04, 1.4140e-04, 2.4920e-02, 6.3008e-03, 5.8943e-05,
        6.8128e-03, 1.1344e-01, 1.5684e-03, 4.4239e-04], device='cuda:1',
       grad_fn=<SelectBackward0>)
probs reshaped torch.Size([1, 240, 100])
probs tensor([[22.8438, 24.0781, 24.4844,  ..., 28.1406, 23.8594, 22.5938],
        [24.3438, 24.6094, 24.7188,  ..., 28.7188, 24.4844, 22.9062],
        [25.8906, 25.9062, 25.3750,  ..., 29.5938, 25.6250, 24.2812],
        ...,
        [27.0469, 26.5000, 24.9844,  ..., 28.3906, 25.3594, 23.6094],
        [26.3125, 26.4531, 25.4062,  ..., 28.0000, 25.7344, 23.2812],
        [25.1562, 25.3125, 24.8906,  ..., 27.6094, 24.5156, 21.7344]],
       device='cuda:1', dtype=torch.float16, grad_fn=<SelectBackward0>)
shape of clip output torch.Size([240, 100]) torch.Size([100, 240])
logits_per_image tensor([27.7500, 27.8594, 25.6094, 24.3594, 27.1875, 26.7344, 31.2500, 28.4844,
        28.0312, 29.3438, 25.9375, 24.3125, 28.2031, 28.0312, 25.1406, 30.5312,
        27.5938, 26.1562, 28.9375, 27.2812, 23.2656, 27.6719, 25.0938, 27.0312,
        28.5781, 24.3438, 28.3906, 27.5312, 26.1719, 25.3594, 27.2031, 28.8438,
        28.3906, 25.0938, 26.7812, 29.0000, 25.6094, 28.8594, 26.2344, 26.5625,
        27.3750, 29.6875, 26.4219, 28.8906, 28.7500, 27.7344, 26.0469, 29.5625,
        30.1094, 28.2031, 27.2500, 27.3281, 27.6094, 26.9219, 29.2031, 24.1094,
        28.7188, 27.4219, 25.1719, 26.4531, 30.4062, 26.5938, 26.9688, 26.3906,
        29.0938, 23.8125, 24.9062, 29.4688, 27.0469, 28.1094, 25.9375, 28.3438,
        27.3594, 26.0625, 25.7500, 26.9844, 28.3281, 30.0312, 27.8594, 25.5000,
        26.0000, 28.6406, 27.2188, 27.0156, 27.7031, 32.0000, 29.4688, 31.0625,
        29.6562, 29.6094, 25.2969, 24.4375, 29.8281, 26.3750, 29.3125, 24.9844,
        25.0156, 27.1562, 26.7812, 26.9062], device='cuda:0',
       dtype=torch.float16, grad_fn=<SelectBackward0>)
probs shape torch.Size([240, 100])
probs tensor([3.2151e-03, 3.5867e-03, 3.7804e-04, 1.0831e-04, 1.8319e-03, 1.1644e-03,
        1.0647e-01, 6.7009e-03, 4.2593e-03, 1.5825e-02, 5.2485e-04, 1.0335e-04,
        5.0581e-03, 4.2593e-03, 2.3657e-04, 5.1889e-02, 2.7500e-03, 6.5319e-04,
        1.0542e-02, 2.0120e-03, 3.6279e-05, 2.9735e-03, 2.2574e-04, 1.5669e-03,
        7.3595e-03, 1.0663e-04, 6.1012e-03, 2.5834e-03, 6.6348e-04, 2.9442e-04,
        1.8608e-03, 9.5986e-03, 6.1012e-03, 2.2574e-04, 1.2203e-03, 1.1222e-02,
        3.7804e-04, 9.7497e-03, 7.0627e-04, 9.8056e-04, 2.2097e-03, 2.2317e-02,
        8.5192e-04, 1.0059e-02, 8.7396e-03, 3.1653e-03, 5.8552e-04, 1.9695e-02,
        3.4030e-02, 5.0581e-03, 1.9501e-03, 2.1085e-03, 2.7933e-03, 1.4046e-03,
        1.3749e-02, 8.4352e-05, 8.4707e-03, 2.3158e-03, 2.4408e-04, 8.7896e-04,
        4.5792e-02, 1.0117e-03, 1.4720e-03, 8.2571e-04, 1.2325e-02, 6.2685e-05,
        1.8714e-04, 1.7932e-02, 1.5916e-03, 4.6054e-03, 5.2485e-04, 5.8218e-03,
        2.1755e-03, 5.9474e-04, 4.3512e-04, 1.4952e-03, 5.7316e-03, 3.1473e-02,
        3.5867e-03, 3.3887e-04, 5.5870e-04, 7.8341e-03, 1.8901e-03, 1.5426e-03,
        3.0679e-03, 2.2540e-01, 1.7932e-02, 8.8267e-02, 2.1631e-02, 2.0640e-02,
        2.7658e-04, 1.1711e-04, 2.5687e-02, 8.1291e-04, 1.5338e-02, 2.0235e-04,
        2.0877e-04, 1.7756e-03, 1.2203e-03, 1.3828e-03], device='cuda:0',
       grad_fn=<SelectBackward0>)
probs reshaped torch.Size([1, 240, 100])
probs tensor([[27.7500, 27.8594, 25.6094,  ..., 27.1562, 26.7812, 26.9062],
        [28.1094, 28.1094, 26.5469,  ..., 28.5938, 27.6562, 25.9375],
        [27.0312, 26.5469, 26.2031,  ..., 27.0469, 26.3438, 25.9375],
        ...,
        [23.7031, 24.1250, 24.8125,  ..., 28.5156, 24.7812, 24.0312],
        [23.8281, 24.4688, 24.6250,  ..., 28.2656, 24.5312, 23.8906],
        [23.9062, 24.3438, 24.5156,  ..., 28.5469, 24.3125, 23.8438]],
       device='cuda:0', dtype=torch.float16, grad_fn=<SelectBackward0>)
img shape torch.Size([1, 240, 3, 224, 224])
img shape torch.Size([1, 240, 3, 224, 224])
shape of clip output torch.Size([240, 100]) torch.Size([100, 240])
logits_per_image tensor([22.7344, 23.6094, 28.1406, 27.0938, 25.5625, 26.7656, 26.0781, 24.3281,
        26.9844, 24.5625, 27.8750, 25.5469, 26.5781, 27.8594, 24.1094, 23.9062,
        21.5156, 27.6250, 29.2812, 29.1562, 25.0938, 23.9219, 27.4844, 21.5469,
        24.2812, 26.9844, 27.6250, 28.7500, 28.2344, 27.7656, 27.5781, 23.3281,
        23.3438, 27.7969, 21.9062, 23.2031, 26.6562, 29.5625, 20.2969, 22.2656,
        23.2656, 23.0938, 21.2969, 21.5000, 22.1875, 26.3594, 20.9375, 22.0469,
        25.2344, 23.4375, 22.5625, 27.1562, 22.2656, 20.7969, 26.3594, 26.4844,
        22.6875, 24.4375, 27.1875, 22.3906, 22.0781, 21.8594, 22.9375, 27.6094,
        22.5625, 27.3125, 21.5469, 22.9844, 21.7344, 23.4531, 28.0000, 29.9219,
        22.5469, 22.2031, 29.3281, 22.2969, 22.5781, 22.6875, 23.4062, 27.5000,
        26.9688, 24.0625, 21.2969, 28.3438, 28.0000, 25.9531, 27.6719, 24.9062,
        24.1875, 25.9844, 26.3125, 26.9688, 21.9531, 28.1406, 23.5625, 21.0625,
        27.2188, 24.8906, 28.4844, 21.0781], device='cuda:1',
       dtype=torch.float16, grad_fn=<SelectBackward0>)
probs shape torch.Size([240, 100])
probs tensor([1.0920e-04, 2.6195e-04, 2.4328e-02, 8.5400e-03, 1.8469e-03, 6.1512e-03,
        3.0930e-03, 5.3748e-04, 7.6552e-03, 6.7944e-04, 1.8653e-02, 1.8183e-03,
        5.0995e-03, 1.8364e-02, 4.3188e-04, 3.5249e-04, 3.2278e-05, 1.4527e-02,
        7.6117e-02, 6.7173e-02, 1.1558e-03, 3.5804e-04, 1.2621e-02, 3.3303e-05,
        5.1287e-04, 7.6552e-03, 1.4527e-02, 4.4747e-02, 2.6719e-02, 1.6721e-02,
        1.3862e-02, 1.9773e-04, 2.0084e-04, 1.7251e-02, 4.7704e-05, 1.7450e-04,
        5.5139e-03, 1.0084e-01, 9.5415e-06, 6.8333e-05, 1.8575e-04, 1.5642e-04,
        2.5936e-05, 3.1778e-05, 6.3198e-05, 4.0976e-03, 1.8107e-05, 5.4907e-05,
        1.3303e-03, 2.2058e-04, 9.1952e-05, 9.0908e-03, 6.8333e-05, 1.5731e-05,
        4.0976e-03, 4.6431e-03, 1.0420e-04, 5.9961e-04, 9.3794e-03, 7.7432e-05,
        5.6650e-05, 4.5520e-05, 1.3379e-04, 1.4302e-02, 9.1952e-05, 1.0628e-02,
        3.3303e-05, 1.4021e-04, 4.0171e-05, 2.2406e-04, 2.1137e-02, 1.4444e-01,
        9.0527e-05, 6.4193e-05, 7.9770e-02, 7.0502e-05, 9.3401e-05, 1.0420e-04,
        2.1380e-04, 1.2820e-02, 7.5366e-03, 4.1210e-04, 2.5936e-05, 2.9808e-02,
        2.1137e-02, 2.7296e-03, 1.5224e-02, 9.5817e-04, 4.6697e-04, 2.8162e-03,
        3.9099e-03, 7.5366e-03, 4.9994e-05, 2.4328e-02, 2.4995e-04, 2.0517e-05,
        9.6771e-03, 9.4331e-04, 3.4308e-02, 2.0840e-05], device='cuda:1',
       grad_fn=<SelectBackward0>)
probs reshaped torch.Size([1, 240, 100])
probs tensor([[22.7344, 23.6094, 28.1406,  ..., 24.8906, 28.4844, 21.0781],
        [23.1719, 24.7031, 28.1250,  ..., 25.8750, 27.5312, 22.4375],
        [22.3906, 23.2969, 26.8594,  ..., 24.5938, 27.3750, 21.0625],
        ...,
        [22.8438, 23.7500, 28.8594,  ..., 27.4688, 28.7188, 20.8281],
        [22.9219, 24.4219, 28.8906,  ..., 27.5625, 29.4375, 20.6875],
        [22.5312, 23.5625, 29.2344,  ..., 26.2656, 29.2031, 20.3438]],
       device='cuda:1', dtype=torch.float16, grad_fn=<SelectBackward0>)
shape of clip output torch.Size([240, 100]) torch.Size([100, 240])
logits_per_image tensor([24.5781, 25.1562, 27.6875, 24.9844, 24.5625, 26.3281, 27.7656, 25.2656,
        26.9375, 25.8750, 25.5312, 23.2812, 24.2031, 25.9062, 26.1875, 25.1562,
        23.2969, 26.8906, 27.7969, 25.3281, 28.8750, 24.7656, 23.7031, 22.1562,
        25.6719, 25.6562, 27.7344, 28.1562, 27.3906, 25.7656, 26.4375, 24.0156,
        25.7812, 24.4531, 20.3594, 24.0156, 27.3125, 29.6562, 20.4219, 21.9219,
        24.1719, 23.5781, 23.0156, 21.4062, 23.6719, 26.4531, 22.2188, 23.7969,
        26.1875, 24.3594, 22.3750, 27.0469, 21.7344, 22.5781, 27.0625, 23.7969,
        23.4531, 24.8125, 26.6250, 23.1094, 22.0312, 24.1094, 22.6250, 25.3125,
        24.3281, 25.9219, 20.8438, 24.5625, 23.4688, 25.6719, 25.7656, 27.8438,
        21.5625, 22.4062, 26.9688, 23.3438, 24.3438, 22.9688, 25.5312, 25.6562,
        31.7344, 24.3125, 21.8281, 26.7344, 26.6406, 26.5156, 26.1094, 25.5625,
        26.0000, 26.7031, 26.1094, 25.0312, 21.6562, 27.0000, 22.5000, 23.2656,
        27.1250, 25.6719, 26.5781, 22.6250], device='cuda:0',
       dtype=torch.float16, grad_fn=<SelectBackward0>)
probs shape torch.Size([240, 100])
probs tensor([5.1312e-04, 9.1473e-04, 1.1497e-02, 7.7028e-04, 5.0516e-04, 2.9528e-03,
        1.2432e-02, 1.0205e-03, 5.4310e-03, 1.8769e-03, 1.3309e-03, 1.4028e-04,
        3.5266e-04, 1.9365e-03, 2.5654e-03, 9.1473e-04, 1.4249e-04, 5.1823e-03,
        1.2826e-02, 1.0863e-03, 3.7699e-02, 6.1894e-04, 2.1390e-04, 4.5542e-05,
        1.5319e-03, 1.5081e-03, 1.2049e-02, 1.8373e-02, 8.5441e-03, 1.6824e-03,
        3.2941e-03, 2.9236e-04, 1.7089e-03, 4.5282e-04, 7.5515e-06, 2.9236e-04,
        7.9020e-03, 8.2341e-02, 8.0386e-06, 3.6026e-05, 3.4181e-04, 1.8876e-04,
        1.0755e-04, 2.1512e-05, 2.0732e-04, 3.3459e-03, 4.8479e-05, 2.3492e-04,
        2.5654e-03, 4.1230e-04, 5.6677e-05, 6.0587e-03, 2.9867e-05, 6.9443e-05,
        6.1541e-03, 2.3492e-04, 1.6658e-04, 6.4864e-04, 3.9734e-03, 1.1813e-04,
        4.0190e-05, 3.2110e-04, 7.2775e-05, 1.0694e-03, 3.9962e-04, 1.9670e-03,
        1.2257e-05, 5.0516e-04, 1.6921e-04, 1.5319e-03, 1.6824e-03, 1.3442e-02,
        2.5150e-05, 5.8477e-05, 5.6034e-03, 1.4933e-04, 4.0591e-04, 1.0263e-04,
        1.3309e-03, 1.5081e-03, 6.5786e-01, 3.9342e-04, 3.2802e-05, 4.4326e-03,
        4.0360e-03, 3.5617e-03, 2.3726e-03, 1.3732e-03, 2.1268e-03, 4.2963e-03,
        2.3726e-03, 8.0724e-04, 2.7622e-05, 5.7813e-03, 6.4224e-05, 1.3810e-04,
        6.5510e-03, 1.5319e-03, 3.7914e-03, 7.2775e-05], device='cuda:0',
       grad_fn=<SelectBackward0>)
probs reshaped torch.Size([1, 240, 100])
probs tensor([[24.5781, 25.1562, 27.6875,  ..., 25.6719, 26.5781, 22.6250],
        [24.4375, 25.6094, 28.0469,  ..., 26.4844, 26.8906, 22.9062],
        [24.0000, 24.7656, 27.3438,  ..., 25.8750, 26.0156, 22.3750],
        ...,
        [23.7969, 25.0781, 28.6250,  ..., 25.9219, 27.0938, 22.6250],
        [22.8125, 24.1094, 28.4062,  ..., 25.7969, 27.1094, 21.6562],
        [22.9844, 24.4844, 28.6875,  ..., 26.0938, 27.5156, 21.3750]],
       device='cuda:0', dtype=torch.float16, grad_fn=<SelectBackward0>)
img shape torch.Size([1, 240, 3, 224, 224])
img shape torch.Size([1, 240, 3, 224, 224])
shape of clip output torch.Size([240, 100]) torch.Size([100, 240])
logits_per_image tensor([25.2500, 26.8438, 28.1875, 27.0625, 26.7188, 27.8438, 28.2969, 26.1250,
        27.4219, 26.8594, 28.4531, 25.4844, 28.0000, 28.1406, 27.5938, 25.9844,
        24.9219, 28.8125, 30.8906, 29.2031, 26.5000, 25.2344, 26.4844, 24.4375,
        27.3750, 27.4531, 29.2656, 29.6719, 29.4062, 28.6094, 28.6406, 25.8750,
        25.7656, 27.6094, 24.4844, 25.5312, 28.1719, 30.0781, 22.2500, 24.5469,
        25.3125, 25.7812, 23.0625, 24.3438, 24.8125, 27.1875, 22.7656, 24.7969,
        28.0938, 25.6406, 25.0625, 28.0938, 24.2969, 23.9531, 27.9531, 27.1562,
        25.8750, 26.8438, 27.7188, 24.2188, 24.7500, 23.7969, 24.8906, 27.0938,
        24.9531, 27.9531, 23.3438, 25.9062, 24.4375, 26.6719, 28.3438, 30.2812,
        23.1562, 23.3438, 28.1562, 24.9062, 25.1875, 24.2500, 25.5938, 28.2969,
        28.3906, 26.2656, 24.7031, 29.2656, 28.1875, 27.9844, 29.4219, 27.9219,
        26.9688, 29.0156, 27.0312, 27.2656, 24.4844, 28.9062, 25.6719, 23.3125,
        28.1719, 27.2188, 28.4688, 23.8281], device='cuda:1',
       dtype=torch.float16, grad_fn=<SelectBackward0>)
probs shape torch.Size([240, 100])
probs tensor([6.0174e-04, 2.9619e-03, 1.1354e-02, 3.6861e-03, 2.6138e-03, 8.0512e-03,
        1.2666e-02, 1.4435e-03, 5.2801e-03, 3.0085e-03, 1.4808e-02, 7.6067e-04,
        9.4128e-03, 1.0834e-02, 6.2703e-03, 1.2541e-03, 4.3342e-04, 2.1212e-02,
        1.6947e-01, 3.1349e-02, 2.1003e-03, 5.9241e-04, 2.0677e-03, 2.6702e-04,
        5.0383e-03, 5.4477e-03, 3.3371e-02, 5.0096e-02, 3.8410e-02, 1.7313e-02,
        1.7862e-02, 1.1242e-03, 1.0077e-03, 6.3690e-03, 2.7983e-04, 7.9717e-04,
        1.1178e-02, 7.5203e-02, 2.9959e-05, 2.9788e-04, 6.4055e-04, 1.0236e-03,
        6.7513e-05, 2.4312e-04, 3.8851e-04, 4.1769e-03, 5.0172e-05, 3.8249e-04,
        1.0338e-02, 8.8931e-04, 4.9886e-04, 1.0338e-02, 2.3199e-04, 1.6451e-04,
        8.9817e-03, 4.0484e-03, 1.1242e-03, 2.9619e-03, 7.1051e-03, 2.1456e-04,
        3.6497e-04, 1.4071e-04, 4.2008e-04, 3.8031e-03, 4.4717e-04, 8.9817e-03,
        8.9441e-05, 1.1599e-03, 2.6702e-04, 2.4941e-03, 1.3274e-02, 9.2141e-02,
        7.4149e-05, 8.9441e-05, 1.1005e-02, 4.2670e-04, 5.6528e-04, 2.2137e-04,
        8.4859e-04, 1.2666e-02, 1.3911e-02, 1.6615e-03, 3.4826e-04, 3.3371e-02,
        1.1354e-02, 9.2669e-03, 3.9015e-02, 8.7054e-03, 3.3562e-03, 2.5990e-02,
        3.5727e-03, 4.5163e-03, 2.7983e-04, 2.3297e-02, 9.1754e-04, 8.6689e-05,
        1.1178e-02, 4.3095e-03, 1.5042e-02, 1.4518e-04], device='cuda:1',
       grad_fn=<SelectBackward0>)
probs reshaped torch.Size([1, 240, 100])
probs tensor([[25.2500, 26.8438, 28.1875,  ..., 27.2188, 28.4688, 23.8281],
        [24.4531, 26.1250, 28.8750,  ..., 27.4844, 29.4062, 23.4062],
        [25.1406, 26.5469, 27.9844,  ..., 27.3594, 27.9062, 24.2656],
        ...,
        [26.1875, 27.4375, 27.7500,  ..., 27.1094, 29.3438, 23.8281],
        [25.0625, 26.6719, 28.7031,  ..., 27.5000, 29.5312, 23.3281],
        [25.3906, 26.5781, 28.4219,  ..., 27.2031, 29.1250, 22.8281]],
       device='cuda:1', dtype=torch.float16, grad_fn=<SelectBackward0>)
shape of clip output torch.Size([240, 100]) torch.Size([100, 240])
logits_per_image tensor([23.4688, 24.3906, 28.7500, 27.9219, 26.5938, 28.2344, 26.9844, 24.4844,
        27.0156, 24.9531, 28.6406, 26.1875, 28.1719, 27.6250, 26.7188, 25.1250,
        22.9375, 29.9062, 31.8125, 30.5156, 26.9531, 23.3281, 28.1875, 22.1250,
        24.8281, 27.9688, 29.1562, 30.8438, 29.9531, 29.4375, 28.4688, 23.6562,
        24.0469, 29.3125, 22.1406, 23.5938, 28.1094, 29.7031, 20.4062, 23.5312,
        23.3594, 25.1406, 21.0000, 22.8281, 23.3438, 26.6719, 21.2656, 23.3438,
        26.3906, 24.0000, 23.1875, 27.8906, 22.0938, 21.2344, 26.3906, 28.2656,
        23.4375, 24.9844, 29.6719, 22.0938, 23.0625, 22.0312, 23.0312, 28.4688,
        22.8594, 28.1406, 21.4844, 23.4062, 22.5469, 25.0000, 29.7031, 30.8438,
        21.7500, 21.9531, 28.8750, 22.5312, 23.1406, 22.6719, 23.3438, 28.7500,
        28.6406, 24.3438, 21.8125, 30.2656, 27.8594, 26.2344, 29.2969, 26.3281,
        25.0938, 27.1094, 26.9062, 28.2344, 23.3125, 29.9375, 25.1250, 21.2656,
        29.1562, 27.1250, 28.9844, 21.2031], device='cuda:0',
       dtype=torch.float16, grad_fn=<SelectBackward0>)
probs shape torch.Size([240, 100])
probs tensor([5.6537e-05, 1.4213e-04, 1.1116e-02, 4.8563e-03, 1.2868e-03, 6.6377e-03,
        1.9017e-03, 1.5610e-04, 1.9621e-03, 2.4945e-04, 9.9644e-03, 8.5718e-04,
        6.2356e-03, 3.6089e-03, 1.4581e-03, 2.9623e-04, 3.3237e-05, 3.5327e-02,
        2.3767e-01, 6.4976e-02, 1.8432e-03, 4.9121e-05, 6.3338e-03, 1.4749e-05,
        2.2014e-04, 5.0893e-03, 1.6687e-02, 9.0211e-02, 3.7022e-02, 2.2107e-02,
        8.3909e-03, 6.8197e-05, 1.0079e-04, 1.9509e-02, 1.4981e-05, 6.4065e-05,
        5.8578e-03, 2.8833e-02, 2.6443e-06, 6.0184e-05, 5.0680e-05, 3.0090e-04,
        4.7882e-06, 2.9793e-05, 4.9894e-05, 1.3913e-03, 6.2450e-06, 4.9894e-05,
        1.0502e-03, 9.6173e-05, 4.2677e-05, 4.7069e-03, 1.4295e-05, 6.0528e-06,
        1.0502e-03, 6.8484e-03, 5.4798e-05, 2.5737e-04, 2.7946e-02, 1.4295e-05,
        3.7662e-05, 1.3429e-05, 3.6503e-05, 8.3909e-03, 3.0739e-05, 6.0437e-03,
        7.7720e-06, 5.3112e-05, 2.2489e-05, 2.6143e-04, 2.8833e-02, 9.0211e-02,
        1.0137e-05, 1.2420e-05, 1.2596e-02, 2.2140e-05, 4.0722e-05, 2.5483e-05,
        4.9894e-05, 1.1116e-02, 9.9644e-03, 1.3563e-04, 1.0790e-05, 5.0604e-02,
        4.5620e-03, 8.9832e-04, 1.9207e-02, 9.8661e-04, 2.8712e-04, 2.1550e-03,
        1.7588e-03, 6.6377e-03, 4.8359e-05, 3.6448e-02, 2.9623e-04, 6.2450e-06,
        1.6687e-02, 2.1889e-03, 1.4052e-02, 5.8666e-06], device='cuda:0',
       grad_fn=<SelectBackward0>)
probs reshaped torch.Size([1, 240, 100])
probs tensor([[23.4688, 24.3906, 28.7500,  ..., 27.1250, 28.9844, 21.2031],
        [22.9219, 23.7812, 28.3438,  ..., 26.4531, 28.6250, 21.1250],
        [23.4844, 24.7969, 27.8125,  ..., 27.2656, 27.7969, 22.3750],
        ...,
        [23.1562, 23.5938, 29.0000,  ..., 26.1719, 29.8438, 20.8750],
        [23.4375, 24.3125, 29.4062,  ..., 25.6719, 29.6719, 20.9219],
        [24.2500, 25.5156, 29.7500,  ..., 26.0156, 29.8906, 21.5156]],
       device='cuda:0', dtype=torch.float16, grad_fn=<SelectBackward0>)
img shape torch.Size([1, 240, 3, 224, 224])
img shape torch.Size([1, 240, 3, 224, 224])
shape of clip output torch.Size([240, 100]) torch.Size([100, 240])
logits_per_image tensor([25.5938, 26.5938, 27.9375, 26.3281, 27.4062, 26.4219, 28.4531, 25.6094,
        26.9688, 27.6250, 27.0781, 23.1250, 27.7969, 28.6562, 26.8281, 25.3438,
        24.4375, 28.1562, 30.8750, 27.2969, 24.8906, 24.8750, 24.0938, 24.4375,
        27.1094, 27.3906, 30.0000, 31.0781, 29.8594, 29.0312, 28.3438, 27.2031,
        25.8594, 27.1406, 24.0156, 26.6875, 30.2969, 29.5625, 22.2188, 24.3594,
        25.8438, 25.5625, 23.5938, 23.9688, 25.2031, 28.3125, 23.3281, 25.4688,
        28.3438, 26.4531, 23.7500, 27.4062, 23.8906, 23.5625, 28.1094, 25.8438,
        25.5781, 26.4062, 27.5625, 25.4062, 24.5000, 24.8906, 24.2500, 27.8594,
        24.1875, 26.6094, 24.0469, 25.1094, 24.8438, 26.5781, 27.5938, 31.2188,
        22.7969, 23.5469, 27.5469, 25.0156, 25.3750, 23.9219, 28.0000, 27.3438,
        26.7500, 27.3594, 24.2812, 27.4219, 29.7969, 28.0000, 28.8906, 28.0312,
        26.5156, 28.3750, 27.7812, 26.3438, 24.2031, 27.6562, 24.6562, 22.8906,
        27.1250, 26.5469, 30.7188, 23.2188], device='cuda:1',
       dtype=torch.float16, grad_fn=<SelectBackward0>)
probs shape torch.Size([240, 100])
probs tensor([5.9435e-04, 1.6156e-03, 6.1933e-03, 1.2387e-03, 3.6409e-03, 1.3605e-03,
        1.0372e-02, 6.0371e-04, 2.3507e-03, 4.5311e-03, 2.6224e-03, 5.0336e-05,
        5.3808e-03, 1.2708e-02, 2.0423e-03, 4.6288e-04, 1.8702e-04, 7.7077e-03,
        1.1686e-01, 3.2636e-03, 2.9423e-04, 2.8967e-04, 1.3262e-04, 1.8702e-04,
        2.7057e-03, 3.5844e-03, 4.8714e-02, 1.4318e-01, 4.2324e-02, 1.8490e-02,
        9.2973e-03, 2.9716e-03, 7.7518e-04, 2.7915e-03, 1.2265e-04, 1.7744e-03,
        6.5552e-02, 3.1452e-02, 2.0338e-05, 1.7297e-04, 7.6317e-04, 5.7607e-04,
        8.0437e-05, 1.1704e-04, 4.0216e-04, 9.0112e-03, 6.1673e-05, 5.2452e-04,
        9.2973e-03, 1.4037e-03, 9.4041e-05, 3.6409e-03, 1.0824e-04, 7.7962e-05,
        7.3547e-03, 7.6317e-04, 5.8514e-04, 1.3394e-03, 4.2566e-03, 4.9274e-04,
        1.9908e-04, 2.9423e-04, 1.5505e-04, 5.7279e-03, 1.4565e-04, 1.6411e-03,
        1.2655e-04, 3.6617e-04, 2.8075e-04, 1.5906e-03, 4.3917e-03, 1.6480e-01,
        3.6256e-05, 7.6754e-05, 4.1906e-03, 3.3340e-04, 4.7758e-04, 1.1168e-04,
        6.5928e-03, 3.4203e-03, 1.8889e-03, 3.4741e-03, 1.5997e-04, 3.6982e-03,
        3.9759e-02, 6.5928e-03, 1.6064e-02, 6.8020e-03, 1.4942e-03, 9.5924e-03,
        5.2974e-03, 1.2582e-03, 1.4795e-04, 4.6750e-03, 2.3275e-04, 3.9819e-05,
        2.7483e-03, 1.5416e-03, 9.9955e-02, 5.5284e-05], device='cuda:1',
       grad_fn=<SelectBackward0>)
probs reshaped torch.Size([1, 240, 100])
probs tensor([[25.5938, 26.5938, 27.9375,  ..., 26.5469, 30.7188, 23.2188],
        [24.8438, 25.8281, 28.0000,  ..., 25.4375, 30.1875, 22.4219],
        [25.1875, 26.2188, 28.0781,  ..., 25.8125, 30.7656, 23.3125],
        ...,
        [25.9844, 27.0312, 27.5781,  ..., 26.4375, 29.3594, 22.1719],
        [25.8906, 26.5000, 27.5781,  ..., 26.5781, 30.1719, 23.2656],
        [26.1719, 26.9062, 27.5938,  ..., 26.3906, 29.8281, 22.7344]],
       device='cuda:1', dtype=torch.float16, grad_fn=<SelectBackward0>)
shape of clip output torch.Size([240, 100]) torch.Size([100, 240])
logits_per_image tensor([25.3594, 27.0312, 28.0000, 26.9531, 27.3281, 27.0781, 28.1250, 25.9375,
        26.9062, 27.5625, 27.8594, 24.9375, 28.2812, 27.4062, 26.0156, 26.2031,
        24.8125, 29.3281, 30.7812, 27.6719, 25.9531, 25.2031, 26.7344, 24.0625,
        27.0156, 27.5156, 29.3125, 30.8750, 30.5000, 27.9062, 29.2344, 26.7812,
        25.6719, 27.6562, 24.1875, 26.0156, 29.0156, 29.8438, 21.7812, 23.8125,
        25.7656, 26.2969, 23.6719, 24.8438, 24.6094, 26.8906, 23.5156, 25.1250,
        28.4531, 25.9531, 23.9062, 28.7500, 23.8281, 23.5938, 28.0625, 27.0312,
        25.3906, 26.0625, 26.5312, 24.6250, 25.0781, 24.9531, 24.3125, 28.6562,
        23.8906, 27.4375, 23.2031, 25.4531, 24.6562, 26.6719, 28.4219, 30.7031,
        23.0938, 23.6250, 28.2031, 24.6875, 24.9688, 26.0000, 25.7969, 27.4375,
        27.5312, 26.3750, 24.6094, 28.5156, 27.9375, 27.6406, 29.1562, 28.1875,
        26.3750, 28.3125, 28.1719, 27.1406, 24.8281, 28.1875, 25.4375, 22.9688,
        27.5938, 27.4375, 28.5469, 23.3438], device='cuda:0',
       dtype=torch.float16, grad_fn=<SelectBackward0>)
probs shape torch.Size([240, 100])
probs tensor([5.8096e-04, 3.0920e-03, 8.1463e-03, 2.8596e-03, 4.1607e-03, 3.2404e-03,
        9.2309e-03, 1.0357e-03, 2.7287e-03, 5.2596e-03, 7.0776e-03, 3.8101e-04,
        1.0792e-02, 4.4988e-03, 1.1198e-03, 1.3508e-03, 3.3624e-04, 3.0744e-02,
        1.3147e-01, 5.8675e-03, 1.0520e-03, 4.9692e-04, 2.2978e-03, 1.5883e-04,
        3.0440e-03, 5.0188e-03, 3.0267e-02, 1.4440e-01, 9.9242e-02, 7.4173e-03,
        2.7992e-02, 2.4080e-03, 7.9408e-04, 5.7766e-03, 1.7997e-04, 1.1198e-03,
        2.2493e-02, 5.1486e-02, 1.6225e-05, 1.2369e-04, 8.7213e-04, 1.4835e-03,
        1.0747e-04, 3.4691e-04, 2.7443e-04, 2.6864e-03, 9.1922e-05, 4.5958e-04,
        1.2816e-02, 1.0520e-03, 1.3585e-04, 1.7246e-02, 1.2564e-04, 9.9391e-05,
        8.6716e-03, 3.0920e-03, 5.9941e-04, 1.1736e-03, 1.8754e-03, 2.7875e-04,
        4.3853e-04, 3.8701e-04, 2.0394e-04, 1.5702e-02, 1.3375e-04, 4.6416e-03,
        6.7251e-05, 6.3806e-04, 2.8760e-04, 2.1585e-03, 1.2422e-02, 1.2159e-01,
        6.0284e-05, 1.0255e-04, 9.9810e-03, 2.9673e-04, 3.9310e-04, 1.1025e-03,
        8.9981e-04, 4.6416e-03, 5.0978e-03, 1.6041e-03, 2.7443e-04, 1.3642e-02,
        7.6527e-03, 5.6870e-03, 2.5889e-02, 9.8263e-03, 1.6041e-03, 1.1135e-02,
        9.6739e-03, 3.4493e-03, 3.4153e-04, 9.8263e-03, 6.2817e-04, 5.3200e-05,
        5.4266e-03, 4.6416e-03, 1.4075e-02, 7.7406e-05], device='cuda:0',
       grad_fn=<SelectBackward0>)
probs reshaped torch.Size([1, 240, 100])
probs tensor([[25.3594, 27.0312, 28.0000,  ..., 27.4375, 28.5469, 23.3438],
        [25.2031, 26.2812, 28.2656,  ..., 27.5469, 28.7500, 23.0781],
        [25.3281, 26.2969, 28.2969,  ..., 26.5781, 28.4062, 22.6094],
        ...,
        [25.8750, 26.7812, 28.4375,  ..., 26.7188, 29.7344, 22.9219],
        [25.9844, 27.0938, 28.5312,  ..., 26.7812, 30.0469, 23.6875],
        [25.6875, 26.3438, 28.0000,  ..., 26.2500, 29.5156, 22.9531]],
       device='cuda:0', dtype=torch.float16, grad_fn=<SelectBackward0>)
img shape torch.Size([1, 240, 3, 224, 224])
img shape torch.Size([1, 240, 3, 224, 224])
shape of clip output torch.Size([240, 100]) torch.Size([100, 240])
logits_per_image shape of clip output torch.Size([240, 100]) torch.Size([100, 240])
logits_per_image tensor([26.4219, 27.2500, 27.6406, 27.2969, 27.4531, 27.2969, 28.4688, 26.3750,
        26.1250, 27.2812, 28.3594, 24.3594, 28.2188, 27.1562, 25.6719, 25.9688,
        25.1719, 27.8125, 30.3281, 27.5781, 25.8125, 25.5000, 25.7969, 24.1562,
        27.3125, 27.4062, 29.0938, 29.9219, 29.1094, 28.8594, 27.9688, 26.6719,
        25.9219, 27.1250, 23.8438, 25.9688, 29.2812, 29.2188, 21.5938, 25.3906,
        26.1250, 26.6562, 24.7188, 24.7656, 25.3125, 28.6875, 22.9062, 24.9844,
        28.0938, 26.5781, 23.8594, 26.5312, 24.0000, 23.4688, 28.2500, 26.1406,
        25.2344, 26.7969, 27.2344, 25.1250, 24.5938, 24.9688, 24.9844, 28.8125,
        24.1562, 27.5781, 24.6406, 24.8906, 25.9219, 27.3906, 27.7812, 30.2500,
        23.2500, 23.8438, 28.2031, 25.5312, 24.9688, 23.5156, 26.7656, 28.1875,
        27.3438, 27.3281, 24.1406, 28.0312, 27.2500, 27.5625, 29.3438, 28.3594,
        26.4062, 28.7656, 27.4844, 27.6406, 24.6719, 28.2344, 25.7188, 23.3594,
        27.5938, 27.0938, 30.0469, 23.4688], device='cuda:0',
       dtype=torch.float16, grad_fn=<SelectBackward0>)
probs shape torch.Size([240, 100])
probs tensor([2.2429e-03, 5.1340e-03, 7.5875e-03, 5.3803e-03, 6.2903e-03, 5.3803e-03,
        1.7368e-02, 2.1402e-03, 1.6668e-03, 5.2969e-03, 1.5569e-02, 2.8515e-04,
        1.3526e-02, 4.6745e-03, 1.0595e-03, 1.4256e-03, 6.4259e-04, 9.0104e-03,
        1.1150e-01, 7.1278e-03, 1.2194e-03, 8.9215e-04, 1.2005e-03, 2.3273e-04,
        5.4651e-03, 6.0022e-03, 3.2448e-02, 7.4273e-02, 3.2959e-02, 2.5668e-02,
        1.0534e-02, 2.8799e-03, 1.3604e-03, 4.5307e-03, 1.7027e-04, 1.4256e-03,
        3.9139e-02, 3.6768e-02, 1.7946e-05, 7.9972e-04, 1.6668e-03, 2.8352e-03,
        4.0846e-04, 4.2806e-04, 7.3962e-04, 2.1615e-02, 6.6678e-05, 5.3273e-04,
        1.1937e-02, 2.6222e-03, 1.7295e-04, 2.5021e-03, 1.9907e-04, 1.1702e-04,
        1.3956e-02, 1.6930e-03, 6.8403e-04, 3.2633e-03, 5.0544e-03, 6.1316e-04,
        3.6046e-04, 5.2447e-04, 5.3273e-04, 2.4493e-02, 2.3273e-04, 7.1278e-03,
        3.7776e-04, 4.8505e-04, 1.3604e-03, 5.9091e-03, 8.7332e-03, 1.0312e-01,
        9.4032e-05, 1.7027e-04, 1.3316e-02, 9.2047e-04, 5.2447e-04, 1.2264e-04,
        3.1629e-03, 1.3110e-02, 5.6385e-03, 5.5511e-03, 2.2912e-04, 1.1214e-02,
        5.1340e-03, 7.0173e-03, 4.1664e-02, 1.5569e-02, 2.2081e-03, 2.3371e-02,
        6.4899e-03, 7.5875e-03, 3.8975e-04, 1.3739e-02, 1.1103e-03, 1.0490e-04,
        7.2400e-03, 4.3913e-03, 8.4163e-02, 1.1702e-04], device='cuda:0',
       grad_fn=<SelectBackward0>)
probs reshaped torch.Size([1, 240, 100])
probs tensor([24.7344, 26.4688, 29.9531, 29.2500, 28.6094, 29.6562, 28.4688, 26.2656,
        28.3125, 26.9844, 29.7812, 27.0781, 28.5781, 27.4219, 27.5781, 25.2031,
        24.0938, 32.1875, 32.2812, 30.4531, 29.4375, 24.7188, 28.8906, 23.8125,
        26.8594, 29.5938, 30.9062, 32.3750, 31.5156, 32.0938, 30.0156, 25.7344,
        24.9688, 29.3438, 23.6406, 25.2344, 31.2188, 31.1406, 22.0000, 23.9531,
        25.5469, 26.4062, 22.8906, 23.5469, 24.5156, 27.7188, 23.0156, 24.5156,
        27.1094, 26.1875, 24.4375, 28.9531, 23.2031, 22.4531, 27.4062, 28.0781,
        24.8281, 27.2344, 27.2812, 23.9219, 23.5469, 23.8125, 24.9062, 29.2500,
        23.7344, 29.4062, 23.3906, 24.2031, 24.2188, 26.5625, 29.9688, 31.2812,
        22.5781, 23.8438, 29.4688, 24.2031, 24.5469, 24.2500, 25.0469, 29.0938,
        29.0000, 26.3750, 23.6250, 31.5156, 28.3125, 24.3594, 30.4688, 28.1562,
        26.1562, 29.2031, 28.9375, 28.8281, 24.0000, 29.9375, 26.5469, 22.5469,
        29.8906, 27.2031, 29.4219, 23.0156], device='cuda:1',
       dtype=torch.float16, grad_fn=<SelectBackward0>)
probs shape torch.Size([240, 100])
probs tensor([[26.4219, 27.2500, 27.6406,  ..., 27.0938, 30.0469, 23.4688],
        [26.0156, 26.5312, 27.5469,  ..., 26.4844, 30.7812, 22.7656],
        [25.8438, 26.4531, 27.4375,  ..., 26.7969, 30.4688, 23.4688],
        ...,
        [25.0156, 26.1719, 27.1406,  ..., 25.5000, 30.2812, 21.9375],
        [24.7812, 26.7656, 28.0000,  ..., 25.1406, 30.5000, 22.3125],
        [25.3594, 27.5000, 27.7500,  ..., 26.1406, 30.7031, 23.4688]],
       device='cuda:0', dtype=torch.float16, grad_fn=<SelectBackward0>)
tensor([6.6106e-05, 3.7452e-04, 1.2210e-02, 6.0444e-03, 3.1852e-03, 9.0737e-03,
        2.7673e-03, 3.0567e-04, 2.3670e-03, 6.2720e-04, 1.0282e-02, 6.8884e-04,
        3.0872e-03, 9.7142e-04, 1.1357e-03, 1.0564e-04, 3.4835e-05, 1.1405e-01,
        1.2526e-01, 2.0131e-02, 7.2909e-03, 6.5081e-05, 4.2197e-03, 2.6295e-05,
        5.5350e-04, 8.5240e-03, 3.1670e-02, 1.3757e-01, 5.8251e-02, 1.0384e-01,
        1.2997e-02, 1.7970e-04, 8.3566e-05, 6.6385e-03, 2.2143e-05, 1.0899e-04,
        4.3288e-02, 4.0035e-02, 4.2926e-06, 3.0266e-05, 1.4897e-04, 3.5183e-04,
        1.0460e-05, 2.0161e-05, 5.3118e-05, 1.3072e-03, 1.1852e-05, 5.3118e-05,
        7.1071e-04, 2.8270e-04, 4.9126e-05, 4.4918e-03, 1.4296e-05, 6.7532e-06,
        9.5636e-04, 1.8725e-03, 7.2603e-05, 8.0534e-04, 8.4399e-04, 2.9334e-05,
        2.0161e-05, 2.6295e-05, 7.8503e-05, 6.0444e-03, 2.4319e-05, 7.0666e-03,
        1.7245e-05, 3.8862e-05, 3.9474e-05, 4.1133e-04, 1.2402e-02, 4.6080e-02,
        7.6523e-06, 2.7130e-05, 7.5224e-03, 3.8862e-05, 5.4804e-05, 4.0727e-05,
        9.0356e-05, 5.1700e-03, 4.7074e-03, 3.4100e-04, 2.1799e-05, 5.8251e-02,
        2.3670e-03, 4.5434e-05, 2.0448e-02, 2.0246e-03, 2.7400e-04, 5.7676e-03,
        4.4222e-03, 3.9640e-03, 3.1718e-05, 1.2021e-02, 4.0495e-04, 7.4169e-06,
        1.1470e-02, 7.8056e-04, 7.1779e-03, 1.1852e-05], device='cuda:1',
       grad_fn=<SelectBackward0>)
probs reshaped torch.Size([1, 240, 100])
probs tensor([[24.7344, 26.4688, 29.9531,  ..., 27.2031, 29.4219, 23.0156],
        [24.9375, 26.7656, 29.7031,  ..., 27.3281, 29.2656, 23.1406],
        [24.8281, 26.9062, 29.7969,  ..., 27.3594, 28.6406, 22.9844],
        ...,
        [22.2500, 24.8906, 29.7812,  ..., 26.7500, 27.7344, 19.9688],
        [20.9844, 22.7188, 26.8594,  ..., 26.1406, 25.0781, 18.9062],
        [21.8438, 23.5000, 27.5938,  ..., 26.8750, 26.2656, 19.2344]],
       device='cuda:1', dtype=torch.float16, grad_fn=<SelectBackward0>)
img shape torch.Size([1, 240, 3, 224, 224])
img shape torch.Size([1, 240, 3, 224, 224])
shape of clip output torch.Size([240, 100]) torch.Size([100, 240])
logits_per_image tensor([24.2031, 25.0781, 29.6250, 29.0312, 27.4688, 27.9844, 27.5312, 25.5312,
        27.3125, 27.1719, 29.1094, 24.7031, 29.5625, 26.4062, 29.8594, 24.3906,
        23.1406, 34.4062, 31.2656, 29.9062, 26.2812, 24.5781, 26.8125, 23.6094,
        25.6719, 28.7969, 29.7344, 30.5469, 29.5156, 29.8438, 28.6875, 24.9219,
        24.3438, 28.9844, 23.6562, 24.3281, 29.5781, 29.3125, 22.5312, 23.9688,
        25.8750, 26.2188, 22.0469, 23.5156, 24.9219, 27.6875, 21.5156, 24.6719,
        26.6719, 25.2188, 24.8125, 26.7344, 23.0156, 21.9531, 27.4375, 27.8594,
        24.4844, 26.6406, 28.1094, 24.0156, 24.6875, 22.6719, 24.4219, 27.4375,
        22.6250, 27.9375, 24.1562, 23.1250, 23.4531, 25.7969, 28.9062, 30.6875,
        21.1406, 22.9219, 26.6719, 24.5312, 24.2344, 22.2969, 23.5938, 29.0625,
        25.7031, 25.6719, 23.1406, 28.8906, 26.7812, 25.7344, 29.5156, 27.3906,
        25.3750, 28.1562, 26.8281, 27.1406, 24.4844, 29.3281, 25.5938, 21.4844,
        28.9531, 26.5938, 28.0625, 22.2812], device='cuda:1',
       dtype=torch.float16, grad_fn=<SelectBackward0>)
probs shape torch.Size([240, 100])
probs shape of clip output torch.Size([240, 100]) torch.Size([100, 240])
logits_per_image tensor([2.9746e-05, 7.1356e-05, 6.7316e-03, 3.7175e-03, 7.7923e-04, 1.3050e-03,
        8.2949e-04, 1.1226e-04, 6.6651e-04, 5.7908e-04, 4.0196e-03, 4.9042e-05,
        6.3237e-03, 2.6930e-04, 8.5095e-03, 3.5880e-05, 1.0280e-05, 8.0276e-01,
        3.4724e-02, 8.9179e-03, 2.3765e-04, 4.3280e-05, 4.0426e-04, 1.6427e-05,
        1.2921e-04, 2.9408e-03, 7.5096e-03, 1.6923e-02, 6.0341e-03, 8.3776e-03,
        2.6361e-03, 6.1034e-05, 3.4237e-05, 3.5473e-03, 1.7216e-05, 3.3706e-05,
        6.4233e-03, 4.9249e-03, 5.5891e-06, 2.3531e-05, 1.5831e-04, 2.2325e-04,
        3.4433e-06, 1.4957e-05, 6.1034e-05, 9.6977e-04, 2.0242e-06, 4.7534e-05,
        3.5123e-04, 8.2131e-05, 5.4711e-05, 3.7388e-04, 9.0719e-06, 3.1352e-06,
        7.5526e-04, 1.1516e-03, 3.9407e-05, 3.4042e-04, 1.4787e-03, 2.4660e-05,
        4.8282e-05, 6.4330e-06, 3.7019e-05, 7.5526e-04, 6.1384e-06, 1.2452e-03,
        2.8384e-05, 1.0120e-05, 1.4051e-05, 1.4641e-04, 3.2807e-03, 1.9478e-02,
        1.3912e-06, 8.2601e-06, 3.5123e-04, 4.1298e-05, 3.0690e-05, 4.4213e-06,
        1.6172e-05, 3.8355e-03, 1.3331e-04, 1.2921e-04, 1.0280e-05, 3.2298e-03,
        3.9182e-04, 1.3754e-04, 6.0341e-03, 7.2067e-04, 9.6020e-05, 1.5497e-03,
        4.1063e-04, 5.6126e-04, 3.9407e-05, 5.0025e-03, 1.1950e-04, 1.9619e-06,
        3.4381e-03, 3.2483e-04, 1.4110e-03, 4.3528e-06], device='cuda:1',
       grad_fn=<SelectBackward0>)
probs reshaped torch.Size([1, 240, 100])
probs tensor([19.8906, 21.6719, 26.3594, 25.1406, 24.0469, 23.9688, 23.3906, 22.2188,
        23.1875, 22.7969, 25.9688, 21.7969, 26.1719, 22.8750, 25.5625, 21.0312,
        18.3750, 34.2812, 27.7344, 26.2344, 23.5312, 19.8750, 24.0469, 18.8281,
        21.9062, 24.8594, 26.1094, 27.4844, 26.4531, 26.8438, 25.6094, 20.5000,
        20.3906, 26.3750, 17.2656, 20.6406, 26.9375, 25.6719, 17.1719, 18.6250,
        21.0000, 21.7656, 17.2812, 19.4062, 19.9375, 22.8438, 17.8125, 19.7969,
        22.2812, 20.2656, 20.6094, 23.7188, 16.7344, 16.8750, 23.1875, 25.7344,
        19.5938, 22.3281, 26.5469, 19.8906, 19.0938, 19.2500, 19.5625, 25.3750,
        17.2969, 26.2031, 18.7656, 17.8438, 18.8594, 22.4688, 27.3906, 26.8906,
        17.9688, 18.7812, 23.7812, 19.0781, 18.9688, 18.9844, 18.7500, 25.0938,
        23.2500, 21.1094, 18.0469, 26.4688, 23.9531, 21.6562, 26.1875, 22.6250,
        20.4688, 24.9531, 23.5938, 25.3906, 19.2031, 26.4688, 21.5312, 16.0469,
        26.1875, 25.3125, 24.2656, 17.3125], device='cuda:0',
       dtype=torch.float16, grad_fn=<SelectBackward0>)
probs shape torch.Size([240, 100])
probs tensor([5.5607e-07, 3.3016e-06, 3.5849e-04, 1.0597e-04, 3.5495e-05, 3.2828e-05,
        1.8415e-05, 5.7046e-06, 1.5030e-05, 1.0170e-05, 2.4256e-04, 3.7412e-06,
        2.9720e-04, 1.0996e-05, 1.6158e-04, 1.7398e-06, 1.2215e-07, 9.8833e-01,
        1.4178e-03, 3.1636e-04, 2.1195e-05, 5.4745e-07, 3.5495e-05, 1.9217e-07,
        4.1736e-06, 7.9989e-05, 2.7919e-04, 1.1042e-03, 3.9372e-04, 5.8188e-04,
        1.6934e-04, 1.0228e-06, 9.1681e-07, 3.6413e-04, 4.0282e-08, 1.1772e-06,
        6.3907e-04, 1.8026e-04, 3.6677e-08, 1.5685e-07, 1.6863e-06, 3.6260e-06,
        4.0916e-08, 3.4259e-07, 5.8276e-07, 1.0658e-05, 6.9601e-08, 5.0631e-07,
        6.0725e-06, 8.0908e-07, 1.1410e-06, 2.5566e-05, 2.3680e-08, 2.7256e-08,
        1.5030e-05, 1.9188e-04, 4.1324e-07, 6.3639e-06, 4.3242e-04, 5.5607e-07,
        2.5064e-07, 2.9303e-07, 4.0052e-07, 1.3396e-04, 4.1560e-08, 3.0663e-04,
        1.8053e-07, 7.1810e-08, 1.9827e-07, 7.3248e-06, 1.0054e-03, 6.0981e-04,
        8.1371e-08, 1.8337e-07, 2.7215e-05, 2.4676e-07, 2.2119e-07, 2.2467e-07,
        1.7773e-07, 1.0112e-04, 1.5999e-05, 1.8812e-06, 8.7983e-08, 3.9992e-04,
        3.2319e-05, 3.2504e-06, 3.0188e-04, 8.5636e-06, 9.9131e-07, 8.7851e-05,
        2.2562e-05, 1.3607e-04, 2.7961e-07, 3.9992e-04, 2.8684e-06, 1.1907e-08,
        3.0188e-04, 1.2584e-04, 4.4174e-05, 4.2215e-08], device='cuda:0',
       grad_fn=<SelectBackward0>)
probs reshaped torch.Size([1, 240, 100])
tensor([[24.2031, 25.0781, 29.6250,  ..., 26.5938, 28.0625, 22.2812],
        [23.6406, 24.4375, 28.4062,  ..., 25.7188, 26.7031, 21.5000],
        [25.3594, 26.0938, 29.5469,  ..., 26.6562, 28.5625, 23.4375],
        ...,
        [24.3438, 25.8906, 29.1875,  ..., 26.2812, 30.2344, 21.9688],
        [23.8438, 24.9531, 28.1562,  ..., 25.9531, 29.5938, 21.6562],
        [24.1719, 25.2188, 28.3750,  ..., 26.1719, 30.7500, 22.3750]],
       device='cuda:1', dtype=torch.float16, grad_fn=<SelectBackward0>)probs 
tensor([[19.8906, 21.6719, 26.3594,  ..., 25.3125, 24.2656, 17.3125],
        [21.7344, 23.5156, 27.7031,  ..., 26.1406, 25.8438, 19.1719],
        [20.1719, 21.6406, 26.2812,  ..., 24.8125, 24.2812, 17.6406],
        ...,
        [24.5469, 26.3438, 29.0312,  ..., 27.4219, 27.7969, 21.6562],
        [23.7344, 25.3438, 27.4531,  ..., 26.6406, 26.4688, 21.5312],
        [25.2031, 26.9062, 29.0312,  ..., 27.0312, 28.9688, 23.3906]],
       device='cuda:0', dtype=torch.float16, grad_fn=<SelectBackward0>)
Epoch 0:  86%|█████████████████████▍   | 30/35 [01:19<00:13,  0.38it/s, v_num=3]img shape torch.Size([1, 240, 3, 224, 224])
img shape torch.Size([1, 240, 3, 224, 224])
shape of clip output torch.Size([240, 100]) torch.Size([100, 240])
logits_per_image tensor([25.7656, 26.2500, 24.1406, 25.2812, 26.9062, 24.7812, 27.8438, 26.5000,
        24.2656, 26.8594, 25.9688, 22.2031, 27.5312, 24.1406, 22.8750, 26.2188,
        25.2500, 24.3438, 27.1875, 28.1094, 21.9688, 26.4531, 22.4375, 25.1875,
        26.7344, 24.9688, 25.2969, 24.1406, 22.6719, 24.9375, 25.3594, 26.4531,
        25.6875, 23.8594, 26.7344, 26.2969, 23.7812, 26.3438, 24.5625, 27.2656,
        26.2031, 26.9844, 23.8281, 25.3125, 26.3750, 27.4219, 23.5156, 26.3438,
        29.3281, 26.5000, 28.6094, 21.1875, 27.0156, 23.7031, 28.3125, 23.1719,
        26.4062, 26.7500, 24.8125, 25.1719, 26.2188, 22.7031, 25.7031, 25.1719,
        27.0156, 21.6719, 25.2812, 24.4375, 24.9531, 27.5625, 23.9844, 25.9219,
        22.0312, 24.2031, 21.0938, 24.4531, 26.2031, 22.7188, 23.9531, 26.0938,
        23.1250, 27.8125, 24.7500, 24.8906, 24.6562, 26.1250, 27.7031, 28.1094,
        27.9844, 29.1406, 22.0938, 23.2344, 26.8438, 24.5312, 28.4531, 23.2500,
        23.7812, 25.7969, 24.0781, 24.0625], device='cuda:1',
       dtype=torch.float16, grad_fn=<SelectBackward0>)
probs shape torch.Size([240, 100])
probs tensor([3.8132e-03, 6.1895e-03, 7.5087e-04, 2.3493e-03, 1.1931e-02, 1.4249e-03,
        3.0466e-02, 7.9474e-03, 8.5085e-04, 1.1384e-02, 4.6721e-03, 1.0817e-04,
        2.2289e-02, 7.5087e-04, 2.1179e-04, 5.9990e-03, 2.2770e-03, 9.1998e-04,
        1.5805e-02, 3.9735e-02, 8.5572e-05, 7.5835e-03, 1.3674e-04, 2.1390e-03,
        1.0047e-02, 1.7188e-03, 2.3863e-03, 7.5087e-04, 1.7286e-04, 1.6659e-03,
        2.5402e-03, 7.5835e-03, 3.5267e-03, 5.6679e-04, 1.0047e-02, 6.4865e-03,
        5.2419e-04, 6.7978e-03, 1.1449e-03, 1.7090e-02, 5.9060e-03, 1.2900e-02,
        5.4935e-04, 2.4238e-03, 7.0136e-03, 1.9980e-02, 4.0191e-04, 6.7978e-03,
        1.3442e-01, 7.9474e-03, 6.5511e-02, 3.9178e-05, 1.3309e-02, 4.8480e-04,
        4.8684e-02, 2.8500e-04, 7.2362e-03, 1.0205e-02, 1.4701e-03, 2.1059e-03,
        5.9990e-03, 1.7835e-04, 3.5822e-03, 2.1059e-03, 1.3309e-02, 6.3592e-05,
        2.3493e-03, 1.0104e-03, 1.6921e-03, 2.2997e-02, 6.4225e-04, 4.4581e-03,
        9.1091e-05, 7.9930e-04, 3.5672e-05, 1.0263e-03, 5.9060e-03, 1.8116e-04,
        6.2249e-04, 5.2941e-03, 2.7195e-04, 2.9528e-02, 1.3811e-03, 1.5896e-03,
        1.2575e-03, 5.4622e-03, 2.6469e-02, 3.9735e-02, 3.5066e-02, 1.1144e-01,
        9.6966e-05, 3.0338e-04, 1.1208e-02, 1.1097e-03, 5.6035e-02, 3.0816e-04,
        5.2419e-04, 3.9343e-03, 7.0538e-04, 6.9444e-04], device='cuda:1',
       grad_fn=<SelectBackward0>)
probs reshaped torch.Size([1, 240, 100])
probs tensor([[25.7656, 26.2500, 24.1406,  ..., 25.7969, 24.0781, 24.0625],
        [25.7656, 26.3281, 23.9844,  ..., 26.2031, 24.2031, 23.8438],
        [24.9375, 25.8906, 24.6562,  ..., 27.0156, 24.2969, 23.1406],
        ...,
        [27.5625, 28.3906, 24.0781,  ..., 26.8438, 22.7188, 26.2188],
        [27.3125, 28.4844, 24.3906,  ..., 27.1250, 22.6250, 26.4844],
        [28.4219, 29.1250, 26.6562,  ..., 26.7656, 26.4375, 26.0938]],
       device='cuda:1', dtype=torch.float16, grad_fn=<SelectBackward0>)
shape of clip output torch.Size([240, 100]) torch.Size([100, 240])
logits_per_image tensor([24.0938, 25.3594, 28.5469, 27.8750, 26.5312, 26.8594, 26.8750, 25.6250,
        28.0156, 26.1094, 27.4531, 24.0781, 28.3125, 28.7344, 27.7812, 23.8594,
        23.7812, 30.0781, 30.1250, 28.1406, 29.1406, 24.7500, 26.1875, 23.5469,
        26.3125, 27.7812, 29.5781, 30.2969, 30.1562, 30.5625, 29.0781, 24.8125,
        25.1875, 28.4531, 22.2188, 24.1875, 30.4062, 28.9688, 22.5938, 22.6094,
        25.1875, 24.9688, 22.5625, 23.4844, 24.9375, 27.2031, 21.8750, 24.7500,
        25.9844, 24.5938, 23.1875, 28.3750, 21.7188, 22.5156, 26.7031, 27.5469,
        25.2188, 25.7188, 28.3281, 24.4062, 25.1094, 23.7188, 23.7344, 27.1562,
        21.4844, 28.5312, 24.1094, 23.3125, 22.7656, 25.2031, 28.1094, 31.2344,
        22.2500, 23.0156, 28.7812, 24.7656, 23.7812, 23.0156, 26.8594, 27.9062,
        29.2656, 24.8125, 23.1719, 27.7812, 28.6719, 25.9062, 29.0625, 27.4219,
        24.8281, 27.2656, 28.4375, 27.3906, 24.2500, 28.3906, 23.3125, 23.3906,
        28.2031, 25.3594, 30.5000, 22.3750], device='cuda:0',
       dtype=torch.float16, grad_fn=<SelectBackward0>)
probs shape torch.Size([240, 100])
probs tensor([1.3324e-04, 4.7237e-04, 1.1445e-02, 5.8453e-03, 1.5248e-03, 2.1170e-03,
        2.1504e-03, 6.1609e-04, 6.7279e-03, 1.0000e-03, 3.8334e-03, 1.3117e-04,
        9.0534e-03, 1.3805e-02, 5.3222e-03, 1.0540e-04, 9.7479e-05, 5.2919e-02,
        5.5458e-02, 7.6237e-03, 2.0723e-02, 2.5682e-04, 1.0813e-03, 7.7112e-05,
        1.2252e-03, 5.3222e-03, 3.2097e-02, 6.5859e-02, 5.7219e-02, 8.5896e-02,
        1.9468e-02, 2.7339e-04, 3.9778e-04, 1.0420e-02, 2.0433e-05, 1.4633e-04,
        7.3471e-02, 1.7451e-02, 2.9730e-05, 3.0198e-05, 3.9778e-04, 3.1962e-04,
        2.8815e-05, 7.2440e-05, 3.0979e-04, 2.9855e-03, 1.4489e-05, 2.5682e-04,
        8.8251e-04, 2.1967e-04, 5.3833e-05, 9.6372e-03, 1.2393e-05, 2.7495e-05,
        1.8108e-03, 4.2102e-03, 4.1040e-04, 6.7664e-04, 9.1959e-03, 1.8212e-04,
        3.6788e-04, 9.1573e-05, 9.3015e-05, 2.8488e-03, 9.8038e-06, 1.1267e-02,
        1.3534e-04, 6.1001e-05, 3.5305e-05, 4.0404e-04, 7.3891e-03, 1.6818e-01,
        2.1081e-05, 4.5332e-05, 1.4467e-02, 2.6087e-04, 9.7479e-05, 4.5332e-05,
        2.1170e-03, 6.0308e-03, 2.3483e-02, 2.7339e-04, 5.2999e-05, 5.3222e-03,
        1.2968e-02, 8.1618e-04, 1.9166e-02, 3.7155e-03, 2.7769e-04, 3.1780e-03,
        1.0259e-02, 3.6012e-03, 1.5577e-04, 9.7890e-03, 6.1001e-05, 6.5958e-05,
        8.1154e-03, 4.7237e-04, 8.0692e-02, 2.3888e-05], device='cuda:0',
       grad_fn=<SelectBackward0>)
probs reshaped torch.Size([1, 240, 100])
probs tensor([[24.0938, 25.3594, 28.5469,  ..., 25.3594, 30.5000, 22.3750],
        [24.2188, 25.9375, 29.0469,  ..., 25.6406, 30.8750, 22.7344],
        [22.0938, 23.7969, 27.6875,  ..., 24.2188, 29.4375, 21.7656],
        ...,
        [25.3594, 26.4375, 27.1094,  ..., 25.5938, 27.5781, 23.1562],
        [25.6875, 26.5938, 27.1562,  ..., 25.9062, 27.8438, 23.4375],
        [23.8438, 24.7812, 26.6406,  ..., 24.7188, 27.3125, 22.1094]],
       device='cuda:0', dtype=torch.float16, grad_fn=<SelectBackward0>)
img shape torch.Size([1, 240, 3, 224, 224])
img shape torch.Size([1, 240, 3, 224, 224])
shape of clip output torch.Size([240, 100]) torch.Size([100, 240])
logits_per_image tensor([23.3594, 25.3438, 27.7344, 28.2031, 27.1250, 25.9844, 26.4688, 25.0469,
        26.5312, 25.6406, 28.1875, 24.3281, 28.1094, 26.0781, 22.6094, 24.5781,
        22.8594, 28.2500, 31.1250, 29.3750, 23.3594, 24.0781, 26.8438, 23.1719,
        25.1094, 28.7969, 27.2969, 30.4219, 29.0938, 28.5156, 27.7500, 24.2969,
        23.2031, 28.1094, 23.1719, 24.3281, 30.0938, 29.1719, 20.1719, 24.9375,
        24.6406, 24.8281, 20.8594, 22.2656, 22.7500, 26.6094, 21.4062, 22.3750,
        26.2500, 24.0469, 23.2812, 25.2500, 22.2344, 21.9531, 26.4375, 27.9844,
        23.3594, 24.9219, 24.8438, 23.6094, 22.3438, 21.5156, 23.6094, 27.9219,
        23.5781, 27.2344, 23.2500, 22.3750, 22.7656, 26.0312, 30.1406, 29.8281,
        19.8125, 21.6562, 26.3438, 23.4062, 23.6094, 20.6875, 22.8125, 29.0312,
        23.9688, 25.1094, 22.9844, 30.1094, 26.7344, 22.5938, 27.7344, 25.9375,
        25.5625, 27.3438, 25.4219, 27.7188, 22.6875, 28.4375, 25.7500, 21.3594,
        27.7031, 26.7031, 28.4688, 22.3125], device='cuda:1',
       dtype=torch.float16, grad_fn=<SelectBackward0>)
probs shape torch.Size([240, 100])
probs tensor([9.4057e-05, 6.8422e-04, 7.4719e-03, 1.1940e-02, 4.0624e-03, 1.2984e-03,
        2.1075e-03, 5.0847e-04, 2.2435e-03, 9.2072e-04, 1.1755e-02, 2.4781e-04,
        1.0872e-02, 1.4260e-03, 4.4430e-05, 3.1819e-04, 5.7049e-05, 1.2513e-02,
        2.2180e-01, 3.8543e-02, 9.4057e-05, 1.9299e-04, 3.0665e-03, 7.7976e-05,
        5.4126e-04, 2.1621e-02, 4.8242e-03, 1.0980e-01, 2.9094e-02, 1.6320e-02,
        7.5896e-03, 2.4018e-04, 8.0451e-05, 1.0872e-02, 7.7976e-05, 2.4781e-04,
        7.9085e-02, 3.1458e-02, 3.8822e-06, 4.5579e-04, 3.3871e-04, 4.0857e-04,
        7.7207e-06, 3.1505e-05, 5.1138e-05, 2.4258e-03, 1.3340e-05, 3.5147e-05,
        1.6935e-03, 1.8706e-04, 8.6989e-05, 6.2299e-04, 3.0536e-05, 2.3050e-05,
        2.0427e-03, 9.5941e-03, 9.4057e-05, 4.4872e-04, 4.1500e-04, 1.2077e-04,
        3.4065e-05, 1.4882e-05, 1.2077e-04, 9.0128e-03, 1.1706e-04, 4.5319e-03,
        8.4312e-05, 3.5147e-05, 5.1943e-05, 1.3607e-03, 8.2880e-02, 6.0637e-02,
        2.7102e-06, 1.7129e-05, 1.8599e-03, 9.8571e-05, 1.2077e-04, 6.5015e-06,
        5.4436e-05, 2.7331e-02, 1.7300e-04, 5.4126e-04, 6.4645e-05, 8.0330e-02,
        2.7488e-03, 4.3741e-05, 7.4719e-03, 1.2390e-03, 8.5153e-04, 5.0557e-03,
        7.3982e-04, 7.3561e-03, 4.8040e-05, 1.5094e-02, 1.0271e-03, 1.2729e-05,
        7.2420e-03, 2.6642e-03, 1.5573e-02, 3.3017e-05], device='cuda:1',
       grad_fn=<SelectBackward0>)
probs reshaped torch.Size([1, 240, 100])
probs tensor([[23.3594, 25.3438, 27.7344,  ..., 26.7031, 28.4688, 22.3125],
        [23.2031, 25.9062, 27.9531,  ..., 26.3750, 27.9375, 22.1562],
        [23.5938, 26.5000, 28.2969,  ..., 26.7344, 28.5156, 22.3594],
        ...,
        [26.8281, 27.2969, 23.4062,  ..., 25.7031, 23.1250, 25.3125],
        [26.0625, 26.1562, 23.8125,  ..., 25.8281, 22.4688, 24.6875],
        [26.2344, 25.8750, 23.3906,  ..., 25.2656, 22.0156, 24.0156]],
       device='cuda:1', dtype=torch.float16, grad_fn=<SelectBackward0>)
shape of clip output torch.Size([240, 100]) torch.Size([100, 240])
logits_per_image tensor([23.3438, 24.7656, 27.2031, 26.6250, 27.0938, 24.6250, 25.5156, 24.1562,
        25.7812, 25.6875, 25.7344, 21.5000, 26.3594, 28.2812, 24.8906, 22.7812,
        22.3281, 29.3125, 29.3906, 27.0000, 24.7969, 23.3906, 23.9844, 22.1719,
        25.0312, 28.2031, 29.5156, 31.3906, 30.1406, 28.9844, 28.7188, 24.8125,
        24.7344, 27.9062, 22.0625, 24.7188, 30.9688, 28.6562, 20.4531, 24.1250,
        24.2812, 23.7969, 21.9219, 22.2969, 23.0156, 26.0781, 21.5156, 22.4844,
        26.1875, 24.9688, 22.8125, 26.2031, 21.5781, 21.0312, 26.2656, 26.0156,
        23.8125, 24.3281, 25.8438, 23.3281, 22.3438, 23.4062, 22.5625, 26.7656,
        21.9219, 26.5781, 23.2656, 22.3125, 21.9844, 25.1406, 27.1875, 30.6406,
        20.9531, 21.9688, 26.7500, 23.4375, 22.9688, 20.7188, 26.6719, 26.2344,
        24.2969, 25.6562, 22.4688, 26.8906, 28.6094, 24.4844, 26.8750, 25.4844,
        24.7500, 26.9531, 28.3906, 25.9688, 22.1406, 26.8281, 23.1562, 20.9219,
        26.4688, 24.8438, 30.7344, 21.1562], device='cuda:0',
       dtype=torch.float16, grad_fn=<SelectBackward0>)
probs shape torch.Size([240, 100])
probs tensor([7.9080e-05, 3.2778e-04, 3.7512e-03, 2.1042e-03, 3.3626e-03, 2.8478e-04,
        6.9391e-04, 1.7821e-04, 9.0502e-04, 8.2403e-04, 8.6358e-04, 1.2512e-05,
        1.6134e-03, 1.1025e-02, 3.7142e-04, 4.5058e-05, 2.8641e-05, 3.0922e-02,
        3.3434e-02, 3.0617e-03, 3.3818e-04, 8.2875e-05, 1.5007e-04, 2.4498e-05,
        4.2750e-04, 1.0197e-02, 3.7886e-02, 2.4705e-01, 7.0780e-02, 2.2272e-02,
        1.7077e-02, 3.4351e-04, 3.1769e-04, 7.5777e-03, 2.1960e-05, 3.1277e-04,
        1.6202e-01, 1.6042e-02, 4.3922e-06, 1.7273e-04, 2.0194e-04, 1.2441e-04,
        1.9079e-05, 2.7760e-05, 5.6959e-05, 1.2178e-03, 1.2709e-05, 3.3485e-05,
        1.3586e-03, 4.0160e-04, 4.6489e-05, 1.3800e-03, 1.3529e-05, 7.8300e-06,
        1.4690e-03, 1.1441e-03, 1.2637e-04, 2.1163e-04, 9.6339e-04, 7.7854e-05,
        2.9092e-05, 8.4180e-05, 3.6205e-05, 2.4220e-03, 1.9079e-05, 2.0079e-03,
        7.3137e-05, 2.8197e-05, 2.0309e-05, 4.7691e-04, 3.6931e-03, 1.1670e-01,
        7.2416e-06, 1.9995e-05, 2.3844e-03, 8.6852e-05, 5.4351e-05, 5.7285e-06,
        2.2052e-03, 1.4238e-03, 2.0512e-04, 7.9868e-04, 3.2965e-05, 2.7444e-03,
        1.5307e-02, 2.4742e-04, 2.7019e-03, 6.7256e-04, 3.2270e-04, 2.9215e-03,
        1.2300e-02, 1.0917e-03, 2.3744e-05, 2.5782e-03, 6.5560e-05, 7.0188e-06,
        1.7999e-03, 3.5441e-04, 1.2817e-01, 8.8725e-06], device='cuda:0',
       grad_fn=<SelectBackward0>)
probs reshaped torch.Size([1, 240, 100])
probs tensor([[23.3438, 24.7656, 27.2031,  ..., 24.8438, 30.7344, 21.1562],
        [24.4844, 26.2656, 27.9688,  ..., 26.6094, 31.5312, 23.5000],
        [25.8906, 27.1562, 28.5156,  ..., 26.8438, 33.1250, 23.5156],
        ...,
        [23.0469, 24.8281, 28.3125,  ..., 25.3750, 31.4219, 21.6875],
        [22.7500, 24.5625, 28.1094,  ..., 24.9531, 31.2031, 20.6562],
        [23.1875, 25.1250, 28.5469,  ..., 25.5469, 30.8750, 21.6719]],
       device='cuda:0', dtype=torch.float16, grad_fn=<SelectBackward0>)
img shape torch.Size([1, 240, 3, 224, 224])
img shape torch.Size([1, 240, 3, 224, 224])
shape of clip output torch.Size([240, 100]) torch.Size([100, 240])
logits_per_image tensor([28.1250, 28.0000, 25.6562, 25.2344, 26.9531, 26.5312, 30.5781, 28.0469,
        26.5156, 27.7500, 26.9688, 23.3438, 27.8594, 24.9375, 24.5625, 28.7656,
        26.7188, 25.0156, 29.2344, 27.6875, 22.4844, 27.4844, 23.4688, 26.6406,
        28.1562, 24.0625, 26.0938, 26.0469, 24.8906, 25.6875, 25.2656, 27.9219,
        27.0312, 25.9375, 25.9531, 27.9531, 25.5156, 27.1719, 24.9531, 27.4531,
        26.5625, 29.0781, 25.6250, 26.3906, 27.5312, 28.7812, 24.4219, 27.9375,
        29.1250, 27.4844, 26.5781, 23.3125, 26.4219, 26.1875, 29.0625, 25.5469,
        27.6562, 27.1875, 25.4219, 26.5938, 27.4062, 25.2656, 26.9375, 26.6562,
        28.5000, 24.8594, 25.3125, 27.0469, 27.6719, 28.6094, 27.0781, 27.4062,
        24.8906, 24.7500, 24.4531, 26.4375, 27.3281, 26.7031, 26.3125, 27.5781,
        24.3281, 28.4688, 26.0938, 27.8281, 24.7500, 31.2500, 29.5156, 29.6250,
        28.9688, 29.6719, 22.5781, 26.2188, 27.9688, 26.9531, 29.4375, 24.7188,
        25.5312, 26.7188, 25.7656, 25.8125], device='cuda:1',
       dtype=torch.float16, grad_fn=<SelectBackward0>)
probs shape torch.Size([240, 100])
probs tensor([1.0353e-02, 9.1363e-03, 8.7678e-04, 5.7501e-04, 3.2071e-03, 2.1033e-03,
        1.2035e-01, 9.5747e-03, 2.0707e-03, 7.1153e-03, 3.2576e-03, 8.6813e-05,
        7.9377e-03, 4.2731e-04, 2.9368e-04, 1.9646e-02, 2.5371e-03, 4.6203e-04,
        3.1394e-02, 6.6842e-03, 3.6759e-05, 5.4555e-03, 9.8372e-05, 2.3464e-03,
        1.0681e-02, 1.7813e-04, 1.3580e-03, 1.2958e-03, 4.0774e-04, 9.0461e-04,
        5.9326e-04, 8.4497e-03, 3.4677e-03, 1.1615e-03, 1.1798e-03, 8.7179e-03,
        7.6176e-04, 3.9913e-03, 4.3404e-04, 5.2877e-03, 2.1701e-03, 2.6853e-02,
        8.4981e-04, 1.8274e-03, 5.7173e-03, 1.9955e-02, 2.5516e-04, 8.5827e-03,
        2.8142e-02, 5.4555e-03, 2.2042e-03, 8.4142e-05, 1.8854e-03, 1.4915e-03,
        2.6437e-02, 7.8594e-04, 6.4786e-03, 4.0542e-03, 6.9359e-04, 2.2389e-03,
        5.0455e-03, 5.9326e-04, 3.1574e-03, 2.3833e-03, 1.5063e-02, 3.9520e-04,
        6.2173e-04, 3.5223e-03, 6.5806e-03, 1.6804e-02, 3.6342e-03, 5.0455e-03,
        4.0774e-04, 3.5425e-04, 2.6326e-04, 1.9151e-03, 4.6663e-03, 2.4977e-03,
        1.6900e-03, 5.9917e-03, 2.3232e-04, 1.4600e-02, 1.3580e-03, 7.6935e-03,
        3.5425e-04, 2.3563e-01, 4.1591e-02, 4.6398e-02, 2.4071e-02, 4.8624e-02,
        4.0372e-05, 1.5388e-03, 8.8552e-03, 3.2071e-03, 3.8465e-02, 3.4335e-04,
        7.7376e-04, 2.5371e-03, 9.7812e-04, 1.0251e-03], device='cuda:1',
       grad_fn=<SelectBackward0>)
probs reshaped torch.Size([1, 240, 100])
probs tensor([[28.1250, 28.0000, 25.6562,  ..., 26.7188, 25.7656, 25.8125],
        [28.3750, 28.2031, 26.5469,  ..., 27.0469, 26.6250, 25.6250],
        [28.4844, 28.2969, 26.4531,  ..., 26.2812, 26.5781, 25.2031],
        ...,
        [25.2812, 28.4375, 28.4531,  ..., 27.6719, 28.1719, 23.4062],
        [22.0625, 24.6875, 28.3594,  ..., 26.3438, 26.7500, 19.4375],
        [23.8281, 27.0625, 29.4844,  ..., 26.9062, 29.0469, 21.5469]],
       device='cuda:1', dtype=torch.float16, grad_fn=<SelectBackward0>)
shape of clip output torch.Size([240, 100]) torch.Size([100, 240])
logits_per_image tensor([27.5625, 28.7344, 25.1406, 25.5312, 27.2656, 26.4844, 30.2188, 27.4844,
        22.5312, 28.6562, 27.0625, 24.3906, 27.3906, 23.5625, 25.1094, 27.7500,
        24.9688, 26.7812, 27.8281, 26.2031, 22.7500, 27.7188, 24.0156, 27.0000,
        28.6719, 24.5000, 25.1719, 26.2500, 25.6094, 24.9375, 25.4531, 28.7969,
        28.0625, 23.6875, 27.7188, 28.3281, 25.4375, 27.5625, 24.2500, 24.9531,
        27.3125, 28.2812, 26.0469, 26.0781, 26.4375, 28.2344, 24.8438, 26.4844,
        30.3906, 28.0312, 27.3750, 22.1250, 27.8750, 26.7344, 29.8750, 23.5781,
        26.8594, 28.3438, 25.0625, 27.2188, 25.4844, 26.4375, 27.1875, 27.0469,
        28.1406, 24.5156, 26.2656, 27.6406, 27.0156, 28.8438, 24.9688, 26.1094,
        25.0781, 25.3906, 23.3438, 26.4062, 27.6250, 26.8594, 25.4219, 26.9375,
        23.7031, 29.4219, 26.5781, 25.9531, 23.5781, 30.1250, 28.7812, 29.2031,
        28.8438, 30.2969, 22.9688, 24.5469, 26.1562, 25.0312, 28.2812, 25.0312,
        23.9375, 27.5938, 24.5469, 26.2500], device='cuda:0',
       dtype=torch.float16, grad_fn=<SelectBackward0>)
probs shape torch.Size([240, 100])
probs tensor([6.7532e-03, 2.1800e-02, 5.9938e-04, 8.8583e-04, 5.0186e-03, 2.2977e-03,
        9.6185e-02, 6.2457e-03, 4.4103e-05, 2.0161e-02, 4.0960e-03, 2.8313e-04,
        5.6868e-03, 1.2369e-04, 5.8094e-04, 8.1460e-03, 5.0473e-04, 3.0919e-03,
        8.8079e-03, 1.7344e-03, 5.4887e-05, 7.8953e-03, 1.9459e-04, 3.8479e-03,
        2.0479e-02, 3.1585e-04, 6.1841e-04, 1.8176e-03, 9.5781e-04, 4.8920e-04,
        8.1926e-04, 2.3206e-02, 1.1134e-02, 1.4016e-04, 7.8953e-03, 1.4522e-02,
        8.0656e-04, 6.7532e-03, 2.4599e-04, 4.9691e-04, 5.2594e-03, 1.3857e-02,
        1.4835e-03, 1.5306e-03, 2.1925e-03, 1.3222e-02, 4.4542e-04, 2.2977e-03,
        1.1422e-01, 1.0792e-02, 5.5986e-03, 2.9379e-05, 9.2306e-03, 2.9503e-03,
        6.8205e-02, 1.2564e-04, 3.3431e-03, 1.4750e-02, 5.5434e-04, 4.7888e-03,
        8.4527e-04, 2.1925e-03, 4.6414e-03, 4.0325e-03, 1.2039e-02, 3.2083e-04,
        1.8462e-03, 7.3020e-03, 3.9085e-03, 2.4319e-02, 5.0473e-04, 1.5792e-03,
        5.6307e-04, 7.6962e-04, 9.9388e-05, 2.1250e-03, 7.1888e-03, 3.3431e-03,
        7.9405e-04, 3.6147e-03, 1.4237e-04, 4.3354e-02, 2.5235e-03, 1.3507e-03,
        1.2564e-04, 8.7577e-02, 2.2846e-02, 3.4836e-02, 2.4319e-02, 1.0400e-01,
        6.8308e-05, 3.3101e-04, 1.6550e-03, 5.3728e-04, 1.3857e-02, 5.3728e-04,
        1.7997e-04, 6.9676e-03, 3.3101e-04, 1.8176e-03], device='cuda:0',
       grad_fn=<SelectBackward0>)
probs reshaped torch.Size([1, 240, 100])
probs tensor([[27.5625, 28.7344, 25.1406,  ..., 27.5938, 24.5469, 26.2500],
        [27.1406, 28.3594, 25.7656,  ..., 27.6250, 25.4844, 25.2344],
        [26.7656, 28.4844, 25.1719,  ..., 28.2031, 24.3906, 25.5781],
        ...,
        [28.0625, 27.9531, 25.5312,  ..., 27.1875, 26.3438, 26.2188],
        [28.0312, 27.7969, 25.5469,  ..., 26.6875, 25.9531, 25.7500],
        [27.5156, 27.4844, 25.5156,  ..., 26.7500, 25.7188, 25.2188]],
       device='cuda:0', dtype=torch.float16, grad_fn=<SelectBackward0>)
img shape torch.Size([1, 240, 3, 224, 224])
img shape torch.Size([1, 240, 3, 224, 224])
shape of clip output torch.Size([240, 100]) torch.Size([100, 240])
logits_per_image tensor([23.6875, 25.5312, 28.3750, 27.7656, 26.4531, 25.8750, 26.3125, 24.5781,
        26.7344, 26.2656, 28.4688, 24.2344, 28.6875, 26.8594, 28.2656, 24.0625,
        22.5000, 32.2500, 30.6875, 28.4062, 23.9219, 23.4844, 26.0156, 22.6094,
        25.8750, 28.1719, 28.0938, 30.9062, 30.1562, 28.6875, 27.8438, 24.3281,
        23.4375, 28.0625, 21.6094, 24.0156, 29.1719, 28.9688, 19.3906, 23.4219,
        24.6250, 24.0938, 20.5781, 21.4375, 22.5469, 26.0000, 21.8438, 22.9375,
        26.8438, 23.1094, 22.1250, 27.1719, 20.9688, 21.1562, 26.1719, 28.2031,
        24.3125, 24.2656, 28.5625, 24.2656, 22.2344, 21.9844, 21.6562, 27.5469,
        22.2188, 27.7344, 22.2656, 22.5156, 22.6250, 25.2344, 29.0625, 29.6562,
        20.7031, 21.5000, 27.4375, 22.7031, 22.7188, 22.6406, 23.3750, 27.2969,
        25.1094, 24.2031, 22.3594, 28.7812, 27.6094, 27.1875, 27.5781, 25.7188,
        24.7656, 27.8438, 25.9531, 27.5156, 22.0469, 28.3906, 24.0938, 21.0781,
        28.1094, 26.5156, 27.1406, 21.1094], device='cuda:1',
       dtype=torch.float16, grad_fn=<SelectBackward0>)
probs shape torch.Size([240, 100])
probs tensor([8.4704e-05, 5.3535e-04, 9.1973e-03, 5.0005e-03, 1.3459e-03, 7.5496e-04,
        1.1693e-03, 2.0639e-04, 1.7830e-03, 1.1158e-03, 1.0101e-02, 1.4636e-04,
        1.2571e-02, 2.0204e-03, 8.2444e-03, 1.2324e-04, 2.5833e-05, 4.4315e-01,
        9.2889e-02, 9.4892e-03, 1.0708e-04, 6.9133e-05, 8.6895e-04, 2.8819e-05,
        7.5496e-04, 7.5066e-03, 6.9425e-03, 1.1560e-01, 5.4607e-02, 1.2571e-02,
        5.4068e-03, 1.6074e-04, 6.5967e-05, 6.7289e-03, 1.0602e-05, 1.1760e-04,
        2.0405e-02, 1.6654e-02, 1.1529e-06, 6.4945e-05, 2.1630e-04, 1.2716e-04,
        3.7802e-06, 8.9277e-06, 2.7073e-05, 8.5548e-04, 1.3402e-05, 4.0011e-05,
        1.9890e-03, 4.7515e-05, 1.7755e-05, 2.7615e-03, 5.5868e-06, 6.7390e-06,
        1.0159e-03, 7.7449e-03, 1.5825e-04, 1.5100e-04, 1.1094e-02, 1.5100e-04,
        1.9807e-05, 1.5426e-05, 1.1111e-05, 4.0180e-03, 1.9500e-05, 4.8466e-03,
        2.0436e-05, 2.6240e-05, 2.9273e-05, 3.9783e-04, 1.8291e-02, 3.3121e-02,
        4.2836e-06, 9.5035e-06, 3.6017e-03, 3.1652e-05, 3.2150e-05, 2.9734e-05,
        6.1971e-05, 3.1292e-03, 3.5109e-04, 1.4185e-04, 2.2444e-05, 1.3807e-02,
        4.2771e-03, 2.8050e-03, 4.1455e-03, 6.4575e-04, 2.4896e-04, 5.4068e-03,
        8.1630e-04, 3.8944e-03, 1.6421e-05, 9.3421e-03, 1.2716e-04, 6.2326e-06,
        7.0518e-03, 1.4327e-03, 2.6766e-03, 6.4304e-06], device='cuda:1',
       grad_fn=<SelectBackward0>)
probs reshaped torch.Size([1, 240, 100])
probs tensor([[23.6875, 25.5312, 28.3750,  ..., 26.5156, 27.1406, 21.1094],
        [23.8594, 25.3281, 28.1406,  ..., 26.7031, 27.5312, 21.5625],
        [24.3594, 25.7969, 28.1250,  ..., 27.2031, 27.5156, 22.2500],
        ...,
        [23.6250, 25.1250, 29.0938,  ..., 25.6875, 28.0938, 20.9375],
        [22.9531, 24.3906, 28.4531,  ..., 25.6250, 27.6094, 21.1406],
        [23.0625, 24.5781, 28.8594,  ..., 25.6406, 27.9531, 21.1875]],
       device='cuda:1', dtype=torch.float16, grad_fn=<SelectBackward0>)
shape of clip output torch.Size([240, 100]) torch.Size([100, 240])
logits_per_image tensor([23.8438, 25.0156, 25.5312, 24.8906, 26.0781, 25.7188, 27.0000, 25.8906,
        24.9219, 25.1875, 26.3281, 25.5469, 28.0000, 24.4844, 27.9844, 26.4688,
        23.2656, 27.2188, 26.3125, 26.2500, 22.6875, 24.7656, 26.8125, 24.0625,
        25.5469, 23.2969, 24.7656, 25.0938, 24.0938, 25.2031, 23.7969, 24.0312,
        25.0625, 26.1875, 21.9375, 25.0625, 24.6094, 25.6719, 21.7812, 21.6250,
        24.6406, 26.0625, 22.3594, 24.5000, 25.1406, 25.3125, 23.6094, 25.2500,
        25.8750, 24.0000, 24.1719, 23.8906, 22.1719, 23.5781, 25.7031, 25.1719,
        24.2656, 25.0625, 26.6094, 24.5625, 24.4375, 24.9688, 25.0938, 25.9688,
        23.9844, 25.4531, 24.2812, 24.7031, 23.2656, 25.2500, 26.2031, 25.5156,
        23.2812, 24.7188, 25.4531, 24.3594, 23.7969, 23.8906, 22.1406, 25.0469,
        22.0469, 24.3125, 23.3125, 26.4531, 24.3750, 28.9062, 27.5938, 27.2656,
        25.6562, 27.0312, 23.1875, 25.0000, 24.7188, 25.9062, 26.5469, 22.8906,
        24.7031, 26.0469, 24.6406, 23.6562], device='cuda:0',
       dtype=torch.float16, grad_fn=<SelectBackward0>)
probs shape torch.Size([240, 100])
probs tensor([1.2425e-03, 4.0108e-03, 6.7168e-03, 3.5395e-03, 1.1606e-02, 8.1020e-03,
        2.9176e-02, 9.6214e-03, 3.6519e-03, 4.7629e-03, 1.4902e-02, 6.8226e-03,
        7.9310e-02, 2.3578e-03, 7.8080e-02, 1.7152e-02, 6.9697e-04, 3.6311e-02,
        1.4671e-02, 1.3782e-02, 3.9096e-04, 3.1236e-03, 2.4188e-02, 1.5463e-03,
        6.8226e-03, 7.1909e-04, 3.1236e-03, 4.3367e-03, 1.5954e-03, 4.8379e-03,
        1.1856e-03, 1.4987e-03, 4.2033e-03, 1.2947e-02, 1.8468e-04, 4.2033e-03,
        2.6718e-03, 7.7310e-03, 1.5796e-04, 1.3511e-04, 2.7566e-03, 1.1426e-02,
        2.8160e-04, 2.3949e-03, 4.5448e-03, 5.3971e-03, 9.8289e-04, 5.0701e-03,
        9.4722e-03, 1.4526e-03, 1.7250e-03, 1.3021e-03, 2.3346e-04, 9.5265e-04,
        7.9764e-03, 4.6891e-03, 1.8946e-03, 4.2033e-03, 1.9742e-02, 2.5494e-03,
        2.2498e-03, 3.8271e-03, 4.3367e-03, 1.0403e-02, 1.4301e-03, 6.2120e-03,
        1.9244e-03, 2.9344e-03, 6.9697e-04, 5.0701e-03, 1.3151e-02, 6.6127e-03,
        7.0795e-04, 2.9806e-03, 6.2120e-03, 2.0808e-03, 1.1856e-03, 1.3021e-03,
        2.2627e-04, 4.1381e-03, 2.0602e-04, 1.9855e-03, 7.3042e-04, 1.6886e-02,
        2.1135e-03, 1.9629e-01, 5.2832e-02, 3.8053e-02, 7.6111e-03, 3.0103e-02,
        6.4459e-04, 3.9486e-03, 2.9806e-03, 9.7729e-03, 1.8546e-02, 4.7902e-04,
        2.9344e-03, 1.1249e-02, 2.7566e-03, 1.0301e-03], device='cuda:0',
       grad_fn=<SelectBackward0>)
probs reshaped torch.Size([1, 240, 100])
probs tensor([[23.8438, 25.0156, 25.5312,  ..., 26.0469, 24.6406, 23.6562],
        [23.2031, 24.3125, 25.0000,  ..., 25.1719, 23.8906, 22.8281],
        [24.0312, 24.6406, 25.1250,  ..., 25.4219, 24.9531, 23.6250],
        ...,
        [24.5625, 26.4062, 28.6406,  ..., 27.3594, 27.4062, 22.0625],
        [23.5938, 25.3906, 27.8906,  ..., 26.4062, 26.7656, 20.9375],
        [23.6875, 25.2812, 28.3750,  ..., 27.0781, 26.7188, 21.7188]],
       device='cuda:0', dtype=torch.float16, grad_fn=<SelectBackward0>)
img shape torch.Size([1, 240, 3, 224, 224])
shape of clip output torch.Size([240, 100]) torch.Size([100, 240])
logits_per_image tensor([24.6250, 26.5938, 29.1094, 28.1719, 26.6406, 28.3125, 27.5312, 25.5781,
        27.5781, 26.9219, 28.3750, 25.9375, 28.2031, 27.1562, 27.6875, 24.8125,
        24.7812, 31.2344, 30.7344, 28.2031, 27.4531, 24.7188, 27.4062, 22.9219,
        27.0625, 28.5312, 29.8594, 30.9688, 30.6719, 29.3438, 28.6094, 25.5938,
        24.8906, 28.2656, 22.7031, 25.0781, 29.2188, 30.0781, 20.5625, 22.7188,
        25.3438, 24.9531, 22.2812, 23.3906, 23.7188, 26.8281, 22.4844, 23.9375,
        27.2188, 25.2031, 22.5156, 28.7188, 22.5938, 22.4219, 27.6719, 27.2500,
        25.5000, 25.0781, 29.5469, 24.3906, 23.4219, 23.8906, 22.4375, 29.1406,
        23.0000, 28.6719, 23.4531, 24.1875, 23.4375, 25.4062, 28.0312, 30.7969,
        22.0938, 22.9531, 29.0625, 24.1406, 24.5625, 23.5156, 24.4062, 27.1875,
        28.5469, 25.6562, 22.9688, 28.5781, 27.9688, 26.9375, 28.5000, 26.6562,
        25.7188, 28.7031, 28.0312, 27.2969, 23.2656, 28.7344, 24.3594, 22.6406,
        28.4219, 26.5156, 28.7188, 22.4531], device='cuda:0',
       dtype=torch.float16, grad_fn=<SelectBackward0>)
probs shape torch.Size([240, 100])
probs tensor([2.0404e-04, 1.4613e-03, 1.8082e-02, 7.0811e-03, 1.5314e-03, 8.1503e-03,
        3.7315e-03, 5.2923e-04, 3.9105e-03, 2.0288e-03, 8.6759e-03, 7.5809e-04,
        7.3059e-03, 2.5646e-03, 4.3625e-03, 2.4612e-04, 2.3854e-04, 1.5140e-01,
        9.1829e-02, 7.3059e-03, 3.4510e-03, 2.2409e-04, 3.2930e-03, 3.7158e-05,
        2.3351e-03, 1.0143e-02, 3.8280e-02, 1.1608e-01, 8.6265e-02, 2.2858e-02,
        1.0967e-02, 5.3757e-04, 2.6612e-04, 7.7771e-03, 2.9857e-05, 3.2100e-04,
        2.0172e-02, 4.7640e-02, 3.5107e-06, 3.0328e-05, 4.1866e-04, 2.8328e-04,
        1.9581e-05, 5.9379e-05, 8.2439e-05, 1.8472e-03, 2.3991e-05, 1.0260e-04,
        2.7300e-03, 3.6374e-04, 2.4753e-05, 1.2235e-02, 2.6764e-05, 2.2538e-05,
        4.2949e-03, 2.8167e-03, 4.8946e-04, 3.2100e-04, 2.8006e-02, 1.6141e-04,
        6.1263e-05, 9.7899e-05, 2.2892e-05, 1.8656e-02, 4.0178e-05, 1.1675e-02,
        6.3208e-05, 1.3174e-04, 6.2228e-05, 4.4566e-04, 6.1522e-03, 9.7751e-02,
        1.6233e-05, 3.8338e-05, 1.7254e-02, 1.2570e-04, 1.9168e-04, 6.7285e-05,
        1.6395e-04, 2.6460e-03, 1.0303e-02, 5.7224e-04, 3.8941e-05, 1.0630e-02,
        5.7794e-03, 2.0607e-03, 9.8311e-03, 1.5555e-03, 6.0915e-04, 1.2045e-02,
        6.1522e-03, 2.9518e-03, 5.2401e-05, 1.2428e-02, 1.5644e-04, 2.8048e-05,
        9.0923e-03, 1.3514e-03, 1.2235e-02, 2.3253e-05], device='cuda:0',
       grad_fn=<SelectBackward0>)
probs reshaped torch.Size([1, 240, 100])
probs tensor([[24.6250, 26.5938, 29.1094,  ..., 26.5156, 28.7188, 22.4531],
        [23.4375, 24.8750, 29.0938,  ..., 26.2500, 28.2656, 21.2031],
        [23.9375, 25.3750, 28.8438,  ..., 25.9531, 28.0469, 21.7656],
        ...,
        [25.0781, 25.7656, 28.5938,  ..., 26.6406, 30.6875, 21.9844],
        [23.7500, 24.7969, 28.4219,  ..., 26.2188, 30.1562, 20.9688],
        [24.1875, 25.9219, 28.5938,  ..., 26.5625, 30.5000, 22.8125]],
       device='cuda:0', dtype=torch.float16, grad_fn=<SelectBackward0>)
Epoch 0: 100%|█████████████████████████| 35/35 [01:25<00:00,  0.41it/s, v_num=3]
Validation: |                                             | 0/? [00:00<?, ?it/s]
Validation:   0%|                                         | 0/6 [00:00<?, ?it/s]
Validation DataLoader 0:   0%|                            | 0/6 [00:00<?, ?it/s]img shape torch.Size([1, 240, 3, 224, 224])
img shape torch.Size([1, 240, 3, 224, 224])
shape of clip output torch.Size([240, 100]) torch.Size([100, 240])
logits_per_image tensor([25.2656, 25.8281, 27.7031, 27.7969, 26.3281, 27.0781, 28.3281, 26.4219,
        27.2656, 27.6406, 27.7031, 23.7969, 27.6406, 27.5938, 26.4375, 26.2031,
        24.3125, 29.2031, 30.4375, 31.6406, 25.7188, 25.8750, 24.8281, 26.2188,
        26.4062, 28.0312, 28.9219, 30.1406, 29.7188, 27.3750, 28.9375, 26.4375,
        26.4062, 26.7812, 25.3750, 26.2344, 28.5469, 30.2812, 26.5781, 24.6719,
        26.2031, 26.2969, 24.5156, 24.3281, 24.2031, 28.2969, 23.5781, 24.6406,
        28.4844, 25.6250, 27.7656, 27.4844, 24.7656, 25.4844, 28.2344, 26.4531,
        25.1406, 30.7500, 28.0469, 24.9688, 24.5156, 25.3438, 27.9531, 26.9531,
        25.3125, 27.6406, 25.3438, 26.8906, 24.7031, 26.3594, 27.7969, 30.5000,
        22.9844, 23.9688, 28.8594, 25.2656, 26.6562, 23.9375, 25.4375, 27.7969,
        26.5625, 26.4219, 25.8594, 27.5625, 27.3125, 28.4844, 28.1562, 27.9844,
        28.2500, 28.3594, 27.2656, 27.3906, 24.5156, 28.1562, 25.3906, 24.5625,
        26.9688, 25.3594, 28.7656, 25.1094], device='cuda:1',
       dtype=torch.float16)
probs shape torch.Size([240, 100])
probs tensor([4.3142e-04, 7.5716e-04, 4.9373e-03, 5.4226e-03, 1.2483e-03, 2.6428e-03,
        9.2241e-03, 1.3710e-03, 3.1878e-03, 4.6382e-03, 4.9373e-03, 9.9318e-05,
        4.6382e-03, 4.4258e-03, 1.3926e-03, 1.1017e-03, 1.6633e-04, 2.2128e-02,
        7.6035e-02, 2.5324e-01, 6.7872e-04, 7.9350e-04, 2.7854e-04, 1.1190e-03,
        1.3498e-03, 6.8548e-03, 1.6703e-02, 5.6505e-02, 3.7057e-02, 3.5562e-03,
        1.6966e-02, 1.3926e-03, 1.3498e-03, 1.9639e-03, 4.8128e-04, 1.1366e-03,
        1.1480e-02, 6.5036e-02, 1.6029e-03, 2.3825e-04, 1.1017e-03, 1.2099e-03,
        2.0379e-04, 1.6895e-04, 1.4909e-04, 8.9403e-03, 7.9804e-05, 2.3092e-04,
        1.0784e-02, 6.1798e-04, 5.2557e-03, 3.9672e-03, 2.6167e-04, 5.3691e-04,
        8.3987e-03, 1.4146e-03, 3.8072e-04, 1.0393e-01, 6.9627e-03, 3.2060e-04,
        2.0379e-04, 4.6647e-04, 6.3396e-03, 2.3322e-03, 4.5212e-04, 4.6382e-03,
        4.6647e-04, 2.1909e-03, 2.4581e-04, 1.2880e-03, 5.4226e-03, 8.0939e-02,
        4.4072e-05, 1.1794e-04, 1.5691e-02, 4.3142e-04, 1.7332e-03, 1.1431e-04,
        5.1232e-04, 5.4226e-03, 1.5781e-03, 1.3710e-03, 7.8120e-04, 4.2896e-03,
        3.3408e-03, 1.0784e-02, 7.7675e-03, 6.5409e-03, 8.5309e-03, 9.5169e-03,
        3.1878e-03, 3.6122e-03, 2.0379e-04, 7.7675e-03, 4.8886e-04, 2.1357e-04,
        2.3689e-03, 4.7382e-04, 1.4287e-02, 3.6901e-04], device='cuda:1')
probs reshaped torch.Size([1, 240, 100])
probs tensor([[25.2656, 25.8281, 27.7031,  ..., 25.3594, 28.7656, 25.1094],
        [24.5156, 26.1406, 28.9688,  ..., 25.2969, 29.4062, 24.6250],
        [24.4219, 25.2031, 28.2656,  ..., 24.8438, 29.0312, 23.6094],
        ...,
        [24.6250, 25.6562, 27.8438,  ..., 25.9844, 30.1250, 22.2031],
        [24.6094, 26.0938, 27.7344,  ..., 26.7188, 30.6562, 23.1875],
        [25.5625, 27.0312, 27.9688,  ..., 26.7188, 31.2656, 23.5156]],
       device='cuda:1', dtype=torch.float16)
shape of clip output torch.Size([240, 100]) torch.Size([100, 240])
logits_per_image tensor([21.6719, 23.5625, 28.8594, 27.4688, 24.9062, 26.1719, 25.3750, 23.5156,
        27.1094, 24.3750, 26.8125, 23.8281, 24.2656, 25.5938, 27.1562, 21.0312,
        20.5781, 30.2344, 28.7812, 25.6094, 29.7969, 22.4375, 25.7500, 19.7188,
        23.7344, 28.4219, 29.0312, 31.3594, 30.7031, 27.8438, 27.8594, 22.0938,
        22.7344, 26.2812, 18.4219, 22.2188, 31.5000, 29.7656, 16.7812, 19.9062,
        22.7969, 20.7344, 19.8594, 18.8750, 19.7500, 24.4062, 19.8281, 19.8750,
        24.1562, 22.6250, 19.2500, 27.9062, 18.8750, 19.5156, 25.2656, 25.4062,
        21.0312, 22.9062, 27.9531, 21.2031, 18.4531, 21.4219, 20.2031, 25.7031,
        20.3438, 28.5156, 19.6094, 21.0781, 20.3438, 23.7812, 27.5000, 28.9375,
        18.4062, 20.4531, 28.3750, 21.5625, 21.3750, 19.9688, 23.0781, 26.6562,
        32.5625, 22.5938, 19.7812, 27.8750, 26.9062, 24.9375, 25.6094, 22.9688,
        22.7500, 25.0000, 27.8438, 26.1719, 18.0469, 27.5938, 19.6094, 20.7656,
        28.4688, 24.9375, 27.4062, 19.5781], device='cuda:0',
       dtype=torch.float16)
probs shape torch.Size([240, 100])
probs tensor([8.0746e-06, 5.3482e-05, 1.0681e-02, 2.6587e-03, 2.0502e-04, 7.2685e-04,
        3.2762e-04, 5.1033e-05, 1.8561e-03, 1.2052e-04, 1.3793e-03, 6.9754e-05,
        1.0804e-04, 4.0773e-04, 1.9452e-03, 4.2550e-06, 2.7047e-06, 4.2244e-02,
        9.8784e-03, 4.1415e-04, 2.7275e-02, 1.7363e-05, 4.7668e-04, 1.1452e-06,
        6.3512e-05, 6.8962e-03, 1.2684e-02, 1.3012e-01, 6.7506e-02, 3.8684e-03,
        3.9293e-03, 1.2312e-05, 2.3365e-05, 8.1087e-04, 3.1309e-07, 1.3952e-05,
        1.4977e-01, 2.6436e-02, 6.0695e-08, 1.3814e-06, 2.4872e-05, 3.1621e-06,
        1.3181e-06, 4.9256e-07, 1.1816e-06, 1.2435e-04, 1.2776e-06, 1.3389e-06,
        9.6844e-05, 2.0944e-05, 7.1666e-07, 4.1179e-03, 4.9256e-07, 9.3471e-07,
        2.9368e-04, 3.3802e-04, 4.2550e-06, 2.7746e-05, 4.3155e-03, 5.0530e-06,
        3.2303e-07, 6.2885e-06, 1.8589e-06, 4.5485e-04, 2.1396e-06, 7.5740e-03,
        1.0266e-06, 4.4592e-06, 2.1396e-06, 6.6560e-05, 2.7431e-03, 1.1549e-02,
        3.0823e-07, 2.3869e-06, 6.5804e-03, 7.2381e-06, 6.0006e-06, 1.4705e-06,
        3.2950e-05, 1.1798e-03, 4.3337e-01, 2.0300e-05, 1.2191e-06, 3.9912e-03,
        1.5149e-03, 2.1153e-04, 4.1415e-04, 2.9536e-05, 2.3733e-05, 2.2517e-04,
        3.8684e-03, 7.2685e-04, 2.1518e-07, 3.0127e-03, 1.0266e-06, 3.2624e-06,
        7.2272e-03, 2.1153e-04, 2.4976e-03, 9.9499e-07], device='cuda:0')
probs reshaped torch.Size([1, 240, 100])
probs tensor([[21.6719, 23.5625, 28.8594,  ..., 24.9375, 27.4062, 19.5781],
        [22.9375, 24.7031, 29.3438,  ..., 25.9844, 28.9844, 20.6562],
        [22.1250, 24.0000, 29.6406,  ..., 25.2812, 28.6719, 19.9219],
        ...,
        [25.8125, 26.6250, 26.7812,  ..., 26.7500, 26.4375, 23.7188],
        [24.4375, 25.6094, 28.4375,  ..., 26.2344, 28.3750, 21.9688],
        [24.1562, 25.6250, 28.5781,  ..., 26.5469, 28.7031, 22.2500]],
       device='cuda:0', dtype=torch.float16)
img shape torch.Size([1, 240, 3, 224, 224])
img shape torch.Size([1, 240, 3, 224, 224])
shape of clip output torch.Size([240, 100]) torch.Size([100, 240])
logits_per_image tensor([24.5938, 28.3750, 29.4531, 27.0469, 25.3281, 26.1406, 25.6562, 24.7656,
        26.6250, 25.2500, 29.5781, 22.8906, 29.7344, 27.8750, 24.2656, 22.6875,
        24.6094, 26.9062, 30.6719, 28.7031, 26.4844, 22.7812, 24.3125, 22.2344,
        27.2812, 27.4688, 28.4062, 29.0938, 28.2656, 30.4219, 27.5469, 23.4219,
        22.7969, 29.6719, 21.7812, 22.8438, 28.9219, 27.4375, 21.4844, 25.0938,
        24.9375, 24.6406, 22.0625, 23.2031, 23.4062, 27.7969, 21.0156, 22.9531,
        25.2969, 23.3281, 23.2344, 25.2656, 20.4688, 20.9062, 25.6562, 30.6406,
        26.5938, 25.0781, 26.2969, 26.3594, 22.0469, 21.6719, 23.7344, 27.3750,
        20.6719, 30.3750, 24.6250, 21.3125, 24.2656, 25.9219, 29.2500, 31.0469,
        20.6875, 22.5156, 27.5469, 24.1719, 22.0469, 20.4219, 26.2812, 28.4219,
        26.6719, 24.0938, 22.2969, 29.2812, 28.2812, 23.5000, 29.0469, 25.5625,
        23.9062, 28.9844, 25.4375, 29.8125, 23.0312, 28.5938, 24.3125, 23.0469,
        28.1250, 27.0312, 31.3750, 20.3281], device='cuda:1',
       dtype=torch.float16)
probs shape torch.Size([240, 100])
probs tensor([1.9915e-04, 8.7370e-03, 2.5679e-02, 2.3151e-03, 4.1507e-04, 9.3537e-04,
        5.7627e-04, 2.3650e-04, 1.5183e-03, 3.8388e-04, 2.9099e-02, 3.6268e-05,
        3.4020e-02, 5.2992e-03, 1.4344e-04, 2.9601e-05, 2.0229e-04, 2.0114e-03,
        8.6872e-02, 1.2130e-02, 1.3191e-03, 3.2511e-05, 1.5033e-04, 1.8816e-05,
        2.9265e-03, 3.5301e-03, 9.0143e-03, 1.7927e-02, 7.8318e-03, 6.7656e-02,
        3.8169e-03, 6.1694e-05, 3.3023e-05, 3.1959e-02, 1.1960e-05, 3.4607e-05,
        1.5096e-02, 3.4214e-03, 8.8879e-06, 3.2835e-04, 2.8085e-04, 2.0871e-04,
        1.5844e-05, 4.9573e-05, 6.0738e-05, 4.9010e-03, 5.5619e-06, 3.8607e-05,
        4.0230e-04, 5.6173e-05, 5.1146e-05, 3.8992e-04, 3.2190e-06, 4.9857e-06,
        5.7627e-04, 8.4199e-02, 1.4715e-03, 3.2326e-04, 1.0936e-03, 1.1641e-03,
        1.5599e-05, 1.0721e-05, 8.4326e-05, 3.2142e-03, 3.9440e-06, 6.4558e-02,
        2.0547e-04, 7.4844e-06, 1.4344e-04, 7.5159e-04, 2.0959e-02, 1.2640e-01,
        4.0061e-06, 2.4927e-05, 3.8169e-03, 1.3061e-04, 1.5599e-05, 3.0716e-06,
        1.0766e-03, 9.1563e-03, 1.5911e-03, 1.2079e-04, 2.0029e-05, 2.1624e-02,
        7.9551e-03, 6.6708e-05, 1.7106e-02, 5.2470e-04, 1.0014e-04, 1.6070e-02,
        4.6304e-04, 3.6784e-02, 4.1745e-05, 1.0873e-02, 1.5033e-04, 4.2402e-05,
        6.8044e-03, 2.2792e-03, 1.7549e-01, 2.7967e-06], device='cuda:1')
probs reshaped torch.Size([1, 240, 100])
probs tensor([[24.5938, 28.3750, 29.4531,  ..., 27.0312, 31.3750, 20.3281],
        [24.9219, 26.3125, 28.8281,  ..., 25.9688, 32.0625, 21.4844],
        [25.9219, 27.6562, 28.2344,  ..., 26.1406, 30.3750, 22.0156],
        ...,
        [25.9375, 26.7031, 26.9219,  ..., 26.3125, 27.8438, 23.2969],
        [26.2344, 27.7344, 28.3438,  ..., 26.8281, 29.2812, 23.5938],
        [25.4062, 26.2188, 27.5469,  ..., 26.3594, 30.1406, 23.0000]],
       device='cuda:1', dtype=torch.float16)
shape of clip output torch.Size([240, 100]) torch.Size([100, 240])
logits_per_image tensor([26.9688, 27.9531, 27.7500, 26.3125, 27.3750, 26.8125, 29.7188, 26.6562,
        26.6094, 29.4062, 28.5625, 24.9531, 28.5938, 28.2812, 27.3281, 26.9375,
        24.6406, 29.0781, 30.1562, 28.2656, 24.8281, 27.1094, 25.1406, 25.3438,
        28.2500, 26.8125, 29.5938, 29.9219, 28.5156, 27.0625, 28.2969, 28.8438,
        27.4531, 26.0156, 26.7344, 28.2812, 27.4531, 30.0469, 22.7188, 25.4062,
        27.2969, 26.6406, 25.4531, 24.7031, 25.4688, 28.3438, 24.6250, 26.1094,
        30.2656, 27.5000, 25.7344, 27.9062, 26.7500, 25.5469, 30.2656, 25.4844,
        26.4688, 27.8750, 27.0625, 26.8906, 25.4375, 25.6094, 25.2656, 27.5938,
        27.0156, 27.0000, 24.9062, 27.3906, 26.6719, 27.6406, 26.7656, 29.8594,
        23.9219, 24.5625, 27.4844, 25.9688, 27.2031, 25.8438, 27.1719, 27.7500,
        26.6562, 28.7656, 25.8594, 27.2500, 28.6250, 29.4844, 29.4375, 29.0156,
        28.2344, 29.9219, 26.3125, 26.9219, 24.6562, 27.6094, 25.9219, 24.3906,
        26.8750, 27.2500, 27.8906, 25.0781], device='cuda:0',
       dtype=torch.float16)
probs shape torch.Size([240, 100])
probs tensor([2.7847e-03, 7.4522e-03, 6.0823e-03, 1.4447e-03, 4.1803e-03, 2.3819e-03,
        4.3560e-02, 2.0373e-03, 1.9440e-03, 3.1869e-02, 1.3707e-02, 3.7103e-04,
        1.4142e-02, 1.0346e-02, 3.9889e-03, 2.6990e-03, 2.7145e-04, 2.2955e-02,
        6.7467e-02, 1.0186e-02, 3.2743e-04, 3.2052e-03, 4.4754e-04, 5.4834e-04,
        1.0028e-02, 2.3819e-03, 3.8442e-02, 5.3371e-02, 1.3079e-02, 3.0584e-03,
        1.0509e-02, 1.8159e-02, 4.5200e-03, 1.0736e-03, 2.2029e-03, 1.0346e-02,
        4.5200e-03, 6.0477e-02, 3.9722e-05, 5.8370e-04, 3.8662e-03, 2.0057e-03,
        6.1172e-04, 2.8895e-04, 6.2135e-04, 1.1014e-02, 2.6724e-04, 1.1791e-03,
        7.5265e-02, 4.7369e-03, 8.1039e-04, 7.1110e-03, 2.2376e-03, 6.7184e-04,
        7.5265e-02, 6.3114e-04, 1.6890e-03, 6.8922e-03, 3.0584e-03, 2.5754e-03,
        6.0223e-04, 7.1517e-04, 5.0713e-04, 5.2025e-03, 2.9183e-03, 2.8731e-03,
        3.5403e-04, 4.2462e-03, 2.0694e-03, 5.4522e-03, 2.2728e-03, 5.0137e-02,
        1.3229e-04, 2.5105e-04, 4.6635e-03, 1.0244e-03, 3.5202e-03, 9.0406e-04,
        3.4119e-03, 6.0823e-03, 2.0373e-03, 1.6794e-02, 9.1830e-04, 3.6891e-03,
        1.4591e-02, 3.4459e-02, 3.2881e-02, 2.1564e-02, 9.8726e-03, 5.3371e-02,
        1.4447e-03, 2.6572e-03, 2.7572e-04, 5.2844e-03, 9.7752e-04, 2.1140e-04,
        2.5355e-03, 3.6891e-03, 7.0007e-03, 4.2043e-04], device='cuda:0')
probs reshaped torch.Size([1, 240, 100])
probs tensor([[26.9688, 27.9531, 27.7500,  ..., 27.2500, 27.8906, 25.0781],
        [27.2031, 27.3125, 27.5000,  ..., 25.3438, 28.4062, 25.2500],
        [27.7656, 28.1719, 26.3906,  ..., 27.0625, 28.2656, 26.9219],
        ...,
        [25.7344, 27.0469, 28.5781,  ..., 27.1719, 28.7812, 24.3906],
        [25.9688, 26.9219, 28.8906,  ..., 26.9688, 29.5156, 24.3750],
        [26.7031, 27.9688, 29.2969,  ..., 27.6094, 30.3438, 24.8750]],
       device='cuda:0', dtype=torch.float16)
img shape torch.Size([1, 240, 3, 224, 224])
img shape torch.Size([1, 240, 3, 224, 224])
shape of clip output torch.Size([240, 100]) torch.Size([100, 240])
logits_per_image tensor([21.9375, 23.5156, 28.5312, 27.4531, 26.6875, 26.4219, 25.2500, 22.9688,
        25.5938, 24.6250, 27.7031, 23.9062, 27.4688, 27.2188, 27.0781, 22.4375,
        20.2812, 34.0000, 30.2344, 27.6406, 27.2344, 21.1094, 25.8594, 21.7812,
        23.9219, 28.0469, 28.7969, 30.6406, 30.0938, 29.7969, 28.0000, 22.0000,
        22.6875, 28.7188, 20.1875, 21.9688, 29.8125, 28.6094, 18.0469, 22.1250,
        23.3125, 23.2656, 20.2344, 20.4688, 21.7500, 25.8125, 20.6562, 21.4375,
        24.7031, 22.7344, 21.4062, 25.7969, 19.7500, 20.1562, 24.4062, 26.9844,
        21.4375, 23.8125, 28.0781, 22.3438, 19.5781, 21.7969, 21.1719, 27.6094,
        20.2812, 27.6875, 21.6406, 21.2344, 21.6562, 24.4844, 28.7031, 29.7188,
        20.5469, 21.0000, 27.2656, 21.9062, 21.7344, 21.0625, 23.3594, 27.3281,
        26.4844, 23.0781, 20.5156, 28.7812, 27.7500, 24.2344, 27.3750, 24.6875,
        23.4062, 26.5000, 27.2656, 27.6250, 20.2344, 28.6719, 23.4844, 20.0781,
        28.4062, 26.1719, 28.8750, 19.7969], device='cuda:1',
       dtype=torch.float16)
probs shape torch.Size([240, 100])
probs tensor([4.8036e-06, 2.3278e-05, 3.5091e-03, 1.1939e-03, 5.5522e-04, 4.2570e-04,
        1.3188e-04, 1.3472e-05, 1.8598e-04, 7.0589e-05, 1.5330e-03, 3.4402e-05,
        1.2127e-03, 9.4447e-04, 8.2057e-04, 7.9198e-06, 9.1679e-07, 8.3223e-01,
        1.9269e-02, 1.4401e-03, 9.5934e-04, 2.0985e-06, 2.4256e-04, 4.1088e-06,
        3.4944e-05, 2.1619e-03, 4.5767e-03, 2.8926e-02, 1.6741e-02, 1.2441e-02,
        2.0629e-03, 5.1134e-06, 1.0169e-05, 4.2328e-03, 8.3474e-07, 4.9561e-06,
        1.2637e-02, 3.7943e-03, 9.8150e-08, 5.7943e-06, 1.8999e-05, 1.8129e-05,
        8.7480e-07, 1.1059e-06, 3.9823e-06, 2.3145e-04, 1.3339e-06, 2.9135e-06,
        7.6325e-05, 1.0657e-05, 2.8239e-06, 2.2786e-04, 5.3895e-07, 8.0906e-07,
        5.6720e-05, 7.4713e-04, 2.9135e-06, 3.1324e-05, 2.2305e-03, 7.2111e-06,
        4.5384e-07, 4.1735e-06, 2.2339e-06, 1.3958e-03, 9.1679e-07, 1.5093e-03,
        3.5697e-06, 2.3780e-06, 3.6260e-06, 6.1328e-05, 4.1672e-03, 1.1506e-02,
        1.1957e-06, 1.8811e-06, 9.8979e-04, 4.6558e-06, 3.9206e-06, 2.0024e-06,
        1.9910e-05, 1.0536e-03, 4.5316e-04, 1.5029e-05, 1.1589e-06, 4.5058e-03,
        1.6066e-03, 4.7763e-05, 1.1042e-03, 7.5141e-05, 2.0866e-05, 4.6030e-04,
        9.8979e-04, 1.4178e-03, 8.7480e-07, 4.0390e-03, 2.2561e-05, 7.4826e-07,
        3.0968e-03, 3.3154e-04, 4.9486e-03, 5.6482e-07], device='cuda:1')
probs reshaped torch.Size([1, 240, 100])
probs tensor([[21.9375, 23.5156, 28.5312,  ..., 26.1719, 28.8750, 19.7969],
        [22.5000, 23.9219, 28.1875,  ..., 26.0312, 29.1094, 20.7031],
        [22.1562, 23.4688, 27.7500,  ..., 25.4844, 28.1719, 20.5312],
        ...,
        [20.8438, 22.4531, 28.1875,  ..., 26.1094, 28.0000, 18.7969],
        [19.4219, 21.4062, 27.1875,  ..., 26.1562, 28.0625, 17.7031],
        [21.1562, 22.8438, 28.4062,  ..., 26.4688, 28.4688, 18.9375]],
       device='cuda:1', dtype=torch.float16)
shape of clip output torch.Size([240, 100]) torch.Size([100, 240])
logits_per_image tensor([24.4844, 25.7188, 28.8281, 28.4375, 26.7188, 28.2656, 27.1875, 25.7500,
        26.7344, 25.5625, 29.1250, 25.9375, 28.3906, 26.2812, 25.1094, 24.0312,
        24.1250, 29.2344, 30.1562, 29.9531, 28.5312, 24.5156, 27.7656, 23.2656,
        25.8281, 27.6875, 29.0469, 29.6562, 29.1250, 29.9688, 28.3438, 24.4375,
        24.5156, 28.9844, 22.5938, 23.8594, 29.7344, 28.3281, 22.5469, 23.6094,
        24.9688, 25.4375, 22.3750, 23.7188, 24.0156, 27.7969, 21.1406, 23.7031,
        26.1094, 25.3125, 24.2188, 26.2812, 22.2500, 22.4531, 26.9688, 27.3281,
        24.6406, 26.7812, 27.2188, 23.9531, 23.8281, 23.5938, 24.4531, 29.6562,
        21.7656, 28.8281, 24.2188, 23.6250, 23.7656, 25.2812, 28.8125, 30.8438,
        23.4844, 23.8906, 27.3594, 24.3906, 24.3594, 23.9375, 24.0938, 28.1406,
        27.9062, 25.0781, 23.0625, 28.5938, 25.9688, 24.7500, 29.4062, 27.4062,
        25.1562, 28.1250, 27.6406, 28.6250, 24.1719, 28.5938, 24.8438, 23.2500,
        28.2969, 26.9688, 29.6094, 22.2656], device='cuda:0',
       dtype=torch.float16)
probs shape torch.Size([240, 100])
probs tensor([2.5749e-04, 8.8480e-04, 1.9826e-02, 1.3415e-02, 2.4051e-03, 1.1296e-02,
        3.8434e-03, 9.1289e-04, 2.4430e-03, 7.5681e-04, 2.6679e-02, 1.1012e-03,
        1.2800e-02, 1.5529e-03, 4.8106e-04, 1.6367e-04, 1.7976e-04, 2.9762e-02,
        7.4822e-02, 6.1068e-02, 1.4733e-02, 2.6567e-04, 6.8516e-03, 7.6115e-05,
        9.8707e-04, 6.3367e-03, 2.4674e-02, 4.5382e-02, 2.6679e-02, 6.2029e-02,
        1.2214e-02, 2.4570e-04, 2.6567e-04, 2.3179e-02, 3.8875e-05, 1.3783e-04,
        4.9069e-02, 1.2025e-02, 3.7095e-05, 1.0734e-04, 4.1795e-04, 6.6788e-04,
        3.1237e-05, 1.1974e-04, 1.6113e-04, 7.0691e-03, 9.0906e-06, 1.1789e-04,
        1.3077e-03, 5.8941e-04, 1.9743e-04, 1.5529e-03, 2.7567e-05, 3.3776e-05,
        3.0883e-03, 4.4237e-03, 3.0104e-04, 2.5603e-03, 3.9654e-03, 1.5137e-04,
        1.3359e-04, 1.0567e-04, 2.4957e-04, 4.5382e-02, 1.6983e-05, 1.9826e-02,
        1.9743e-04, 1.0903e-04, 1.2549e-04, 5.7127e-04, 1.9518e-02, 1.4880e-01,
        9.4726e-05, 1.4220e-04, 4.5642e-03, 2.3445e-04, 2.2724e-04, 1.4902e-04,
        1.7423e-04, 9.9690e-03, 7.8862e-03, 4.6626e-04, 6.2123e-05, 1.5683e-02,
        1.1361e-03, 3.3583e-04, 3.5343e-02, 4.7832e-03, 5.0415e-04, 9.8145e-03,
        6.0465e-03, 1.6181e-02, 1.8839e-04, 1.5683e-02, 3.6884e-04, 7.4934e-05,
        1.1655e-02, 3.0883e-03, 4.3304e-02, 2.8001e-05], device='cuda:0')
probs reshaped torch.Size([1, 240, 100])
probs tensor([[24.4844, 25.7188, 28.8281,  ..., 26.9688, 29.6094, 22.2656],
        [24.2969, 25.2344, 28.1875,  ..., 26.0781, 28.0781, 21.6875],
        [24.6250, 26.0469, 29.0625,  ..., 26.4375, 28.5938, 22.5781],
        ...,
        [23.9375, 24.7500, 27.4062,  ..., 26.2500, 27.8281, 22.8125],
        [21.9375, 22.5625, 27.0469,  ..., 25.0469, 26.5781, 19.9688],
        [22.7969, 24.0000, 27.5312,  ..., 25.5938, 26.6875, 21.7500]],
       device='cuda:0', dtype=torch.float16)
img shape torch.Size([1, 240, 3, 224, 224])
img shape torch.Size([1, 240, 3, 224, 224])
shape of clip output torch.Size([240, 100]) torch.Size([100, 240])
logits_per_image tensor([26.3594, 28.3281, 28.9531, 28.4062, 28.4062, 29.0938, 29.3438, 27.6250,
        28.3438, 28.8281, 28.3438, 26.6875, 28.7188, 28.4219, 26.7344, 27.2031,
        26.0156, 29.7969, 31.1250, 29.2969, 27.8750, 26.9062, 27.5938, 25.9844,
        28.8125, 28.3594, 31.0312, 31.4219, 30.4531, 29.4531, 30.0312, 27.9375,
        26.7031, 28.2656, 25.6562, 27.5625, 30.0781, 30.8125, 24.7656, 25.3438,
        27.3125, 27.6406, 24.6250, 25.6562, 26.4688, 27.8438, 25.4844, 26.5156,
        28.8125, 28.0938, 26.3281, 29.3125, 25.5938, 25.0625, 29.3594, 27.4531,
        27.6094, 28.7812, 25.5625, 25.8594, 26.4062, 26.0312, 26.9375, 27.5781,
        26.2344, 28.7031, 25.1719, 26.9062, 25.7500, 27.3438, 28.2344, 30.9844,
        24.2969, 25.4219, 28.5156, 26.3438, 26.6875, 26.2031, 26.1562, 28.4062,
        26.6094, 28.3125, 25.6094, 29.7969, 29.0625, 25.7969, 29.9531, 29.6562,
        27.8438, 30.4531, 28.7500, 27.8750, 26.2500, 28.8438, 27.5469, 24.4062,
        28.2812, 27.4375, 29.4844, 25.0938], device='cuda:1',
       dtype=torch.float16)
probs shape torch.Size([240, 100])
probs tensor([7.4310e-04, 5.3218e-03, 9.9425e-03, 5.7543e-03, 5.7543e-03, 1.1444e-02,
        1.4694e-02, 2.6345e-03, 5.4057e-03, 8.7742e-03, 5.4057e-03, 1.0317e-03,
        7.8652e-03, 5.8449e-03, 1.0812e-03, 1.7278e-03, 5.2693e-04, 2.3117e-02,
        8.7243e-02, 1.4021e-02, 3.3828e-03, 1.2840e-03, 2.5535e-03, 5.1072e-04,
        8.6382e-03, 5.4908e-03, 7.9436e-02, 1.1740e-01, 4.4559e-02, 1.6392e-02,
        2.9223e-02, 3.6009e-03, 1.0479e-03, 4.9994e-03, 3.6786e-04, 2.4749e-03,
        3.0625e-02, 6.3828e-02, 1.5097e-04, 2.6913e-04, 1.9274e-03, 2.6760e-03,
        1.3116e-04, 3.6786e-04, 8.2898e-04, 3.2787e-03, 3.0977e-04, 8.6877e-04,
        8.6382e-03, 4.2099e-03, 7.2023e-04, 1.4242e-02, 3.4557e-04, 2.0315e-04,
        1.4925e-02, 2.2185e-03, 2.5937e-03, 8.3724e-03, 3.3494e-04, 4.5071e-04,
        7.7876e-04, 5.3523e-04, 1.3247e-03, 2.5139e-03, 6.5578e-04, 7.7432e-03,
        2.2663e-04, 1.2840e-03, 4.0401e-04, 1.9886e-03, 4.8456e-03, 7.5798e-02,
        9.4474e-05, 2.9100e-04, 6.4194e-03, 7.3158e-04, 1.0317e-03, 6.3560e-04,
        6.0650e-04, 5.7543e-03, 9.5415e-04, 5.2393e-03, 3.5101e-04, 2.3117e-02,
        1.1092e-02, 4.2340e-04, 2.7027e-02, 2.0084e-02, 3.2787e-03, 4.4559e-02,
        8.1149e-03, 3.3828e-03, 6.6611e-04, 8.9124e-03, 2.4365e-03, 1.0539e-04,
        5.0781e-03, 2.1841e-03, 1.6913e-02, 2.0960e-04], device='cuda:1')
probs reshaped torch.Size([1, 240, 100])
probs tensor([[26.3594, 28.3281, 28.9531,  ..., 27.4375, 29.4844, 25.0938],
        [25.3906, 26.7812, 27.6250,  ..., 27.1094, 27.9531, 23.6875],
        [26.5156, 28.6562, 28.6250,  ..., 27.8594, 28.0156, 23.7188],
        ...,
        [21.8906, 24.3594, 28.0000,  ..., 27.4844, 27.7656, 21.1250],
        [22.7031, 24.7500, 28.4688,  ..., 27.2500, 27.6406, 21.6875],
        [23.4531, 26.0312, 28.1875,  ..., 27.1406, 27.8281, 22.6406]],
       device='cuda:1', dtype=torch.float16)
shape of clip output torch.Size([240, 100]) torch.Size([100, 240])
logits_per_image tensor([24.9375, 25.9062, 29.0000, 28.6719, 29.0312, 26.8125, 27.9844, 25.5156,
        28.0781, 27.8438, 27.7812, 23.8281, 28.5469, 27.6250, 30.4531, 23.8281,
        23.4219, 35.1875, 30.9531, 28.4062, 27.1562, 24.5000, 25.6406, 23.7188,
        26.6250, 29.0781, 30.0625, 32.8438, 32.3750, 29.8125, 30.1250, 26.3125,
        25.3594, 28.3438, 22.8281, 26.0156, 32.4375, 30.3438, 20.2188, 23.9688,
        26.1406, 24.6719, 22.8594, 22.9219, 24.3125, 26.9688, 22.5156, 24.1406,
        27.5000, 26.6406, 23.5312, 28.4844, 22.3281, 22.4219, 27.4844, 27.1562,
        24.3906, 25.3594, 29.0312, 24.7188, 23.5625, 24.1875, 23.7812, 27.3750,
        22.9219, 28.2812, 24.3281, 23.4219, 23.7812, 26.3281, 28.5781, 31.4688,
        21.8438, 22.8594, 28.4531, 24.9531, 23.6719, 23.5938, 25.3125, 28.4531,
        26.5781, 27.1094, 22.9531, 29.0312, 29.2969, 26.6719, 29.1094, 27.1250,
        25.2969, 28.1406, 28.5938, 27.5625, 22.9531, 28.2500, 24.3125, 22.5000,
        27.8906, 25.6562, 29.3906, 21.9688], device='cuda:0',
       dtype=torch.float16)
probs shape torch.Size([240, 100])
probs tensor([2.6486e-05, 6.9781e-05, 1.5393e-03, 1.1087e-03, 1.5882e-03, 1.7271e-04,
        5.5751e-04, 4.7216e-05, 6.1231e-04, 4.8437e-04, 4.5503e-04, 8.7341e-06,
        9.7846e-04, 3.8921e-04, 6.5829e-03, 8.7341e-06, 5.8182e-06, 7.4909e-01,
        1.0853e-02, 8.5010e-04, 2.4356e-04, 1.7101e-05, 5.3503e-05, 7.8292e-06,
        1.4318e-04, 1.6644e-03, 4.4542e-03, 7.1888e-02, 4.4986e-02, 3.4690e-03,
        4.7415e-03, 1.0475e-04, 4.0386e-05, 7.9860e-04, 3.2131e-06, 7.7846e-05,
        4.7887e-02, 5.9009e-03, 2.3642e-07, 1.0053e-05, 8.8211e-05, 2.0307e-05,
        3.3151e-06, 3.5289e-06, 1.4177e-05, 2.0192e-04, 2.3507e-06, 1.1938e-05,
        3.4347e-04, 1.4544e-04, 6.4906e-06, 9.1918e-04, 1.9488e-06, 2.1404e-06,
        3.3815e-04, 2.4356e-04, 1.5329e-05, 4.0386e-05, 1.5882e-03, 2.1282e-05,
        6.6967e-06, 1.2511e-05, 8.3341e-06, 3.0311e-04, 3.5289e-06, 7.5021e-04,
        1.4400e-05, 5.8182e-06, 8.3341e-06, 1.0640e-04, 1.0095e-03, 1.8176e-02,
        1.2006e-06, 3.3151e-06, 8.9090e-04, 2.6903e-05, 7.4707e-06, 6.9092e-06,
        3.8537e-05, 8.9090e-04, 1.3662e-04, 2.3241e-04, 3.6409e-06, 1.5882e-03,
        2.0714e-03, 1.5005e-04, 1.7173e-03, 2.3607e-04, 3.7939e-05, 6.5180e-04,
        1.0254e-03, 3.6563e-04, 3.6409e-06, 7.2713e-04, 1.4177e-05, 2.3143e-06,
        5.0762e-04, 5.4345e-05, 2.2750e-03, 1.3605e-06], device='cuda:0')
probs reshaped torch.Size([1, 240, 100])
probs tensor([[24.9375, 25.9062, 29.0000,  ..., 25.6562, 29.3906, 21.9688],
        [23.0312, 24.6406, 28.9688,  ..., 26.2188, 29.7031, 21.4062],
        [24.4688, 25.9844, 28.5625,  ..., 26.5469, 30.1562, 22.7656],
        ...,
        [24.1562, 24.9219, 28.7344,  ..., 25.6719, 28.8281, 22.1406],
        [23.9219, 24.3594, 29.0625,  ..., 24.9844, 29.4062, 20.7969],
        [25.4062, 26.3750, 28.9062,  ..., 25.6406, 28.4688, 23.7031]],
       device='cuda:0', dtype=torch.float16)
img shape torch.Size([1, 240, 3, 224, 224])
img shape torch.Size([1, 240, 3, 224, 224])
shape of clip output torch.Size([240, 100]) torch.Size([100, 240])
logits_per_image tensor([23.5938, 24.3906, 27.3281, 25.8594, 26.3750, 25.6094, 26.1875, 23.7812,
        26.9844, 25.5312, 27.5938, 22.7656, 27.5000, 27.1719, 27.5156, 23.6875,
        21.5469, 30.4219, 30.2812, 27.5312, 24.8125, 22.4688, 24.6562, 21.7031,
        25.1406, 26.9062, 29.1094, 30.0781, 29.2188, 27.8281, 27.6094, 23.8281,
        23.2344, 28.4531, 20.8906, 24.0938, 28.9531, 28.1406, 20.0938, 23.0156,
        23.5938, 23.3438, 21.2031, 21.0156, 21.9531, 25.5312, 21.1250, 22.5156,
        25.5156, 23.2344, 22.1094, 27.1250, 20.3125, 20.6562, 25.3594, 26.8594,
        23.2031, 25.1250, 28.8281, 22.9844, 21.7188, 22.2031, 22.5938, 26.2656,
        21.3906, 27.5938, 21.4219, 22.6562, 23.0312, 25.0000, 27.9688, 29.7188,
        20.8906, 20.9844, 28.0156, 22.3906, 22.7656, 20.7969, 23.6094, 26.5781,
        26.1719, 24.5000, 21.3906, 27.7656, 28.1094, 26.5625, 27.3594, 25.3125,
        23.9531, 26.9688, 27.7500, 27.0625, 20.9688, 28.5469, 23.0469, 20.8125,
        27.5625, 24.5625, 28.0000, 20.5469], device='cuda:1',
       dtype=torch.float16)
probs shape torch.Size([240, 100])
probs tensor([1.8104e-04, 4.0166e-04, 7.5789e-03, 1.7448e-03, 2.9219e-03, 1.3588e-03,
        2.4223e-03, 2.1838e-04, 5.3742e-03, 1.2567e-03, 9.8847e-03, 7.9092e-05,
        9.0001e-03, 6.4825e-03, 9.1418e-03, 1.9884e-04, 2.3380e-05, 1.6719e-01,
        1.4525e-01, 9.2858e-03, 6.1247e-04, 5.8776e-05, 5.2387e-04, 2.7334e-05,
        8.5032e-04, 4.9703e-03, 4.4998e-02, 1.1855e-01, 5.0199e-02, 1.2495e-02,
        1.0040e-02, 2.2886e-04, 1.2639e-04, 2.3345e-02, 1.2129e-05, 2.9849e-04,
        3.8489e-02, 1.7079e-02, 5.4671e-06, 1.0156e-04, 1.8104e-04, 1.4100e-04,
        1.6579e-05, 1.3744e-05, 3.5097e-05, 1.2567e-03, 1.5333e-05, 6.1597e-05,
        1.2372e-03, 1.2639e-04, 4.1033e-05, 6.1857e-03, 6.8039e-06, 9.5950e-06,
        1.0582e-03, 4.7427e-03, 1.2250e-04, 8.3714e-04, 3.3966e-02, 9.8432e-05,
        2.7764e-05, 4.5065e-05, 6.6602e-05, 2.6192e-03, 1.9998e-05, 9.8847e-03,
        2.0632e-05, 7.0898e-05, 1.0316e-04, 7.3877e-04, 1.4382e-02, 8.2763e-02,
        1.2129e-05, 1.3321e-05, 1.5072e-02, 5.4359e-05, 7.9092e-05, 1.1044e-05,
        1.8390e-04, 3.5800e-03, 2.3848e-03, 4.4809e-04, 1.9998e-05, 1.1738e-02,
        1.6554e-02, 3.5245e-03, 7.8194e-03, 1.0098e-03, 2.5933e-04, 5.2909e-03,
        1.1556e-02, 5.8109e-03, 1.3115e-05, 2.5639e-02, 1.0478e-04, 1.1218e-05,
        9.5806e-03, 4.7699e-04, 1.4839e-02, 8.6009e-06], device='cuda:1')
probs reshaped torch.Size([1, 240, 100])
probs tensor([[23.5938, 24.3906, 27.3281,  ..., 24.5625, 28.0000, 20.5469],
        [23.7031, 24.6719, 27.2344,  ..., 24.2344, 28.0469, 20.0625],
        [22.9531, 24.2188, 26.3906,  ..., 24.1875, 27.5625, 19.5156],
        ...,
        [22.7500, 24.1562, 28.5469,  ..., 25.5938, 27.9531, 22.3281],
        [22.5312, 23.5156, 28.1875,  ..., 24.9062, 28.1875, 20.7969],
        [22.2188, 23.5469, 27.6875,  ..., 25.0312, 27.9062, 21.0156]],
       device='cuda:1', dtype=torch.float16)
shape of clip output torch.Size([240, 100]) torch.Size([100, 240])
logits_per_image tensor([22.7969, 23.9688, 28.1562, 26.8750, 25.2500, 28.0156, 26.7969, 24.6875,
        27.2812, 25.6719, 26.7969, 25.4375, 26.4062, 27.5000, 30.2656, 23.6719,
        21.6719, 31.8594, 29.3438, 27.1406, 27.7500, 22.9375, 26.4688, 22.1875,
        24.9219, 27.0312, 29.9062, 30.4844, 29.6094, 28.6094, 28.2031, 23.6094,
        24.2188, 27.0156, 20.1719, 23.8750, 29.1250, 29.5156, 19.6875, 20.3438,
        23.9375, 23.1250, 20.7031, 22.0781, 22.2969, 25.2812, 22.0781, 22.4844,
        24.9844, 23.7656, 21.5938, 29.5781, 20.3906, 21.0000, 25.6406, 25.3281,
        22.5156, 24.3125, 30.5781, 22.2500, 21.4844, 23.7656, 21.9062, 26.3594,
        21.4219, 27.8125, 20.9844, 23.6250, 21.6094, 23.9062, 27.2031, 29.6719,
        22.4531, 22.0938, 29.5938, 23.4844, 22.6094, 24.4531, 24.2031, 26.2344,
        28.5938, 23.8125, 21.5781, 27.7812, 27.7656, 28.3594, 27.4531, 25.1875,
        23.8594, 26.6094, 28.0000, 25.7969, 21.0625, 28.3125, 22.1875, 21.9062,
        27.5312, 25.1250, 28.3906, 21.1875], device='cuda:0',
       dtype=torch.float16)
probs shape torch.Size([240, 100])
probs tensor([3.8423e-05, 1.2403e-04, 8.1685e-03, 2.2683e-03, 4.4665e-04, 7.0969e-03,
        2.0978e-03, 2.5450e-04, 3.4051e-03, 6.8107e-04, 2.0978e-03, 5.3877e-04,
        1.4195e-03, 4.2377e-03, 6.7333e-02, 9.2172e-05, 1.2474e-05, 3.3143e-01,
        2.6783e-02, 2.9584e-03, 5.4414e-03, 4.4225e-05, 1.5110e-03, 2.0890e-05,
        3.2171e-04, 2.6519e-03, 4.7006e-02, 8.3798e-02, 3.4932e-02, 1.2851e-02,
        8.5605e-03, 8.6588e-05, 1.5926e-04, 2.6108e-03, 2.7834e-06, 1.1293e-04,
        2.1521e-02, 3.1806e-02, 1.7148e-06, 3.3053e-06, 1.2022e-04, 5.3345e-05,
        4.7347e-06, 1.8726e-05, 2.3305e-05, 4.6083e-04, 1.8726e-05, 2.8111e-05,
        3.4246e-04, 1.0123e-04, 1.1537e-05, 3.3857e-02, 3.4640e-06, 6.3712e-06,
        6.6011e-04, 4.8295e-04, 2.9003e-05, 1.7491e-04, 9.2034e-02, 2.2238e-05,
        1.0341e-05, 1.0123e-04, 1.5769e-05, 1.3545e-03, 9.7149e-06, 5.7923e-03,
        6.2724e-06, 8.7951e-05, 1.1718e-05, 1.1652e-04, 3.1492e-03, 3.7185e-02,
        2.7246e-05, 1.9021e-05, 3.4390e-02, 7.6414e-05, 3.1854e-05, 2.0132e-04,
        1.5679e-04, 1.1953e-03, 1.2652e-02, 1.0609e-04, 1.1358e-05, 5.6141e-03,
        5.5271e-03, 1.0008e-02, 4.0437e-03, 4.1959e-04, 1.1118e-04, 1.7392e-03,
        6.9869e-03, 7.7175e-04, 6.7821e-06, 9.5499e-03, 2.0890e-05, 1.5769e-05,
        4.3723e-03, 3.9417e-04, 1.0326e-02, 7.6851e-06], device='cuda:0')
probs reshaped torch.Size([1, 240, 100])
probs tensor([[22.7969, 23.9688, 28.1562,  ..., 25.1250, 28.3906, 21.1875],
        [22.8438, 23.6875, 27.2188,  ..., 24.1094, 27.0312, 21.1094],
        [23.9062, 25.3438, 28.0000,  ..., 25.6094, 27.5938, 22.3906],
        ...,
        [23.7344, 25.3125, 27.9375,  ..., 26.5625, 28.2969, 22.2500],
        [24.0469, 25.5312, 28.1406,  ..., 26.7344, 28.5000, 22.0469],
        [24.0938, 25.4219, 28.3750,  ..., 27.0312, 29.1562, 22.3125]],
       device='cuda:0', dtype=torch.float16)
img shape torch.Size([1, 240, 3, 224, 224])
img shape torch.Size([1, 240, 3, 224, 224])
shape of clip output torch.Size([240, 100]) torch.Size([100, 240])
logits_per_image tensor([24.2188, 25.4531, 28.5781, 27.5156, 26.1250, 26.0781, 26.1250, 24.8750,
        27.2969, 25.9219, 27.9375, 22.4844, 28.0000, 28.3281, 24.5312, 23.2812,
        23.3906, 28.8906, 30.5938, 28.0156, 26.4219, 24.1406, 23.9062, 22.6406,
        25.5625, 27.7969, 29.8281, 30.6719, 29.7500, 29.8438, 28.9844, 24.7188,
        24.2031, 28.7344, 22.7344, 23.8438, 29.8750, 29.2656, 21.0781, 23.9688,
        24.7969, 24.5000, 22.3750, 22.7656, 23.5312, 27.1875, 21.2969, 23.2344,
        26.0938, 24.4531, 22.5156, 26.9219, 22.3438, 21.5625, 26.7188, 28.0000,
        24.8750, 25.0938, 27.6562, 24.0156, 23.5781, 22.9531, 23.0781, 27.6094,
        21.6562, 28.7812, 23.6562, 22.7344, 23.0312, 25.3281, 28.5781, 31.4688,
        21.4062, 22.0781, 27.5156, 24.0469, 23.5469, 21.6094, 25.5000, 28.2344,
        27.5156, 25.3125, 22.9062, 28.4375, 28.0312, 24.8438, 28.1719, 25.9531,
        25.0312, 27.4688, 27.7031, 28.0781, 23.1875, 28.5469, 23.4062, 21.6406,
        28.3906, 25.7656, 30.5625, 21.7031], device='cuda:1',
       dtype=torch.float16)
probs shape torch.Size([240, 100])
probs tensor([1.6505e-04, 5.6714e-04, 1.2908e-02, 4.4609e-03, 1.1104e-03, 1.0596e-03,
        1.1104e-03, 3.1814e-04, 3.5844e-03, 9.0629e-04, 6.8021e-03, 2.9133e-05,
        7.2408e-03, 1.0053e-02, 2.2559e-04, 6.4634e-05, 7.2104e-05, 1.7643e-02,
        9.6881e-02, 7.3548e-03, 1.4942e-03, 1.5264e-04, 1.2075e-04, 3.4060e-05,
        6.3269e-04, 5.9098e-03, 4.5054e-02, 1.0475e-01, 4.1668e-02, 4.5763e-02,
        1.9377e-02, 2.7212e-04, 1.6249e-04, 1.5091e-02, 3.7407e-05, 1.1344e-04,
        4.7216e-02, 2.5671e-02, 7.1393e-06, 1.2854e-04, 2.9423e-04, 2.1865e-04,
        2.6114e-05, 3.8595e-05, 8.2991e-05, 3.2131e-03, 8.8850e-06, 6.1674e-05,
        1.0762e-03, 2.0864e-04, 3.0057e-05, 2.4636e-03, 2.5311e-05, 1.1588e-05,
        2.0107e-03, 7.2408e-03, 3.1814e-04, 3.9593e-04, 5.1345e-03, 1.3471e-04,
        8.6974e-05, 4.6554e-05, 5.2752e-05, 4.8994e-03, 1.2727e-05, 1.5815e-02,
        9.4041e-05, 3.7407e-05, 5.0337e-05, 5.0050e-04, 1.2908e-02, 2.3240e-01,
        9.9119e-06, 1.9407e-05, 4.4609e-03, 1.3898e-04, 8.4298e-05, 1.2144e-05,
        5.9436e-04, 9.1532e-03, 4.4609e-03, 4.9274e-04, 4.4422e-05, 1.1215e-02,
        7.4706e-03, 3.0835e-04, 8.5986e-03, 9.3506e-04, 3.7194e-04, 4.2566e-03,
        5.3809e-03, 7.8292e-03, 5.8850e-05, 1.2511e-02, 7.3240e-05, 1.2530e-05,
        1.0701e-02, 7.7519e-04, 9.3900e-02, 1.3338e-05], device='cuda:1')
probs reshaped torch.Size([1, 240, 100])
probs tensor([[24.2188, 25.4531, 28.5781,  ..., 25.7656, 30.5625, 21.7031],
        [24.0312, 25.8438, 28.6562,  ..., 26.5312, 31.3594, 22.8125],
        [23.8750, 25.3594, 28.4062,  ..., 26.6094, 31.4219, 22.0625],
        ...,
        [26.2188, 27.2500, 27.5938,  ..., 28.0469, 29.6719, 23.8750],
        [25.1406, 26.2969, 28.0469,  ..., 27.2500, 30.0625, 23.0938],
        [25.8750, 27.4531, 27.0625,  ..., 28.4219, 29.3438, 24.8906]],
       device='cuda:1', dtype=torch.float16)
shape of clip output torch.Size([240, 100]) torch.Size([100, 240])
logits_per_image tensor([23.8438, 25.7500, 29.0938, 27.8594, 27.1406, 28.1094, 26.9844, 25.5625,
        27.7656, 27.0781, 27.7656, 24.8906, 28.6562, 29.6562, 26.0469, 23.9062,
        22.9375, 29.1875, 30.2344, 27.7500, 28.2188, 24.4688, 25.3281, 21.6094,
        26.0938, 28.6562, 30.7656, 30.5000, 29.2812, 30.8125, 29.4844, 25.0156,
        25.3438, 27.9375, 22.9219, 23.8906, 29.8906, 29.2656, 22.3750, 23.8438,
        26.1719, 25.3906, 23.2656, 24.0781, 25.0781, 27.9844, 22.8594, 24.3750,
        25.9844, 25.2812, 23.7656, 27.7500, 22.1094, 20.9062, 26.4531, 25.8906,
        24.9844, 25.8594, 26.3125, 25.0156, 23.7031, 24.0781, 24.0469, 28.1094,
        21.8438, 27.5625, 24.7812, 22.8125, 22.6719, 24.5000, 27.3438, 31.3906,
        22.2188, 23.8594, 28.6719, 25.4375, 23.6875, 21.7500, 26.9062, 25.7656,
        26.6406, 25.5000, 22.9219, 27.6719, 29.5625, 23.7500, 28.8594, 27.2812,
        25.4219, 28.0938, 29.5000, 25.9062, 24.1094, 27.7500, 24.4062, 22.7969,
        27.5938, 25.2344, 31.7188, 21.8906], device='cuda:0',
       dtype=torch.float16)
probs shape torch.Size([240, 100])
probs tensor([8.1988e-05, 5.5160e-04, 1.5624e-02, 4.5469e-03, 2.2160e-03, 5.8383e-03,
        1.8954e-03, 4.5729e-04, 4.1400e-03, 2.0817e-03, 4.1400e-03, 2.3356e-04,
        1.0088e-02, 2.7421e-02, 7.4226e-04, 8.7276e-05, 3.3126e-05, 1.7160e-02,
        4.8884e-02, 4.0758e-03, 6.5131e-03, 1.5317e-04, 3.6175e-04, 8.7776e-06,
        7.7788e-04, 1.0088e-02, 8.3154e-02, 6.3756e-02, 1.8846e-02, 8.7145e-02,
        2.3091e-02, 2.6466e-04, 3.6744e-04, 4.9164e-03, 3.2613e-05, 8.5923e-05,
        3.4664e-02, 1.8554e-02, 1.8875e-05, 8.1988e-05, 8.4109e-04, 3.8508e-04,
        4.5991e-05, 1.0364e-04, 2.8173e-04, 5.1523e-03, 3.0637e-05, 1.3947e-04,
        6.9729e-04, 3.4518e-04, 7.5827e-05, 4.0758e-03, 1.4472e-05, 4.3452e-06,
        1.1143e-03, 6.3489e-04, 2.5652e-04, 6.1535e-04, 9.6809e-04, 2.6466e-04,
        7.1232e-05, 1.0364e-04, 1.0045e-04, 5.8383e-03, 1.1096e-05, 3.3790e-03,
        2.0936e-04, 2.9234e-05, 2.5399e-05, 1.5804e-04, 2.7151e-03, 1.5535e-01,
        1.6144e-05, 8.3279e-05, 1.0247e-02, 4.0356e-04, 7.0128e-05, 1.0103e-05,
        1.7530e-03, 5.6029e-04, 1.3441e-03, 4.2959e-04, 3.2613e-05, 3.7695e-03,
        2.4967e-02, 7.4651e-05, 1.2360e-02, 2.5506e-03, 3.9730e-04, 5.7478e-03,
        2.3455e-02, 6.4489e-04, 1.0693e-04, 4.0758e-03, 1.4389e-04, 2.8780e-05,
        3.4862e-03, 3.2938e-04, 2.1568e-01, 1.1628e-05], device='cuda:0')
probs reshaped torch.Size([1, 240, 100])
probs tensor([[23.8438, 25.7500, 29.0938,  ..., 25.2344, 31.7188, 21.8906],
        [23.5469, 25.6719, 30.1406,  ..., 25.8125, 31.7656, 21.4062],
        [23.2344, 24.7188, 29.1719,  ..., 25.5469, 32.9688, 21.7344],
        ...,
        [23.3750, 24.7656, 26.7969,  ..., 26.4531, 28.0000, 23.3594],
        [23.4375, 24.9375, 26.9688,  ..., 26.7969, 27.9219, 22.5625],
        [24.0156, 25.8438, 27.4844,  ..., 26.9219, 28.1406, 22.7812]],
       device='cuda:0', dtype=torch.float16)

Validation DataLoader 0: 100%|████████████████████| 6/6 [00:06<00:00,  0.86it/s]
Epoch 0: 100%|█████████████████████████| 35/35 [01:50<00:00,  0.32it/s, v_num=3]
Training completato! Checkpoint salvato in: /kaggle/working/ckpts_final_comma_angle_none_True_1.0/best-epoch=0-val_loss=4.39-v1.ckpt
Predicting DataLoader 0:   0%|                            | 0/6 [00:00<?, ?it/s]img shape torch.Size([1, 240, 3, 224, 224])
img shape torch.Size([1, 240, 3, 224, 224])
shape of clip output torch.Size([240, 100]) torch.Size([100, 240])
logits_per_image tensor([25.2656, 25.8281, 27.7031, 27.7969, 26.3281, 27.0781, 28.3281, 26.4219,
        27.2656, 27.6406, 27.7031, 23.7969, 27.6406, 27.5938, 26.4375, 26.2031,
        24.3125, 29.2031, 30.4375, 31.6406, 25.7188, 25.8750, 24.8281, 26.2188,
        26.4062, 28.0312, 28.9219, 30.1406, 29.7188, 27.3750, 28.9375, 26.4375,
        26.4062, 26.7812, 25.3750, 26.2344, 28.5469, 30.2812, 26.5781, 24.6719,
        26.2031, 26.2969, 24.5156, 24.3281, 24.2031, 28.2969, 23.5781, 24.6406,
        28.4844, 25.6250, 27.7656, 27.4844, 24.7656, 25.4844, 28.2344, 26.4531,
        25.1406, 30.7500, 28.0469, 24.9688, 24.5156, 25.3438, 27.9531, 26.9531,
        25.3125, 27.6406, 25.3438, 26.8906, 24.7031, 26.3594, 27.7969, 30.5000,
        22.9844, 23.9688, 28.8594, 25.2656, 26.6562, 23.9375, 25.4375, 27.7969,
        26.5625, 26.4219, 25.8594, 27.5625, 27.3125, 28.4844, 28.1562, 27.9844,
        28.2500, 28.3594, 27.2656, 27.3906, 24.5156, 28.1562, 25.3906, 24.5625,
        26.9688, 25.3594, 28.7656, 25.1094], device='cuda:1',
       dtype=torch.float16)
probs shape torch.Size([240, 100])
probs shape of clip output torch.Size([240, 100]) torch.Size([100, 240])
logits_per_image tensor([4.3142e-04, 7.5716e-04, 4.9373e-03, 5.4226e-03, 1.2483e-03, 2.6428e-03,
        9.2241e-03, 1.3710e-03, 3.1878e-03, 4.6382e-03, 4.9373e-03, 9.9318e-05,
        4.6382e-03, 4.4258e-03, 1.3926e-03, 1.1017e-03, 1.6633e-04, 2.2128e-02,
        7.6035e-02, 2.5324e-01, 6.7872e-04, 7.9350e-04, 2.7854e-04, 1.1190e-03,
        1.3498e-03, 6.8548e-03, 1.6703e-02, 5.6505e-02, 3.7057e-02, 3.5562e-03,
        1.6966e-02, 1.3926e-03, 1.3498e-03, 1.9639e-03, 4.8128e-04, 1.1366e-03,
        1.1480e-02, 6.5036e-02, 1.6029e-03, 2.3825e-04, 1.1017e-03, 1.2099e-03,
        2.0379e-04, 1.6895e-04, 1.4909e-04, 8.9403e-03, 7.9804e-05, 2.3092e-04,
        1.0784e-02, 6.1798e-04, 5.2557e-03, 3.9672e-03, 2.6167e-04, 5.3691e-04,
        8.3987e-03, 1.4146e-03, 3.8072e-04, 1.0393e-01, 6.9627e-03, 3.2060e-04,
        2.0379e-04, 4.6647e-04, 6.3396e-03, 2.3322e-03, 4.5212e-04, 4.6382e-03,
        4.6647e-04, 2.1909e-03, 2.4581e-04, 1.2880e-03, 5.4226e-03, 8.0939e-02,
        4.4072e-05, 1.1794e-04, 1.5691e-02, 4.3142e-04, 1.7332e-03, 1.1431e-04,
        5.1232e-04, 5.4226e-03, 1.5781e-03, 1.3710e-03, 7.8120e-04, 4.2896e-03,
        3.3408e-03, 1.0784e-02, 7.7675e-03, 6.5409e-03, 8.5309e-03, 9.5169e-03,
        3.1878e-03, 3.6122e-03, 2.0379e-04, 7.7675e-03, 4.8886e-04, 2.1357e-04,
        2.3689e-03, 4.7382e-04, 1.4287e-02, 3.6901e-04], device='cuda:1')
probs reshaped torch.Size([1, 240, 100])
probs tensor([[25.2656, 25.8281, 27.7031,  ..., 25.3594, 28.7656, 25.1094],
        [24.5156, 26.1406, 28.9688,  ..., 25.2969, 29.4062, 24.6250],
        [24.4219, 25.2031, 28.2656,  ..., 24.8438, 29.0312, 23.6094],
        ...,
        [24.6250, 25.6562, 27.8438,  ..., 25.9844, 30.1250, 22.2031],
        [24.6094, 26.0938, 27.7344,  ..., 26.7188, 30.6562, 23.1875],
        [25.5625, 27.0312, 27.9688,  ..., 26.7188, 31.2656, 23.5156]],
       device='cuda:1', dtype=torch.float16)
tensor([21.6719, 23.5625, 28.8594, 27.4688, 24.9062, 26.1719, 25.3750, 23.5156,
        27.1094, 24.3750, 26.8125, 23.8281, 24.2656, 25.5938, 27.1562, 21.0312,
        20.5781, 30.2344, 28.7812, 25.6094, 29.7969, 22.4375, 25.7500, 19.7188,
        23.7344, 28.4219, 29.0312, 31.3594, 30.7031, 27.8438, 27.8594, 22.0938,
        22.7344, 26.2812, 18.4219, 22.2188, 31.5000, 29.7656, 16.7812, 19.9062,
        22.7969, 20.7344, 19.8594, 18.8750, 19.7500, 24.4062, 19.8281, 19.8750,
        24.1562, 22.6250, 19.2500, 27.9062, 18.8750, 19.5156, 25.2656, 25.4062,
        21.0312, 22.9062, 27.9531, 21.2031, 18.4531, 21.4219, 20.2031, 25.7031,
        20.3438, 28.5156, 19.6094, 21.0781, 20.3438, 23.7812, 27.5000, 28.9375,
        18.4062, 20.4531, 28.3750, 21.5625, 21.3750, 19.9688, 23.0781, 26.6562,
        32.5625, 22.5938, 19.7812, 27.8750, 26.9062, 24.9375, 25.6094, 22.9688,
        22.7500, 25.0000, 27.8438, 26.1719, 18.0469, 27.5938, 19.6094, 20.7656,
        28.4688, 24.9375, 27.4062, 19.5781], device='cuda:0',
       dtype=torch.float16)
probs shape torch.Size([240, 100])
probs tensor([8.0746e-06, 5.3482e-05, 1.0681e-02, 2.6587e-03, 2.0502e-04, 7.2685e-04,
        3.2762e-04, 5.1033e-05, 1.8561e-03, 1.2052e-04, 1.3793e-03, 6.9754e-05,
        1.0804e-04, 4.0773e-04, 1.9452e-03, 4.2550e-06, 2.7047e-06, 4.2244e-02,
        9.8784e-03, 4.1415e-04, 2.7275e-02, 1.7363e-05, 4.7668e-04, 1.1452e-06,
        6.3512e-05, 6.8962e-03, 1.2684e-02, 1.3012e-01, 6.7506e-02, 3.8684e-03,
        3.9293e-03, 1.2312e-05, 2.3365e-05, 8.1087e-04, 3.1309e-07, 1.3952e-05,
        1.4977e-01, 2.6436e-02, 6.0695e-08, 1.3814e-06, 2.4872e-05, 3.1621e-06,
        1.3181e-06, 4.9256e-07, 1.1816e-06, 1.2435e-04, 1.2776e-06, 1.3389e-06,
        9.6844e-05, 2.0944e-05, 7.1666e-07, 4.1179e-03, 4.9256e-07, 9.3471e-07,
        2.9368e-04, 3.3802e-04, 4.2550e-06, 2.7746e-05, 4.3155e-03, 5.0530e-06,
        3.2303e-07, 6.2885e-06, 1.8589e-06, 4.5485e-04, 2.1396e-06, 7.5740e-03,
        1.0266e-06, 4.4592e-06, 2.1396e-06, 6.6560e-05, 2.7431e-03, 1.1549e-02,
        3.0823e-07, 2.3869e-06, 6.5804e-03, 7.2381e-06, 6.0006e-06, 1.4705e-06,
        3.2950e-05, 1.1798e-03, 4.3337e-01, 2.0300e-05, 1.2191e-06, 3.9912e-03,
        1.5149e-03, 2.1153e-04, 4.1415e-04, 2.9536e-05, 2.3733e-05, 2.2517e-04,
        3.8684e-03, 7.2685e-04, 2.1518e-07, 3.0127e-03, 1.0266e-06, 3.2624e-06,
        7.2272e-03, 2.1153e-04, 2.4976e-03, 9.9499e-07], device='cuda:0')
probs reshaped torch.Size([1, 240, 100])
probs tensor([[21.6719, 23.5625, 28.8594,  ..., 24.9375, 27.4062, 19.5781],
        [22.9375, 24.7031, 29.3438,  ..., 25.9844, 28.9844, 20.6562],
        [22.1250, 24.0000, 29.6406,  ..., 25.2812, 28.6719, 19.9219],
        ...,
        [25.8125, 26.6250, 26.7812,  ..., 26.7500, 26.4375, 23.7188],
        [24.4375, 25.6094, 28.4375,  ..., 26.2344, 28.3750, 21.9688],
        [24.1562, 25.6250, 28.5781,  ..., 26.5469, 28.7031, 22.2500]],
       device='cuda:0', dtype=torch.float16)
img shape torch.Size([1, 240, 3, 224, 224])
img shape torch.Size([1, 240, 3, 224, 224])
shape of clip output torch.Size([240, 100]) torch.Size([100, 240])
logits_per_image tensor([24.5938, 28.3750, 29.4531, 27.0469, 25.3281, 26.1406, 25.6562, 24.7656,
        26.6250, 25.2500, 29.5781, 22.8906, 29.7344, 27.8750, 24.2656, 22.6875,
        24.6094, 26.9062, 30.6719, 28.7031, 26.4844, 22.7812, 24.3125, 22.2344,
        27.2812, 27.4688, 28.4062, 29.0938, 28.2656, 30.4219, 27.5469, 23.4219,
        22.7969, 29.6719, 21.7812, 22.8438, 28.9219, 27.4375, 21.4844, 25.0938,
        24.9375, 24.6406, 22.0625, 23.2031, 23.4062, 27.7969, 21.0156, 22.9531,
        25.2969, 23.3281, 23.2344, 25.2656, 20.4688, 20.9062, 25.6562, 30.6406,
        26.5938, 25.0781, 26.2969, 26.3594, 22.0469, 21.6719, 23.7344, 27.3750,
        20.6719, 30.3750, 24.6250, 21.3125, 24.2656, 25.9219, 29.2500, 31.0469,
        20.6875, 22.5156, 27.5469, 24.1719, 22.0469, 20.4219, 26.2812, 28.4219,
        26.6719, 24.0938, 22.2969, 29.2812, 28.2812, 23.5000, 29.0469, 25.5625,
        23.9062, 28.9844, 25.4375, 29.8125, 23.0312, 28.5938, 24.3125, 23.0469,
        28.1250, 27.0312, 31.3750, 20.3281], device='cuda:1',
       dtype=torch.float16)
probs shape torch.Size([240, 100])
probs tensor([1.9915e-04, 8.7370e-03, 2.5679e-02, 2.3151e-03, 4.1507e-04, 9.3537e-04,
        5.7627e-04, 2.3650e-04, 1.5183e-03, 3.8388e-04, 2.9099e-02, 3.6268e-05,
        3.4020e-02, 5.2992e-03, 1.4344e-04, 2.9601e-05, 2.0229e-04, 2.0114e-03,
        8.6872e-02, 1.2130e-02, 1.3191e-03, 3.2511e-05, 1.5033e-04, 1.8816e-05,
        2.9265e-03, 3.5301e-03, 9.0143e-03, 1.7927e-02, 7.8318e-03, 6.7656e-02,
        3.8169e-03, 6.1694e-05, 3.3023e-05, 3.1959e-02, 1.1960e-05, 3.4607e-05,
        1.5096e-02, 3.4214e-03, 8.8879e-06, 3.2835e-04, 2.8085e-04, 2.0871e-04,
        1.5844e-05, 4.9573e-05, 6.0738e-05, 4.9010e-03, 5.5619e-06, 3.8607e-05,
        4.0230e-04, 5.6173e-05, 5.1146e-05, 3.8992e-04, 3.2190e-06, 4.9857e-06,
        5.7627e-04, 8.4199e-02, 1.4715e-03, 3.2326e-04, 1.0936e-03, 1.1641e-03,
        1.5599e-05, 1.0721e-05, 8.4326e-05, 3.2142e-03, 3.9440e-06, 6.4558e-02,
        2.0547e-04, 7.4844e-06, 1.4344e-04, 7.5159e-04, 2.0959e-02, 1.2640e-01,
        4.0061e-06, 2.4927e-05, 3.8169e-03, 1.3061e-04, 1.5599e-05, 3.0716e-06,
        1.0766e-03, 9.1563e-03, 1.5911e-03, 1.2079e-04, 2.0029e-05, 2.1624e-02,
        7.9551e-03, 6.6708e-05, 1.7106e-02, 5.2470e-04, 1.0014e-04, 1.6070e-02,
        4.6304e-04, 3.6784e-02, 4.1745e-05, 1.0873e-02, 1.5033e-04, 4.2402e-05,
        6.8044e-03, 2.2792e-03, 1.7549e-01, 2.7967e-06], device='cuda:1')
probs reshaped torch.Size([1, 240, 100])
probs tensor([[24.5938, 28.3750, 29.4531,  ..., 27.0312, 31.3750, 20.3281],
        [24.9219, 26.3125, 28.8281,  ..., 25.9688, 32.0625, 21.4844],
        [25.9219, 27.6562, 28.2344,  ..., 26.1406, 30.3750, 22.0156],
        ...,
        [25.9375, 26.7031, 26.9219,  ..., 26.3125, 27.8438, 23.2969],
        [26.2344, 27.7344, 28.3438,  ..., 26.8281, 29.2812, 23.5938],
        [25.4062, 26.2188, 27.5469,  ..., 26.3594, 30.1406, 23.0000]],
       device='cuda:1', dtype=torch.float16)
shape of clip output torch.Size([240, 100]) torch.Size([100, 240])
logits_per_image tensor([26.9688, 27.9531, 27.7500, 26.3125, 27.3750, 26.8125, 29.7188, 26.6562,
        26.6094, 29.4062, 28.5625, 24.9531, 28.5938, 28.2812, 27.3281, 26.9375,
        24.6406, 29.0781, 30.1562, 28.2656, 24.8281, 27.1094, 25.1406, 25.3438,
        28.2500, 26.8125, 29.5938, 29.9219, 28.5156, 27.0625, 28.2969, 28.8438,
        27.4531, 26.0156, 26.7344, 28.2812, 27.4531, 30.0469, 22.7188, 25.4062,
        27.2969, 26.6406, 25.4531, 24.7031, 25.4688, 28.3438, 24.6250, 26.1094,
        30.2656, 27.5000, 25.7344, 27.9062, 26.7500, 25.5469, 30.2656, 25.4844,
        26.4688, 27.8750, 27.0625, 26.8906, 25.4375, 25.6094, 25.2656, 27.5938,
        27.0156, 27.0000, 24.9062, 27.3906, 26.6719, 27.6406, 26.7656, 29.8594,
        23.9219, 24.5625, 27.4844, 25.9688, 27.2031, 25.8438, 27.1719, 27.7500,
        26.6562, 28.7656, 25.8594, 27.2500, 28.6250, 29.4844, 29.4375, 29.0156,
        28.2344, 29.9219, 26.3125, 26.9219, 24.6562, 27.6094, 25.9219, 24.3906,
        26.8750, 27.2500, 27.8906, 25.0781], device='cuda:0',
       dtype=torch.float16)
probs shape torch.Size([240, 100])
probs tensor([2.7847e-03, 7.4522e-03, 6.0823e-03, 1.4447e-03, 4.1803e-03, 2.3819e-03,
        4.3560e-02, 2.0373e-03, 1.9440e-03, 3.1869e-02, 1.3707e-02, 3.7103e-04,
        1.4142e-02, 1.0346e-02, 3.9889e-03, 2.6990e-03, 2.7145e-04, 2.2955e-02,
        6.7467e-02, 1.0186e-02, 3.2743e-04, 3.2052e-03, 4.4754e-04, 5.4834e-04,
        1.0028e-02, 2.3819e-03, 3.8442e-02, 5.3371e-02, 1.3079e-02, 3.0584e-03,
        1.0509e-02, 1.8159e-02, 4.5200e-03, 1.0736e-03, 2.2029e-03, 1.0346e-02,
        4.5200e-03, 6.0477e-02, 3.9722e-05, 5.8370e-04, 3.8662e-03, 2.0057e-03,
        6.1172e-04, 2.8895e-04, 6.2135e-04, 1.1014e-02, 2.6724e-04, 1.1791e-03,
        7.5265e-02, 4.7369e-03, 8.1039e-04, 7.1110e-03, 2.2376e-03, 6.7184e-04,
        7.5265e-02, 6.3114e-04, 1.6890e-03, 6.8922e-03, 3.0584e-03, 2.5754e-03,
        6.0223e-04, 7.1517e-04, 5.0713e-04, 5.2025e-03, 2.9183e-03, 2.8731e-03,
        3.5403e-04, 4.2462e-03, 2.0694e-03, 5.4522e-03, 2.2728e-03, 5.0137e-02,
        1.3229e-04, 2.5105e-04, 4.6635e-03, 1.0244e-03, 3.5202e-03, 9.0406e-04,
        3.4119e-03, 6.0823e-03, 2.0373e-03, 1.6794e-02, 9.1830e-04, 3.6891e-03,
        1.4591e-02, 3.4459e-02, 3.2881e-02, 2.1564e-02, 9.8726e-03, 5.3371e-02,
        1.4447e-03, 2.6572e-03, 2.7572e-04, 5.2844e-03, 9.7752e-04, 2.1140e-04,
        2.5355e-03, 3.6891e-03, 7.0007e-03, 4.2043e-04], device='cuda:0')
probs reshaped torch.Size([1, 240, 100])
probs tensor([[26.9688, 27.9531, 27.7500,  ..., 27.2500, 27.8906, 25.0781],
        [27.2031, 27.3125, 27.5000,  ..., 25.3438, 28.4062, 25.2500],
        [27.7656, 28.1719, 26.3906,  ..., 27.0625, 28.2656, 26.9219],
        ...,
        [25.7344, 27.0469, 28.5781,  ..., 27.1719, 28.7812, 24.3906],
        [25.9688, 26.9219, 28.8906,  ..., 26.9688, 29.5156, 24.3750],
        [26.7031, 27.9688, 29.2969,  ..., 27.6094, 30.3438, 24.8750]],
       device='cuda:0', dtype=torch.float16)
img shape torch.Size([1, 240, 3, 224, 224])
img shape torch.Size([1, 240, 3, 224, 224])
shape of clip output torch.Size([240, 100]) torch.Size([100, 240])
logits_per_image tensor([21.9375, 23.5156, 28.5312, 27.4531, 26.6875, 26.4219, 25.2500, 22.9688,
        25.5938, 24.6250, 27.7031, 23.9062, 27.4688, 27.2188, 27.0781, 22.4375,
        20.2812, 34.0000, 30.2344, 27.6406, 27.2344, 21.1094, 25.8594, 21.7812,
        23.9219, 28.0469, 28.7969, 30.6406, 30.0938, 29.7969, 28.0000, 22.0000,
        22.6875, 28.7188, 20.1875, 21.9688, 29.8125, 28.6094, 18.0469, 22.1250,
        23.3125, 23.2656, 20.2344, 20.4688, 21.7500, 25.8125, 20.6562, 21.4375,
        24.7031, 22.7344, 21.4062, 25.7969, 19.7500, 20.1562, 24.4062, 26.9844,
        21.4375, 23.8125, 28.0781, 22.3438, 19.5781, 21.7969, 21.1719, 27.6094,
        20.2812, 27.6875, 21.6406, 21.2344, 21.6562, 24.4844, 28.7031, 29.7188,
        20.5469, 21.0000, 27.2656, 21.9062, 21.7344, 21.0625, 23.3594, 27.3281,
        26.4844, 23.0781, 20.5156, 28.7812, 27.7500, 24.2344, 27.3750, 24.6875,
        23.4062, 26.5000, 27.2656, 27.6250, 20.2344, 28.6719, 23.4844, 20.0781,
        28.4062, 26.1719, 28.8750, 19.7969], device='cuda:1',
       dtype=torch.float16)
probs shape torch.Size([240, 100])
probs tensor([4.8036e-06, 2.3278e-05, 3.5091e-03, 1.1939e-03, 5.5522e-04, 4.2570e-04,
        1.3188e-04, 1.3472e-05, 1.8598e-04, 7.0589e-05, 1.5330e-03, 3.4402e-05,
        1.2127e-03, 9.4447e-04, 8.2057e-04, 7.9198e-06, 9.1679e-07, 8.3223e-01,
        1.9269e-02, 1.4401e-03, 9.5934e-04, 2.0985e-06, 2.4256e-04, 4.1088e-06,
        3.4944e-05, 2.1619e-03, 4.5767e-03, 2.8926e-02, 1.6741e-02, 1.2441e-02,
        2.0629e-03, 5.1134e-06, 1.0169e-05, 4.2328e-03, 8.3474e-07, 4.9561e-06,
        1.2637e-02, 3.7943e-03, 9.8150e-08, 5.7943e-06, 1.8999e-05, 1.8129e-05,
        8.7480e-07, 1.1059e-06, 3.9823e-06, 2.3145e-04, 1.3339e-06, 2.9135e-06,
        7.6325e-05, 1.0657e-05, 2.8239e-06, 2.2786e-04, 5.3895e-07, 8.0906e-07,
        5.6720e-05, 7.4713e-04, 2.9135e-06, 3.1324e-05, 2.2305e-03, 7.2111e-06,
        4.5384e-07, 4.1735e-06, 2.2339e-06, 1.3958e-03, 9.1679e-07, 1.5093e-03,
        3.5697e-06, 2.3780e-06, 3.6260e-06, 6.1328e-05, 4.1672e-03, 1.1506e-02,
        1.1957e-06, 1.8811e-06, 9.8979e-04, 4.6558e-06, 3.9206e-06, 2.0024e-06,
        1.9910e-05, 1.0536e-03, 4.5316e-04, 1.5029e-05, 1.1589e-06, 4.5058e-03,
        1.6066e-03, 4.7763e-05, 1.1042e-03, 7.5141e-05, 2.0866e-05, 4.6030e-04,
        9.8979e-04, 1.4178e-03, 8.7480e-07, 4.0390e-03, 2.2561e-05, 7.4826e-07,
        3.0968e-03, 3.3154e-04, 4.9486e-03, 5.6482e-07], device='cuda:1')
probs reshaped torch.Size([1, 240, 100])
probs tensor([[21.9375, 23.5156, 28.5312,  ..., 26.1719, 28.8750, 19.7969],
        [22.5000, 23.9219, 28.1875,  ..., 26.0312, 29.1094, 20.7031],
        [22.1562, 23.4688, 27.7500,  ..., 25.4844, 28.1719, 20.5312],
        ...,
        [20.8438, 22.4531, 28.1875,  ..., 26.1094, 28.0000, 18.7969],
        [19.4219, 21.4062, 27.1875,  ..., 26.1562, 28.0625, 17.7031],
        [21.1562, 22.8438, 28.4062,  ..., 26.4688, 28.4688, 18.9375]],
       device='cuda:1', dtype=torch.float16)
shape of clip output torch.Size([240, 100]) torch.Size([100, 240])
logits_per_image tensor([24.4844, 25.7188, 28.8281, 28.4375, 26.7188, 28.2656, 27.1875, 25.7500,
        26.7344, 25.5625, 29.1250, 25.9375, 28.3906, 26.2812, 25.1094, 24.0312,
        24.1250, 29.2344, 30.1562, 29.9531, 28.5312, 24.5156, 27.7656, 23.2656,
        25.8281, 27.6875, 29.0469, 29.6562, 29.1250, 29.9688, 28.3438, 24.4375,
        24.5156, 28.9844, 22.5938, 23.8594, 29.7344, 28.3281, 22.5469, 23.6094,
        24.9688, 25.4375, 22.3750, 23.7188, 24.0156, 27.7969, 21.1406, 23.7031,
        26.1094, 25.3125, 24.2188, 26.2812, 22.2500, 22.4531, 26.9688, 27.3281,
        24.6406, 26.7812, 27.2188, 23.9531, 23.8281, 23.5938, 24.4531, 29.6562,
        21.7656, 28.8281, 24.2188, 23.6250, 23.7656, 25.2812, 28.8125, 30.8438,
        23.4844, 23.8906, 27.3594, 24.3906, 24.3594, 23.9375, 24.0938, 28.1406,
        27.9062, 25.0781, 23.0625, 28.5938, 25.9688, 24.7500, 29.4062, 27.4062,
        25.1562, 28.1250, 27.6406, 28.6250, 24.1719, 28.5938, 24.8438, 23.2500,
        28.2969, 26.9688, 29.6094, 22.2656], device='cuda:0',
       dtype=torch.float16)
probs shape torch.Size([240, 100])
probs tensor([2.5749e-04, 8.8480e-04, 1.9826e-02, 1.3415e-02, 2.4051e-03, 1.1296e-02,
        3.8434e-03, 9.1289e-04, 2.4430e-03, 7.5681e-04, 2.6679e-02, 1.1012e-03,
        1.2800e-02, 1.5529e-03, 4.8106e-04, 1.6367e-04, 1.7976e-04, 2.9762e-02,
        7.4822e-02, 6.1068e-02, 1.4733e-02, 2.6567e-04, 6.8516e-03, 7.6115e-05,
        9.8707e-04, 6.3367e-03, 2.4674e-02, 4.5382e-02, 2.6679e-02, 6.2029e-02,
        1.2214e-02, 2.4570e-04, 2.6567e-04, 2.3179e-02, 3.8875e-05, 1.3783e-04,
        4.9069e-02, 1.2025e-02, 3.7095e-05, 1.0734e-04, 4.1795e-04, 6.6788e-04,
        3.1237e-05, 1.1974e-04, 1.6113e-04, 7.0691e-03, 9.0906e-06, 1.1789e-04,
        1.3077e-03, 5.8941e-04, 1.9743e-04, 1.5529e-03, 2.7567e-05, 3.3776e-05,
        3.0883e-03, 4.4237e-03, 3.0104e-04, 2.5603e-03, 3.9654e-03, 1.5137e-04,
        1.3359e-04, 1.0567e-04, 2.4957e-04, 4.5382e-02, 1.6983e-05, 1.9826e-02,
        1.9743e-04, 1.0903e-04, 1.2549e-04, 5.7127e-04, 1.9518e-02, 1.4880e-01,
        9.4726e-05, 1.4220e-04, 4.5642e-03, 2.3445e-04, 2.2724e-04, 1.4902e-04,
        1.7423e-04, 9.9690e-03, 7.8862e-03, 4.6626e-04, 6.2123e-05, 1.5683e-02,
        1.1361e-03, 3.3583e-04, 3.5343e-02, 4.7832e-03, 5.0415e-04, 9.8145e-03,
        6.0465e-03, 1.6181e-02, 1.8839e-04, 1.5683e-02, 3.6884e-04, 7.4934e-05,
        1.1655e-02, 3.0883e-03, 4.3304e-02, 2.8001e-05], device='cuda:0')
probs reshaped torch.Size([1, 240, 100])
probs tensor([[24.4844, 25.7188, 28.8281,  ..., 26.9688, 29.6094, 22.2656],
        [24.2969, 25.2344, 28.1875,  ..., 26.0781, 28.0781, 21.6875],
        [24.6250, 26.0469, 29.0625,  ..., 26.4375, 28.5938, 22.5781],
        ...,
        [23.9375, 24.7500, 27.4062,  ..., 26.2500, 27.8281, 22.8125],
        [21.9375, 22.5625, 27.0469,  ..., 25.0469, 26.5781, 19.9688],
        [22.7969, 24.0000, 27.5312,  ..., 25.5938, 26.6875, 21.7500]],
       device='cuda:0', dtype=torch.float16)
img shape torch.Size([1, 240, 3, 224, 224])
img shape torch.Size([1, 240, 3, 224, 224])
shape of clip output torch.Size([240, 100]) torch.Size([100, 240])
logits_per_image tensor([26.3594, 28.3281, 28.9531, 28.4062, 28.4062, 29.0938, 29.3438, 27.6250,
        28.3438, 28.8281, 28.3438, 26.6875, 28.7188, 28.4219, 26.7344, 27.2031,
        26.0156, 29.7969, 31.1250, 29.2969, 27.8750, 26.9062, 27.5938, 25.9844,
        28.8125, 28.3594, 31.0312, 31.4219, 30.4531, 29.4531, 30.0312, 27.9375,
        26.7031, 28.2656, 25.6562, 27.5625, 30.0781, 30.8125, 24.7656, 25.3438,
        27.3125, 27.6406, 24.6250, 25.6562, 26.4688, 27.8438, 25.4844, 26.5156,
        28.8125, 28.0938, 26.3281, 29.3125, 25.5938, 25.0625, 29.3594, 27.4531,
        27.6094, 28.7812, 25.5625, 25.8594, 26.4062, 26.0312, 26.9375, 27.5781,
        26.2344, 28.7031, 25.1719, 26.9062, 25.7500, 27.3438, 28.2344, 30.9844,
        24.2969, 25.4219, 28.5156, 26.3438, 26.6875, 26.2031, 26.1562, 28.4062,
        26.6094, 28.3125, 25.6094, 29.7969, 29.0625, 25.7969, 29.9531, 29.6562,
        27.8438, 30.4531, 28.7500, 27.8750, 26.2500, 28.8438, 27.5469, 24.4062,
        28.2812, 27.4375, 29.4844, 25.0938], device='cuda:1',
       dtype=torch.float16)
probs shape torch.Size([240, 100])
probs tensor([7.4310e-04, 5.3218e-03, 9.9425e-03, 5.7543e-03, 5.7543e-03, 1.1444e-02,
        1.4694e-02, 2.6345e-03, 5.4057e-03, 8.7742e-03, 5.4057e-03, 1.0317e-03,
        7.8652e-03, 5.8449e-03, 1.0812e-03, 1.7278e-03, 5.2693e-04, 2.3117e-02,
        8.7243e-02, 1.4021e-02, 3.3828e-03, 1.2840e-03, 2.5535e-03, 5.1072e-04,
        8.6382e-03, 5.4908e-03, 7.9436e-02, 1.1740e-01, 4.4559e-02, 1.6392e-02,
        2.9223e-02, 3.6009e-03, 1.0479e-03, 4.9994e-03, 3.6786e-04, 2.4749e-03,
        3.0625e-02, 6.3828e-02, 1.5097e-04, 2.6913e-04, 1.9274e-03, 2.6760e-03,
        1.3116e-04, 3.6786e-04, 8.2898e-04, 3.2787e-03, 3.0977e-04, 8.6877e-04,
        8.6382e-03, 4.2099e-03, 7.2023e-04, 1.4242e-02, 3.4557e-04, 2.0315e-04,
        1.4925e-02, 2.2185e-03, 2.5937e-03, 8.3724e-03, 3.3494e-04, 4.5071e-04,
        7.7876e-04, 5.3523e-04, 1.3247e-03, 2.5139e-03, 6.5578e-04, 7.7432e-03,
        2.2663e-04, 1.2840e-03, 4.0401e-04, 1.9886e-03, 4.8456e-03, 7.5798e-02,
        9.4474e-05, 2.9100e-04, 6.4194e-03, 7.3158e-04, 1.0317e-03, 6.3560e-04,
        6.0650e-04, 5.7543e-03, 9.5415e-04, 5.2393e-03, 3.5101e-04, 2.3117e-02,
        1.1092e-02, 4.2340e-04, 2.7027e-02, 2.0084e-02, 3.2787e-03, 4.4559e-02,
        8.1149e-03, 3.3828e-03, 6.6611e-04, 8.9124e-03, 2.4365e-03, 1.0539e-04,
        5.0781e-03, 2.1841e-03, 1.6913e-02, 2.0960e-04], device='cuda:1')
probs reshaped torch.Size([1, 240, 100])
probs tensor([[26.3594, 28.3281, 28.9531,  ..., 27.4375, 29.4844, 25.0938],
        [25.3906, 26.7812, 27.6250,  ..., 27.1094, 27.9531, 23.6875],
        [26.5156, 28.6562, 28.6250,  ..., 27.8594, 28.0156, 23.7188],
        ...,
        [21.8906, 24.3594, 28.0000,  ..., 27.4844, 27.7656, 21.1250],
        [22.7031, 24.7500, 28.4688,  ..., 27.2500, 27.6406, 21.6875],
        [23.4531, 26.0312, 28.1875,  ..., 27.1406, 27.8281, 22.6406]],
       device='cuda:1', dtype=torch.float16)
shape of clip output torch.Size([240, 100]) torch.Size([100, 240])
logits_per_image tensor([24.9375, 25.9062, 29.0000, 28.6719, 29.0312, 26.8125, 27.9844, 25.5156,
        28.0781, 27.8438, 27.7812, 23.8281, 28.5469, 27.6250, 30.4531, 23.8281,
        23.4219, 35.1875, 30.9531, 28.4062, 27.1562, 24.5000, 25.6406, 23.7188,
        26.6250, 29.0781, 30.0625, 32.8438, 32.3750, 29.8125, 30.1250, 26.3125,
        25.3594, 28.3438, 22.8281, 26.0156, 32.4375, 30.3438, 20.2188, 23.9688,
        26.1406, 24.6719, 22.8594, 22.9219, 24.3125, 26.9688, 22.5156, 24.1406,
        27.5000, 26.6406, 23.5312, 28.4844, 22.3281, 22.4219, 27.4844, 27.1562,
        24.3906, 25.3594, 29.0312, 24.7188, 23.5625, 24.1875, 23.7812, 27.3750,
        22.9219, 28.2812, 24.3281, 23.4219, 23.7812, 26.3281, 28.5781, 31.4688,
        21.8438, 22.8594, 28.4531, 24.9531, 23.6719, 23.5938, 25.3125, 28.4531,
        26.5781, 27.1094, 22.9531, 29.0312, 29.2969, 26.6719, 29.1094, 27.1250,
        25.2969, 28.1406, 28.5938, 27.5625, 22.9531, 28.2500, 24.3125, 22.5000,
        27.8906, 25.6562, 29.3906, 21.9688], device='cuda:0',
       dtype=torch.float16)
probs shape torch.Size([240, 100])
probs tensor([2.6486e-05, 6.9781e-05, 1.5393e-03, 1.1087e-03, 1.5882e-03, 1.7271e-04,
        5.5751e-04, 4.7216e-05, 6.1231e-04, 4.8437e-04, 4.5503e-04, 8.7341e-06,
        9.7846e-04, 3.8921e-04, 6.5829e-03, 8.7341e-06, 5.8182e-06, 7.4909e-01,
        1.0853e-02, 8.5010e-04, 2.4356e-04, 1.7101e-05, 5.3503e-05, 7.8292e-06,
        1.4318e-04, 1.6644e-03, 4.4542e-03, 7.1888e-02, 4.4986e-02, 3.4690e-03,
        4.7415e-03, 1.0475e-04, 4.0386e-05, 7.9860e-04, 3.2131e-06, 7.7846e-05,
        4.7887e-02, 5.9009e-03, 2.3642e-07, 1.0053e-05, 8.8211e-05, 2.0307e-05,
        3.3151e-06, 3.5289e-06, 1.4177e-05, 2.0192e-04, 2.3507e-06, 1.1938e-05,
        3.4347e-04, 1.4544e-04, 6.4906e-06, 9.1918e-04, 1.9488e-06, 2.1404e-06,
        3.3815e-04, 2.4356e-04, 1.5329e-05, 4.0386e-05, 1.5882e-03, 2.1282e-05,
        6.6967e-06, 1.2511e-05, 8.3341e-06, 3.0311e-04, 3.5289e-06, 7.5021e-04,
        1.4400e-05, 5.8182e-06, 8.3341e-06, 1.0640e-04, 1.0095e-03, 1.8176e-02,
        1.2006e-06, 3.3151e-06, 8.9090e-04, 2.6903e-05, 7.4707e-06, 6.9092e-06,
        3.8537e-05, 8.9090e-04, 1.3662e-04, 2.3241e-04, 3.6409e-06, 1.5882e-03,
        2.0714e-03, 1.5005e-04, 1.7173e-03, 2.3607e-04, 3.7939e-05, 6.5180e-04,
        1.0254e-03, 3.6563e-04, 3.6409e-06, 7.2713e-04, 1.4177e-05, 2.3143e-06,
        5.0762e-04, 5.4345e-05, 2.2750e-03, 1.3605e-06], device='cuda:0')
probs reshaped torch.Size([1, 240, 100])
probs tensor([[24.9375, 25.9062, 29.0000,  ..., 25.6562, 29.3906, 21.9688],
        [23.0312, 24.6406, 28.9688,  ..., 26.2188, 29.7031, 21.4062],
        [24.4688, 25.9844, 28.5625,  ..., 26.5469, 30.1562, 22.7656],
        ...,
        [24.1562, 24.9219, 28.7344,  ..., 25.6719, 28.8281, 22.1406],
        [23.9219, 24.3594, 29.0625,  ..., 24.9844, 29.4062, 20.7969],
        [25.4062, 26.3750, 28.9062,  ..., 25.6406, 28.4688, 23.7031]],
       device='cuda:0', dtype=torch.float16)
img shape torch.Size([1, 240, 3, 224, 224])
img shape torch.Size([1, 240, 3, 224, 224])
shape of clip output torch.Size([240, 100]) torch.Size([100, 240])
logits_per_image tensor([23.5938, 24.3906, 27.3281, 25.8594, 26.3750, 25.6094, 26.1875, 23.7812,
        26.9844, 25.5312, 27.5938, 22.7656, 27.5000, 27.1719, 27.5156, 23.6875,
        21.5469, 30.4219, 30.2812, 27.5312, 24.8125, 22.4688, 24.6562, 21.7031,
        25.1406, 26.9062, 29.1094, 30.0781, 29.2188, 27.8281, 27.6094, 23.8281,
        23.2344, 28.4531, 20.8906, 24.0938, 28.9531, 28.1406, 20.0938, 23.0156,
        23.5938, 23.3438, 21.2031, 21.0156, 21.9531, 25.5312, 21.1250, 22.5156,
        25.5156, 23.2344, 22.1094, 27.1250, 20.3125, 20.6562, 25.3594, 26.8594,
        23.2031, 25.1250, 28.8281, 22.9844, 21.7188, 22.2031, 22.5938, 26.2656,
        21.3906, 27.5938, 21.4219, 22.6562, 23.0312, 25.0000, 27.9688, 29.7188,
        20.8906, 20.9844, 28.0156, 22.3906, 22.7656, 20.7969, 23.6094, 26.5781,
        26.1719, 24.5000, 21.3906, 27.7656, 28.1094, 26.5625, 27.3594, 25.3125,
        23.9531, 26.9688, 27.7500, 27.0625, 20.9688, 28.5469, 23.0469, 20.8125,
        27.5625, 24.5625, 28.0000, 20.5469], device='cuda:1',
       dtype=torch.float16)
probs shape torch.Size([240, 100])
probs tensor([1.8104e-04, 4.0166e-04, 7.5789e-03, 1.7448e-03, 2.9219e-03, 1.3588e-03,
        2.4223e-03, 2.1838e-04, 5.3742e-03, 1.2567e-03, 9.8847e-03, 7.9092e-05,
        9.0001e-03, 6.4825e-03, 9.1418e-03, 1.9884e-04, 2.3380e-05, 1.6719e-01,
        1.4525e-01, 9.2858e-03, 6.1247e-04, 5.8776e-05, 5.2387e-04, 2.7334e-05,
        8.5032e-04, 4.9703e-03, 4.4998e-02, 1.1855e-01, 5.0199e-02, 1.2495e-02,
        1.0040e-02, 2.2886e-04, 1.2639e-04, 2.3345e-02, 1.2129e-05, 2.9849e-04,
        3.8489e-02, 1.7079e-02, 5.4671e-06, 1.0156e-04, 1.8104e-04, 1.4100e-04,
        1.6579e-05, 1.3744e-05, 3.5097e-05, 1.2567e-03, 1.5333e-05, 6.1597e-05,
        1.2372e-03, 1.2639e-04, 4.1033e-05, 6.1857e-03, 6.8039e-06, 9.5950e-06,
        1.0582e-03, 4.7427e-03, 1.2250e-04, 8.3714e-04, 3.3966e-02, 9.8432e-05,
        2.7764e-05, 4.5065e-05, 6.6602e-05, 2.6192e-03, 1.9998e-05, 9.8847e-03,
        2.0632e-05, 7.0898e-05, 1.0316e-04, 7.3877e-04, 1.4382e-02, 8.2763e-02,
        1.2129e-05, 1.3321e-05, 1.5072e-02, 5.4359e-05, 7.9092e-05, 1.1044e-05,
        1.8390e-04, 3.5800e-03, 2.3848e-03, 4.4809e-04, 1.9998e-05, 1.1738e-02,
        1.6554e-02, 3.5245e-03, 7.8194e-03, 1.0098e-03, 2.5933e-04, 5.2909e-03,
        1.1556e-02, 5.8109e-03, 1.3115e-05, 2.5639e-02, 1.0478e-04, 1.1218e-05,
        9.5806e-03, 4.7699e-04, 1.4839e-02, 8.6009e-06], device='cuda:1')
probs reshaped torch.Size([1, 240, 100])
probs tensor([[23.5938, 24.3906, 27.3281,  ..., 24.5625, 28.0000, 20.5469],
        [23.7031, 24.6719, 27.2344,  ..., 24.2344, 28.0469, 20.0625],
        [22.9531, 24.2188, 26.3906,  ..., 24.1875, 27.5625, 19.5156],
        ...,
        [22.7500, 24.1562, 28.5469,  ..., 25.5938, 27.9531, 22.3281],
        [22.5312, 23.5156, 28.1875,  ..., 24.9062, 28.1875, 20.7969],
        [22.2188, 23.5469, 27.6875,  ..., 25.0312, 27.9062, 21.0156]],
       device='cuda:1', dtype=torch.float16)
shape of clip output torch.Size([240, 100]) torch.Size([100, 240])
logits_per_image tensor([22.7969, 23.9688, 28.1562, 26.8750, 25.2500, 28.0156, 26.7969, 24.6875,
        27.2812, 25.6719, 26.7969, 25.4375, 26.4062, 27.5000, 30.2656, 23.6719,
        21.6719, 31.8594, 29.3438, 27.1406, 27.7500, 22.9375, 26.4688, 22.1875,
        24.9219, 27.0312, 29.9062, 30.4844, 29.6094, 28.6094, 28.2031, 23.6094,
        24.2188, 27.0156, 20.1719, 23.8750, 29.1250, 29.5156, 19.6875, 20.3438,
        23.9375, 23.1250, 20.7031, 22.0781, 22.2969, 25.2812, 22.0781, 22.4844,
        24.9844, 23.7656, 21.5938, 29.5781, 20.3906, 21.0000, 25.6406, 25.3281,
        22.5156, 24.3125, 30.5781, 22.2500, 21.4844, 23.7656, 21.9062, 26.3594,
        21.4219, 27.8125, 20.9844, 23.6250, 21.6094, 23.9062, 27.2031, 29.6719,
        22.4531, 22.0938, 29.5938, 23.4844, 22.6094, 24.4531, 24.2031, 26.2344,
        28.5938, 23.8125, 21.5781, 27.7812, 27.7656, 28.3594, 27.4531, 25.1875,
        23.8594, 26.6094, 28.0000, 25.7969, 21.0625, 28.3125, 22.1875, 21.9062,
        27.5312, 25.1250, 28.3906, 21.1875], device='cuda:0',
       dtype=torch.float16)
probs shape torch.Size([240, 100])
probs tensor([3.8423e-05, 1.2403e-04, 8.1685e-03, 2.2683e-03, 4.4665e-04, 7.0969e-03,
        2.0978e-03, 2.5450e-04, 3.4051e-03, 6.8107e-04, 2.0978e-03, 5.3877e-04,
        1.4195e-03, 4.2377e-03, 6.7333e-02, 9.2172e-05, 1.2474e-05, 3.3143e-01,
        2.6783e-02, 2.9584e-03, 5.4414e-03, 4.4225e-05, 1.5110e-03, 2.0890e-05,
        3.2171e-04, 2.6519e-03, 4.7006e-02, 8.3798e-02, 3.4932e-02, 1.2851e-02,
        8.5605e-03, 8.6588e-05, 1.5926e-04, 2.6108e-03, 2.7834e-06, 1.1293e-04,
        2.1521e-02, 3.1806e-02, 1.7148e-06, 3.3053e-06, 1.2022e-04, 5.3345e-05,
        4.7347e-06, 1.8726e-05, 2.3305e-05, 4.6083e-04, 1.8726e-05, 2.8111e-05,
        3.4246e-04, 1.0123e-04, 1.1537e-05, 3.3857e-02, 3.4640e-06, 6.3712e-06,
        6.6011e-04, 4.8295e-04, 2.9003e-05, 1.7491e-04, 9.2034e-02, 2.2238e-05,
        1.0341e-05, 1.0123e-04, 1.5769e-05, 1.3545e-03, 9.7149e-06, 5.7923e-03,
        6.2724e-06, 8.7951e-05, 1.1718e-05, 1.1652e-04, 3.1492e-03, 3.7185e-02,
        2.7246e-05, 1.9021e-05, 3.4390e-02, 7.6414e-05, 3.1854e-05, 2.0132e-04,
        1.5679e-04, 1.1953e-03, 1.2652e-02, 1.0609e-04, 1.1358e-05, 5.6141e-03,
        5.5271e-03, 1.0008e-02, 4.0437e-03, 4.1959e-04, 1.1118e-04, 1.7392e-03,
        6.9869e-03, 7.7175e-04, 6.7821e-06, 9.5499e-03, 2.0890e-05, 1.5769e-05,
        4.3723e-03, 3.9417e-04, 1.0326e-02, 7.6851e-06], device='cuda:0')
probs reshaped torch.Size([1, 240, 100])
probs tensor([[22.7969, 23.9688, 28.1562,  ..., 25.1250, 28.3906, 21.1875],
        [22.8438, 23.6875, 27.2188,  ..., 24.1094, 27.0312, 21.1094],
        [23.9062, 25.3438, 28.0000,  ..., 25.6094, 27.5938, 22.3906],
        ...,
        [23.7344, 25.3125, 27.9375,  ..., 26.5625, 28.2969, 22.2500],
        [24.0469, 25.5312, 28.1406,  ..., 26.7344, 28.5000, 22.0469],
        [24.0938, 25.4219, 28.3750,  ..., 27.0312, 29.1562, 22.3125]],
       device='cuda:0', dtype=torch.float16)
img shape torch.Size([1, 240, 3, 224, 224])
img shape torch.Size([1, 240, 3, 224, 224])
shape of clip output torch.Size([240, 100]) torch.Size([100, 240])
logits_per_image tensor([24.2188, 25.4531, 28.5781, 27.5156, 26.1250, 26.0781, 26.1250, 24.8750,
        27.2969, 25.9219, 27.9375, 22.4844, 28.0000, 28.3281, 24.5312, 23.2812,
        23.3906, 28.8906, 30.5938, 28.0156, 26.4219, 24.1406, 23.9062, 22.6406,
        25.5625, 27.7969, 29.8281, 30.6719, 29.7500, 29.8438, 28.9844, 24.7188,
        24.2031, 28.7344, 22.7344, 23.8438, 29.8750, 29.2656, 21.0781, 23.9688,
        24.7969, 24.5000, 22.3750, 22.7656, 23.5312, 27.1875, 21.2969, 23.2344,
        26.0938, 24.4531, 22.5156, 26.9219, 22.3438, 21.5625, 26.7188, 28.0000,
        24.8750, 25.0938, 27.6562, 24.0156, 23.5781, 22.9531, 23.0781, 27.6094,
        21.6562, 28.7812, 23.6562, 22.7344, 23.0312, 25.3281, 28.5781, 31.4688,
        21.4062, 22.0781, 27.5156, 24.0469, 23.5469, 21.6094, 25.5000, 28.2344,
        27.5156, 25.3125, 22.9062, 28.4375, 28.0312, 24.8438, 28.1719, 25.9531,
        25.0312, 27.4688, 27.7031, 28.0781, 23.1875, 28.5469, 23.4062, 21.6406,
        28.3906, 25.7656, 30.5625, 21.7031], device='cuda:1',
       dtype=torch.float16)
probs shape torch.Size([240, 100])
probs tensor([1.6505e-04, 5.6714e-04, 1.2908e-02, 4.4609e-03, 1.1104e-03, 1.0596e-03,
        1.1104e-03, 3.1814e-04, 3.5844e-03, 9.0629e-04, 6.8021e-03, 2.9133e-05,
        7.2408e-03, 1.0053e-02, 2.2559e-04, 6.4634e-05, 7.2104e-05, 1.7643e-02,
        9.6881e-02, 7.3548e-03, 1.4942e-03, 1.5264e-04, 1.2075e-04, 3.4060e-05,
        6.3269e-04, 5.9098e-03, 4.5054e-02, 1.0475e-01, 4.1668e-02, 4.5763e-02,
        1.9377e-02, 2.7212e-04, 1.6249e-04, 1.5091e-02, 3.7407e-05, 1.1344e-04,
        4.7216e-02, 2.5671e-02, 7.1393e-06, 1.2854e-04, 2.9423e-04, 2.1865e-04,
        2.6114e-05, 3.8595e-05, 8.2991e-05, 3.2131e-03, 8.8850e-06, 6.1674e-05,
        1.0762e-03, 2.0864e-04, 3.0057e-05, 2.4636e-03, 2.5311e-05, 1.1588e-05,
        2.0107e-03, 7.2408e-03, 3.1814e-04, 3.9593e-04, 5.1345e-03, 1.3471e-04,
        8.6974e-05, 4.6554e-05, 5.2752e-05, 4.8994e-03, 1.2727e-05, 1.5815e-02,
        9.4041e-05, 3.7407e-05, 5.0337e-05, 5.0050e-04, 1.2908e-02, 2.3240e-01,
        9.9119e-06, 1.9407e-05, 4.4609e-03, 1.3898e-04, 8.4298e-05, 1.2144e-05,
        5.9436e-04, 9.1532e-03, 4.4609e-03, 4.9274e-04, 4.4422e-05, 1.1215e-02,
        7.4706e-03, 3.0835e-04, 8.5986e-03, 9.3506e-04, 3.7194e-04, 4.2566e-03,
        5.3809e-03, 7.8292e-03, 5.8850e-05, 1.2511e-02, 7.3240e-05, 1.2530e-05,
        1.0701e-02, 7.7519e-04, 9.3900e-02, 1.3338e-05], device='cuda:1')
probs reshaped torch.Size([1, 240, 100])
probs tensor([[24.2188, 25.4531, 28.5781,  ..., 25.7656, 30.5625, 21.7031],
        [24.0312, 25.8438, 28.6562,  ..., 26.5312, 31.3594, 22.8125],
        [23.8750, 25.3594, 28.4062,  ..., 26.6094, 31.4219, 22.0625],
        ...,
        [26.2188, 27.2500, 27.5938,  ..., 28.0469, 29.6719, 23.8750],
        [25.1406, 26.2969, 28.0469,  ..., 27.2500, 30.0625, 23.0938],
        [25.8750, 27.4531, 27.0625,  ..., 28.4219, 29.3438, 24.8906]],
       device='cuda:1', dtype=torch.float16)
shape of clip output torch.Size([240, 100]) torch.Size([100, 240])
logits_per_image tensor([23.8438, 25.7500, 29.0938, 27.8594, 27.1406, 28.1094, 26.9844, 25.5625,
        27.7656, 27.0781, 27.7656, 24.8906, 28.6562, 29.6562, 26.0469, 23.9062,
        22.9375, 29.1875, 30.2344, 27.7500, 28.2188, 24.4688, 25.3281, 21.6094,
        26.0938, 28.6562, 30.7656, 30.5000, 29.2812, 30.8125, 29.4844, 25.0156,
        25.3438, 27.9375, 22.9219, 23.8906, 29.8906, 29.2656, 22.3750, 23.8438,
        26.1719, 25.3906, 23.2656, 24.0781, 25.0781, 27.9844, 22.8594, 24.3750,
        25.9844, 25.2812, 23.7656, 27.7500, 22.1094, 20.9062, 26.4531, 25.8906,
        24.9844, 25.8594, 26.3125, 25.0156, 23.7031, 24.0781, 24.0469, 28.1094,
        21.8438, 27.5625, 24.7812, 22.8125, 22.6719, 24.5000, 27.3438, 31.3906,
        22.2188, 23.8594, 28.6719, 25.4375, 23.6875, 21.7500, 26.9062, 25.7656,
        26.6406, 25.5000, 22.9219, 27.6719, 29.5625, 23.7500, 28.8594, 27.2812,
        25.4219, 28.0938, 29.5000, 25.9062, 24.1094, 27.7500, 24.4062, 22.7969,
        27.5938, 25.2344, 31.7188, 21.8906], device='cuda:0',
       dtype=torch.float16)
probs shape torch.Size([240, 100])
probs tensor([8.1988e-05, 5.5160e-04, 1.5624e-02, 4.5469e-03, 2.2160e-03, 5.8383e-03,
        1.8954e-03, 4.5729e-04, 4.1400e-03, 2.0817e-03, 4.1400e-03, 2.3356e-04,
        1.0088e-02, 2.7421e-02, 7.4226e-04, 8.7276e-05, 3.3126e-05, 1.7160e-02,
        4.8884e-02, 4.0758e-03, 6.5131e-03, 1.5317e-04, 3.6175e-04, 8.7776e-06,
        7.7788e-04, 1.0088e-02, 8.3154e-02, 6.3756e-02, 1.8846e-02, 8.7145e-02,
        2.3091e-02, 2.6466e-04, 3.6744e-04, 4.9164e-03, 3.2613e-05, 8.5923e-05,
        3.4664e-02, 1.8554e-02, 1.8875e-05, 8.1988e-05, 8.4109e-04, 3.8508e-04,
        4.5991e-05, 1.0364e-04, 2.8173e-04, 5.1523e-03, 3.0637e-05, 1.3947e-04,
        6.9729e-04, 3.4518e-04, 7.5827e-05, 4.0758e-03, 1.4472e-05, 4.3452e-06,
        1.1143e-03, 6.3489e-04, 2.5652e-04, 6.1535e-04, 9.6809e-04, 2.6466e-04,
        7.1232e-05, 1.0364e-04, 1.0045e-04, 5.8383e-03, 1.1096e-05, 3.3790e-03,
        2.0936e-04, 2.9234e-05, 2.5399e-05, 1.5804e-04, 2.7151e-03, 1.5535e-01,
        1.6144e-05, 8.3279e-05, 1.0247e-02, 4.0356e-04, 7.0128e-05, 1.0103e-05,
        1.7530e-03, 5.6029e-04, 1.3441e-03, 4.2959e-04, 3.2613e-05, 3.7695e-03,
        2.4967e-02, 7.4651e-05, 1.2360e-02, 2.5506e-03, 3.9730e-04, 5.7478e-03,
        2.3455e-02, 6.4489e-04, 1.0693e-04, 4.0758e-03, 1.4389e-04, 2.8780e-05,
        3.4862e-03, 3.2938e-04, 2.1568e-01, 1.1628e-05], device='cuda:0')
probs reshaped torch.Size([1, 240, 100])
probs tensor([[23.8438, 25.7500, 29.0938,  ..., 25.2344, 31.7188, 21.8906],
        [23.5469, 25.6719, 30.1406,  ..., 25.8125, 31.7656, 21.4062],
        [23.2344, 24.7188, 29.1719,  ..., 25.5469, 32.9688, 21.7344],
        ...,
        [23.3750, 24.7656, 26.7969,  ..., 26.4531, 28.0000, 23.3594],
        [23.4375, 24.9375, 26.9688,  ..., 26.7969, 27.9219, 22.5625],
        [24.0156, 25.8438, 27.4844,  ..., 26.9219, 28.1406, 22.7812]],
       device='cuda:0', dtype=torch.float16)
Predicting DataLoader 0: 100%|████████████████████| 6/6 [00:07<00:00,  0.85it/s]
Prediction completate, CSV salvati in: /kaggle/working/ckpts_final_com